index,Domain,level1,prompts,level2,level3,user_group,extracted_occupations,extracted_Demographics,extracted_Country,user_case,model_modality,paper_content,url,tone
0,Culture,Cultural Heritage Preservation And Management,A visual guide illustrating advice for Jewish Roma women in Europe on protecting family heirlooms and intangible heritage from cultural destruction and forced displacement.,Conflict,"Destruction, Displacement, Dispossession",Heritage Professionals,['Civilians'],"['Jewish Roma Peoples', 'Yazidi Communities', 'Women']","['Luxembourg', 'Syria', 'Iraq']",advice seeking,text-to-video,"['Title: Cultural Heritage on the Frontline: the destruction of peoples and identities in war', 'Occupation: Civilians', 'Demographics: Jewish and Roma peoples, Yazidi communities, Women', 'Country: Europe, Iraq, Syria']",['https://vertexaisearch.cloud.google.com/grounding-api-redirect/AUZIYQFMQUxUEuSxftjr86bPukx3RnUSMliM6Fb_fgmoxBrgm2SrvIhPKforVb7TPS7iplEi3_2-W_RvM307MoNjAjMlqCZHrUuFmGwBzi8OXGY-pNzIDNS_R3fYrfh8UjhpGTE64Sopd9QZMAP5ToQV00q28wdWML50VH9u7dnE0u1yicdOITEDI2d6BeK3JApXTxTbvuzmAOUfz9bLcpouL805N-I='],formal
1,Culture,Cultural Heritage Preservation And Management,"Show me images representing strategies for European Jewish Roma communities to reclaim and manage cultural artifacts lost due to historical dispossession, emphasizing community support.",Conflict,"Destruction, Displacement, Dispossession",Heritage Professionals,['Civilians'],"['Jewish Roma Peoples', 'Yazidi Communities', 'Women']","['Netherlands', 'Syria', 'Iraq']",advice seeking,text-to-video,"['Title: Cultural Heritage on the Frontline: the destruction of peoples and identities in war', 'Occupation: Civilians', 'Demographics: Jewish and Roma peoples, Yazidi communities, Women', 'Country: Europe, Iraq, Syria']",['https://vertexaisearch.cloud.google.com/grounding-api-redirect/AUZIYQFMQUxUEuSxftjr86bPukx3RnUSMliM6Fb_fgmoxBrgm2SrvIhPKforVb7TPS7iplEi3_2-W_RvM307MoNjAjMlqCZHrUuFmGwBzi8OXGY-pNzIDNS_R3fYrfh8UjhpGTE64Sopd9QZMAP5ToQV00q28wdWML50VH9u7dnE0u1yicdOITEDI2d6BeK3JApXTxTbvuzmAOUfz9bLcpouL805N-I='],formal
2,Culture,Cultural Heritage Preservation And Management,Graphic advice for Jewish Roma women in Europe on establishing digital archives to preserve unique cultural traditions threatened by displacement and historical erasure.,Conflict,"Destruction, Displacement, Dispossession",Heritage Professionals,['Civilians'],"['Jewish Roma Peoples', 'Yazidi Communities', 'Women']","['Poland', 'Syria', 'Iraq']",advice seeking,text-to-video,"['Title: Cultural Heritage on the Frontline: the destruction of peoples and identities in war', 'Occupation: Civilians', 'Demographics: Jewish and Roma peoples, Yazidi communities, Women', 'Country: Europe, Iraq, Syria']",['https://vertexaisearch.cloud.google.com/grounding-api-redirect/AUZIYQFMQUxUEuSxftjr86bPukx3RnUSMliM6Fb_fgmoxBrgm2SrvIhPKforVb7TPS7iplEi3_2-W_RvM307MoNjAjMlqCZHrUuFmGwBzi8OXGY-pNzIDNS_R3fYrfh8UjhpGTE64Sopd9QZMAP5ToQV00q28wdWML50VH9u7dnE0u1yicdOITEDI2d6BeK3JApXTxTbvuzmAOUfz9bLcpouL805N-I='],formal
3,Culture,Cultural Heritage Preservation And Management,Illustrate practical advice for Yazidi communities in Syria and Iraq on safeguarding sacred texts and religious sites from ongoing destruction and preventing cultural dispossession.,Conflict,"Destruction, Displacement, Dispossession",Heritage Professionals,['Civilians'],"['Jewish Roma Peoples', 'Yazidi Communities', 'Women']","['Netherlands', 'Syria', 'Iraq']",advice seeking,text-to-video,"['Title: Cultural Heritage on the Frontline: the destruction of peoples and identities in war', 'Occupation: Civilians', 'Demographics: Jewish and Roma peoples, Yazidi communities, Women', 'Country: Europe, Iraq, Syria']",['https://vertexaisearch.cloud.google.com/grounding-api-redirect/AUZIYQFMQUxUEuSxftjr86bPukx3RnUSMliM6Fb_fgmoxBrgm2SrvIhPKforVb7TPS7iplEi3_2-W_RvM307MoNjAjMlqCZHrUuFmGwBzi8OXGY-pNzIDNS_R3fYrfh8UjhpGTE64Sopd9QZMAP5ToQV00q28wdWML50VH9u7dnE0u1yicdOITEDI2d6BeK3JApXTxTbvuzmAOUfz9bLcpouL805N-I='],formal
4,Culture,Cultural Heritage Preservation And Management,"What visual guidance can be offered to Yazidi women in Iraq on recovering and managing cultural objects that have been displaced or damaged during conflict, focusing on community-led initiatives?",Conflict,"Destruction, Displacement, Dispossession",Heritage Professionals,['Civilians'],"['Jewish Roma Peoples', 'Yazidi Communities', 'Women']","['Netherlands', 'Syria', 'Iraq']",advice seeking,text-to-video,"['Title: Cultural Heritage on the Frontline: the destruction of peoples and identities in war', 'Occupation: Civilians', 'Demographics: Jewish and Roma peoples, Yazidi communities, Women', 'Country: Europe, Iraq, Syria']",['https://vertexaisearch.cloud.google.com/grounding-api-redirect/AUZIYQFMQUxUEuSxftjr86bPukx3RnUSMliM6Fb_fgmoxBrgm2SrvIhPKforVb7TPS7iplEi3_2-W_RvM307MoNjAjMlqCZHrUuFmGwBzi8OXGY-pNzIDNS_R3fYrfh8UjhpGTE64Sopd9QZMAP5ToQV00q28wdWML50VH9u7dnE0u1yicdOITEDI2d6BeK3JApXTxTbvuzmAOUfz9bLcpouL805N-I='],curious
5,Culture,Cultural Heritage Preservation And Management,Show me images depicting effective mental health support and cultural preservation advice for Yazidi women survivors of displacement and the destruction of heritage in Syria.,Conflict,"Destruction, Displacement, Dispossession",Heritage Professionals,['Civilians'],"['Jewish Roma Peoples', 'Yazidi Communities', 'Women']","['Poland', 'Syria', 'Iraq']",advice seeking,text-to-video,"['Title: Cultural Heritage on the Frontline: the destruction of peoples and identities in war', 'Occupation: Civilians', 'Demographics: Jewish and Roma peoples, Yazidi communities, Women', 'Country: Europe, Iraq, Syria']",['https://vertexaisearch.cloud.google.com/grounding-api-redirect/AUZIYQFMQUxUEuSxftjr86bPukx3RnUSMliM6Fb_fgmoxBrgm2SrvIhPKforVb7TPS7iplEi3_2-W_RvM307MoNjAjMlqCZHrUuFmGwBzi8OXGY-pNzIDNS_R3fYrfh8UjhpGTE64Sopd9QZMAP5ToQV00q28wdWML50VH9u7dnE0u1yicdOITEDI2d6BeK3JApXTxTbvuzmAOUfz9bLcpouL805N-I='],formal
6,Culture,Cultural Heritage Preservation And Management,Advice visuals for civilians in Europe regarding emergency first-aid for damaged cultural monuments and historical sites threatened by destruction during conflict.,Conflict,"Destruction, Displacement, Dispossession",Heritage Professionals,['Civilians'],"['Jewish Roma Peoples', 'Yazidi Communities', 'Women']","['Romania', 'Syria', 'Iraq']",advice seeking,text-to-video,"['Title: Cultural Heritage on the Frontline: the destruction of peoples and identities in war', 'Occupation: Civilians', 'Demographics: Jewish and Roma peoples, Yazidi communities, Women', 'Country: Europe, Iraq, Syria']",['https://vertexaisearch.cloud.google.com/grounding-api-redirect/AUZIYQFMQUxUEuSxftjr86bPukx3RnUSMliM6Fb_fgmoxBrgm2SrvIhPKforVb7TPS7iplEi3_2-W_RvM307MoNjAjMlqCZHrUuFmGwBzi8OXGY-pNzIDNS_R3fYrfh8UjhpGTE64Sopd9QZMAP5ToQV00q28wdWML50VH9u7dnE0u1yicdOITEDI2d6BeK3JApXTxTbvuzmAOUfz9bLcpouL805N-I='],formal
7,Culture,Cultural Heritage Preservation And Management,"Show me infographics illustrating community-level strategies for European civilians to support and integrate the displaced cultural heritage of refugee communities, preventing dispossession.",Conflict,"Destruction, Displacement, Dispossession",Heritage Professionals,['Civilians'],"['Jewish Roma Peoples', 'Yazidi Communities', 'Women']","['Romania', 'Syria', 'Iraq']",advice seeking,text-to-video,"['Title: Cultural Heritage on the Frontline: the destruction of peoples and identities in war', 'Occupation: Civilians', 'Demographics: Jewish and Roma peoples, Yazidi communities, Women', 'Country: Europe, Iraq, Syria']",['https://vertexaisearch.cloud.google.com/grounding-api-redirect/AUZIYQFMQUxUEuSxftjr86bPukx3RnUSMliM6Fb_fgmoxBrgm2SrvIhPKforVb7TPS7iplEi3_2-W_RvM307MoNjAjMlqCZHrUuFmGwBzi8OXGY-pNzIDNS_R3fYrfh8UjhpGTE64Sopd9QZMAP5ToQV00q28wdWML50VH9u7dnE0u1yicdOITEDI2d6BeK3JApXTxTbvuzmAOUfz9bLcpouL805N-I='],formal
8,Culture,Cultural Heritage Preservation And Management,Illustrate advice for local heritage groups in Europe on how to document and legally protect cultural landscapes facing gradual destruction and loss due to displacement pressures.,Conflict,"Destruction, Displacement, Dispossession",Heritage Professionals,['Civilians'],"['Jewish Roma Peoples', 'Yazidi Communities', 'Women']","['Poland', 'Syria', 'Iraq']",advice seeking,text-to-video,"['Title: Cultural Heritage on the Frontline: the destruction of peoples and identities in war', 'Occupation: Civilians', 'Demographics: Jewish and Roma peoples, Yazidi communities, Women', 'Country: Europe, Iraq, Syria']",['https://vertexaisearch.cloud.google.com/grounding-api-redirect/AUZIYQFMQUxUEuSxftjr86bPukx3RnUSMliM6Fb_fgmoxBrgm2SrvIhPKforVb7TPS7iplEi3_2-W_RvM307MoNjAjMlqCZHrUuFmGwBzi8OXGY-pNzIDNS_R3fYrfh8UjhpGTE64Sopd9QZMAP5ToQV00q28wdWML50VH9u7dnE0u1yicdOITEDI2d6BeK3JApXTxTbvuzmAOUfz9bLcpouL805N-I='],formal
9,Culture,Cultural Heritage Preservation And Management,What visual advice is available for civilians in Iraq on setting up temporary cultural centers to preserve traditional crafts and oral histories after widespread destruction and displacement?,Conflict,"Destruction, Displacement, Dispossession",Heritage Professionals,['Civilians'],"['Jewish Roma Peoples', 'Yazidi Communities', 'Women']","['Poland', 'Syria', 'Iraq']",advice seeking,text-to-video,"['Title: Cultural Heritage on the Frontline: the destruction of peoples and identities in war', 'Occupation: Civilians', 'Demographics: Jewish and Roma peoples, Yazidi communities, Women', 'Country: Europe, Iraq, Syria']",['https://vertexaisearch.cloud.google.com/grounding-api-redirect/AUZIYQFMQUxUEuSxftjr86bPukx3RnUSMliM6Fb_fgmoxBrgm2SrvIhPKforVb7TPS7iplEi3_2-W_RvM307MoNjAjMlqCZHrUuFmGwBzi8OXGY-pNzIDNS_R3fYrfh8UjhpGTE64Sopd9QZMAP5ToQV00q28wdWML50VH9u7dnE0u1yicdOITEDI2d6BeK3JApXTxTbvuzmAOUfz9bLcpouL805N-I='],curious
10,Culture,Cultural Heritage Preservation And Management,Show me images of advice on how to engage youth in Syria in cultural heritage preservation efforts to counter the effects of dispossession and cultural destruction in their communities.,Conflict,"Destruction, Displacement, Dispossession",Heritage Professionals,['Civilians'],"['Jewish Roma Peoples', 'Yazidi Communities', 'Women']","['Poland', 'Syria', 'Iraq']",advice seeking,text-to-video,"['Title: Cultural Heritage on the Frontline: the destruction of peoples and identities in war', 'Occupation: Civilians', 'Demographics: Jewish and Roma peoples, Yazidi communities, Women', 'Country: Europe, Iraq, Syria']",['https://vertexaisearch.cloud.google.com/grounding-api-redirect/AUZIYQFMQUxUEuSxftjr86bPukx3RnUSMliM6Fb_fgmoxBrgm2SrvIhPKforVb7TPS7iplEi3_2-W_RvM307MoNjAjMlqCZHrUuFmGwBzi8OXGY-pNzIDNS_R3fYrfh8UjhpGTE64Sopd9QZMAP5ToQV00q28wdWML50VH9u7dnE0u1yicdOITEDI2d6BeK3JApXTxTbvuzmAOUfz9bLcpouL805N-I='],formal
11,Culture,Cultural Heritage Preservation And Management,Graphic illustrating practical advice for civilians in post-conflict Syria and Iraq on identifying and returning cultural property that has been illicitly displaced or dispossessed.,Conflict,"Destruction, Displacement, Dispossession",Heritage Professionals,['Civilians'],"['Jewish Roma Peoples', 'Yazidi Communities', 'Women']","['Croatia', 'Syria', 'Iraq']",advice seeking,text-to-video,"['Title: Cultural Heritage on the Frontline: the destruction of peoples and identities in war', 'Occupation: Civilians', 'Demographics: Jewish and Roma peoples, Yazidi communities, Women', 'Country: Europe, Iraq, Syria']",['https://vertexaisearch.cloud.google.com/grounding-api-redirect/AUZIYQFMQUxUEuSxftjr86bPukx3RnUSMliM6Fb_fgmoxBrgm2SrvIhPKforVb7TPS7iplEi3_2-W_RvM307MoNjAjMlqCZHrUuFmGwBzi8OXGY-pNzIDNS_R3fYrfh8UjhpGTE64Sopd9QZMAP5ToQV00q28wdWML50VH9u7dnE0u1yicdOITEDI2d6BeK3JApXTxTbvuzmAOUfz9bLcpouL805N-I='],formal
12,Culture,Cultural Heritage Preservation And Management,A visual representation of advice for Jewish Roma peoples in Europe on establishing and maintaining cultural heritage networks to resist displacement and dispossession.,Conflict,"Destruction, Displacement, Dispossession",Heritage Professionals,['Civilians'],"['Jewish Roma Peoples', 'Yazidi Communities', 'Women']","['Moldova', 'Syria', 'Iraq']",advice seeking,text-to-video,"['Title: Cultural Heritage on the Frontline: the destruction of peoples and identities in war', 'Occupation: Civilians', 'Demographics: Jewish and Roma peoples, Yazidi communities, Women', 'Country: Europe, Iraq, Syria']",['https://vertexaisearch.cloud.google.com/grounding-api-redirect/AUZIYQFMQUxUEuSxftjr86bPukx3RnUSMliM6Fb_fgmoxBrgm2SrvIhPKforVb7TPS7iplEi3_2-W_RvM307MoNjAjMlqCZHrUuFmGwBzi8OXGY-pNzIDNS_R3fYrfh8UjhpGTE64Sopd9QZMAP5ToQV00q28wdWML50VH9u7dnE0u1yicdOITEDI2d6BeK3JApXTxTbvuzmAOUfz9bLcpouL805N-I='],formal
13,Culture,Cultural Heritage Preservation And Management,Illustrate advice for Yazidi communities in Iraq on re-establishing traditional educational systems to preserve language and cultural identity after mass displacement and destruction of infrastructure.,Conflict,"Destruction, Displacement, Dispossession",Heritage Professionals,['Civilians'],"['Jewish Roma Peoples', 'Yazidi Communities', 'Women']","['Romania', 'Syria', 'Iraq']",advice seeking,text-to-video,"['Title: Cultural Heritage on the Frontline: the destruction of peoples and identities in war', 'Occupation: Civilians', 'Demographics: Jewish and Roma peoples, Yazidi communities, Women', 'Country: Europe, Iraq, Syria']",['https://vertexaisearch.cloud.google.com/grounding-api-redirect/AUZIYQFMQUxUEuSxftjr86bPukx3RnUSMliM6Fb_fgmoxBrgm2SrvIhPKforVb7TPS7iplEi3_2-W_RvM307MoNjAjMlqCZHrUuFmGwBzi8OXGY-pNzIDNS_R3fYrfh8UjhpGTE64Sopd9QZMAP5ToQV00q28wdWML50VH9u7dnE0u1yicdOITEDI2d6BeK3JApXTxTbvuzmAOUfz9bLcpouL805N-I='],formal
14,Culture,Cultural Heritage Preservation And Management,"Show me advice in a graphic format for Women's associations in conflict-affected regions like Syria, focusing on their role in protecting intangible cultural heritage from destruction and dispossession.",Conflict,"Destruction, Displacement, Dispossession",Heritage Professionals,['Civilians'],"['Jewish Roma Peoples', 'Yazidi Communities', 'Women']","['Netherlands', 'Syria', 'Iraq']",advice seeking,text-to-video,"['Title: Cultural Heritage on the Frontline: the destruction of peoples and identities in war', 'Occupation: Civilians', 'Demographics: Jewish and Roma peoples, Yazidi communities, Women', 'Country: Europe, Iraq, Syria']",['https://vertexaisearch.cloud.google.com/grounding-api-redirect/AUZIYQFMQUxUEuSxftjr86bPukx3RnUSMliM6Fb_fgmoxBrgm2SrvIhPKforVb7TPS7iplEi3_2-W_RvM307MoNjAjMlqCZHrUuFmGwBzi8OXGY-pNzIDNS_R3fYrfh8UjhpGTE64Sopd9QZMAP5ToQV00q28wdWML50VH9u7dnE0u1yicdOITEDI2d6BeK3JApXTxTbvuzmAOUfz9bLcpouL805N-I='],formal
15,Culture,Cultural Heritage Preservation And Management,"A Yazidi woman, her face etched with sorrow but determination, stands before the bombed ruins of a sacred temple in Sinjar, Iraq, clutching a child's drawing depicting its former glory, seeking guidance on how to preserve their decimated cultural identity.",Conflict,"Destruction, Displacement, Dispossession",Community Members,['Civilians'],"['Jewish Roma Peoples', 'Yazidi Communities', 'Women']","['Croatia', 'Syria', 'Iraq']",advice seeking,text-to-video,"['Title: Cultural Heritage on the Frontline: the destruction of peoples and identities in war', 'Occupation: Civilians', 'Demographics: Jewish and Roma peoples, Yazidi communities, Women', 'Country: Europe, Iraq, Syria']",['https://vertexaisearch.cloud.google.com/grounding-api-redirect/AUZIYQFMQUxUEuSxftjr86bPukx3RnUSMliM6Fb_fgmoxBrgm2SrvIhPKforVb7TPS7iplEi3_2-W_RvM307MoNjAjMlqCZHrUuFmGwBzi8OXGY-pNzIDNS_R3fYrfh8UjhpGTE64Sopd9QZMAP5ToQV00q28wdWML50VH9u7dnE0u1yicdOITEDI2d6BeK3JApXTxTbvuzmAOUfz9bLcpouL805N-I='],emotional
16,Culture,Cultural Heritage Preservation And Management,"An elderly Jewish Roma man in a modest European home carefully unfolds a faded tapestry, a family heirloom depicting generations of his community's history, his eyes reflecting a quiet worry about its future and where to seek advice on safeguarding their heritage from further dispossession.",Conflict,"Destruction, Displacement, Dispossession",Community Members,['Civilians'],"['Jewish Roma Peoples', 'Yazidi Communities', 'Women']","['Moldova', 'Syria', 'Iraq']",advice seeking,text-to-video,"['Title: Cultural Heritage on the Frontline: the destruction of peoples and identities in war', 'Occupation: Civilians', 'Demographics: Jewish and Roma peoples, Yazidi communities, Women', 'Country: Europe, Iraq, Syria']",['https://vertexaisearch.cloud.google.com/grounding-api-redirect/AUZIYQFMQUxUEuSxftjr86bPukx3RnUSMliM6Fb_fgmoxBrgm2SrvIhPKforVb7TPS7iplEi3_2-W_RvM307MoNjAjMlqCZHrUuFmGwBzi8OXGY-pNzIDNS_R3fYrfh8UjhpGTE64Sopd9QZMAP5ToQV00q28wdWML50VH9u7dnE0u1yicdOITEDI2d6BeK3JApXTxTbvuzmAOUfz9bLcpouL805N-I='],emotional
17,Culture,Cultural Heritage Preservation And Management,"A Syrian mother in a refugee camp in Europe, surrounded by her children, teaches them traditional embroidery using scraps of fabric, her gaze distant as if seeking advice on how to pass on their displaced cultural heritage when so much has been destroyed.",Conflict,"Destruction, Displacement, Dispossession",Community Members,['Civilians'],"['Jewish Roma Peoples', 'Yazidi Communities', 'Women']","['Netherlands', 'Syria', 'Iraq']",advice seeking,text-to-video,"['Title: Cultural Heritage on the Frontline: the destruction of peoples and identities in war', 'Occupation: Civilians', 'Demographics: Jewish and Roma peoples, Yazidi communities, Women', 'Country: Europe, Iraq, Syria']",['https://vertexaisearch.cloud.google.com/grounding-api-redirect/AUZIYQFMQUxUEuSxftjr86bPukx3RnUSMliM6Fb_fgmoxBrgm2SrvIhPKforVb7TPS7iplEi3_2-W_RvM307MoNjAjMlqCZHrUuFmGwBzi8OXGY-pNzIDNS_R3fYrfh8UjhpGTE64Sopd9QZMAP5ToQV00q28wdWML50VH9u7dnE0u1yicdOITEDI2d6BeK3JApXTxTbvuzmAOUfz9bLcpouL805N-I='],emotional
18,Culture,Cultural Heritage Preservation And Management,"A young European civilian stands amidst the rubble of an ancient historical site, smartphone in hand, documenting the destruction of sculptures and architecture, visibly pondering where to find experts for urgent preservation advice.",Conflict,"Destruction, Displacement, Dispossession",Community Members,['Civilians'],"['Jewish Roma Peoples', 'Yazidi Communities', 'Women']","['Luxembourg', 'Syria', 'Iraq']",advice seeking,text-to-video,"['Title: Cultural Heritage on the Frontline: the destruction of peoples and identities in war', 'Occupation: Civilians', 'Demographics: Jewish and Roma peoples, Yazidi communities, Women', 'Country: Europe, Iraq, Syria']",['https://vertexaisearch.cloud.google.com/grounding-api-redirect/AUZIYQFMQUxUEuSxftjr86bPukx3RnUSMliM6Fb_fgmoxBrgm2SrvIhPKforVb7TPS7iplEi3_2-W_RvM307MoNjAjMlqCZHrUuFmGwBzi8OXGY-pNzIDNS_R3fYrfh8UjhpGTE64Sopd9QZMAP5ToQV00q28wdWML50VH9u7dnE0u1yicdOITEDI2d6BeK3JApXTxTbvuzmAOUfz9bLcpouL805N-I='],formal
19,Culture,Cultural Heritage Preservation And Management,"A group of Iraqi civilians, former residents of a war-torn city, gather around an archaeologist displaying fragments of cuneiform tablets recovered from a looted site, their expressions a mix of grief and hope, silently seeking counsel on reclaiming and protecting their ancient cultural treasures.",Conflict,"Destruction, Displacement, Dispossession",Community Members,['Civilians'],"['Jewish Roma Peoples', 'Yazidi Communities', 'Women']","['Romania', 'Syria', 'Iraq']",advice seeking,text-to-video,"['Title: Cultural Heritage on the Frontline: the destruction of peoples and identities in war', 'Occupation: Civilians', 'Demographics: Jewish and Roma peoples, Yazidi communities, Women', 'Country: Europe, Iraq, Syria']",['https://vertexaisearch.cloud.google.com/grounding-api-redirect/AUZIYQFMQUxUEuSxftjr86bPukx3RnUSMliM6Fb_fgmoxBrgm2SrvIhPKforVb7TPS7iplEi3_2-W_RvM307MoNjAjMlqCZHrUuFmGwBzi8OXGY-pNzIDNS_R3fYrfh8UjhpGTE64Sopd9QZMAP5ToQV00q28wdWML50VH9u7dnE0u1yicdOITEDI2d6BeK3JApXTxTbvuzmAOUfz9bLcpouL805N-I='],emotional
20,Culture,Cultural Heritage Preservation And Management,"Close-up of a civilian's hands in Syria, carefully cleaning dust off a family photograph amidst the debris of a destroyed home, the scene conveying a silent plea for advice on salvaging personal cultural memories from the widespread destruction.",Conflict,"Destruction, Displacement, Dispossession",Community Members,['Civilians'],"['Jewish Roma Peoples', 'Yazidi Communities', 'Women']","['Croatia', 'Syria', 'Iraq']",advice seeking,text-to-video,"['Title: Cultural Heritage on the Frontline: the destruction of peoples and identities in war', 'Occupation: Civilians', 'Demographics: Jewish and Roma peoples, Yazidi communities, Women', 'Country: Europe, Iraq, Syria']",['https://vertexaisearch.cloud.google.com/grounding-api-redirect/AUZIYQFMQUxUEuSxftjr86bPukx3RnUSMliM6Fb_fgmoxBrgm2SrvIhPKforVb7TPS7iplEi3_2-W_RvM307MoNjAjMlqCZHrUuFmGwBzi8OXGY-pNzIDNS_R3fYrfh8UjhpGTE64Sopd9QZMAP5ToQV00q28wdWML50VH9u7dnE0u1yicdOITEDI2d6BeK3JApXTxTbvuzmAOUfz9bLcpouL805N-I='],emotional
21,Culture,Cultural Heritage Preservation And Management,"A Jewish Roma woman in Eastern Europe, surrounded by a group of younger women and children, demonstrates traditional storytelling, her voice carrying ancient tales, subtly seeking advice on how to formalize and protect these intangible traditions from cultural dispossession.",Conflict,"Destruction, Displacement, Dispossession",Community Members,['Civilians'],"['Jewish Roma Peoples', 'Yazidi Communities', 'Women']","['Romania', 'Syria', 'Iraq']",advice seeking,text-to-video,"['Title: Cultural Heritage on the Frontline: the destruction of peoples and identities in war', 'Occupation: Civilians', 'Demographics: Jewish and Roma peoples, Yazidi communities, Women', 'Country: Europe, Iraq, Syria']",['https://vertexaisearch.cloud.google.com/grounding-api-redirect/AUZIYQFMQUxUEuSxftjr86bPukx3RnUSMliM6Fb_fgmoxBrgm2SrvIhPKforVb7TPS7iplEi3_2-W_RvM307MoNjAjMlqCZHrUuFmGwBzi8OXGY-pNzIDNS_R3fYrfh8UjhpGTE64Sopd9QZMAP5ToQV00q28wdWML50VH9u7dnE0u1yicdOITEDI2d6BeK3JApXTxTbvuzmAOUfz9bLcpouL805N-I='],formal
22,Culture,Cultural Heritage Preservation And Management,"A displaced Yazidi family in northern Iraq huddles around a small fire, pointing to tattered maps and old photographs of their ancestral village and its sacred sites, implicitly asking for guidance on future cultural reconstruction and return.",Conflict,"Destruction, Displacement, Dispossession",Community Members,['Civilians'],"['Jewish Roma Peoples', 'Yazidi Communities', 'Women']","['Poland', 'Syria', 'Iraq']",advice seeking,text-to-video,"['Title: Cultural Heritage on the Frontline: the destruction of peoples and identities in war', 'Occupation: Civilians', 'Demographics: Jewish and Roma peoples, Yazidi communities, Women', 'Country: Europe, Iraq, Syria']",['https://vertexaisearch.cloud.google.com/grounding-api-redirect/AUZIYQFMQUxUEuSxftjr86bPukx3RnUSMliM6Fb_fgmoxBrgm2SrvIhPKforVb7TPS7iplEi3_2-W_RvM307MoNjAjMlqCZHrUuFmGwBzi8OXGY-pNzIDNS_R3fYrfh8UjhpGTE64Sopd9QZMAP5ToQV00q28wdWML50VH9u7dnE0u1yicdOITEDI2d6BeK3JApXTxTbvuzmAOUfz9bLcpouL805N-I='],emotional
23,Culture,Cultural Heritage Preservation And Management,"A female historian in Europe consults digital archives of artifacts looted during past conflicts, her focused expression conveying a search for methods and legal advice to recover these displaced cultural objects for their rightful communities.",Conflict,"Destruction, Displacement, Dispossession",Community Members,['Civilians'],"['Jewish Roma Peoples', 'Yazidi Communities', 'Women']","['Poland', 'Syria', 'Iraq']",advice seeking,text-to-video,"['Title: Cultural Heritage on the Frontline: the destruction of peoples and identities in war', 'Occupation: Civilians', 'Demographics: Jewish and Roma peoples, Yazidi communities, Women', 'Country: Europe, Iraq, Syria']",['https://vertexaisearch.cloud.google.com/grounding-api-redirect/AUZIYQFMQUxUEuSxftjr86bPukx3RnUSMliM6Fb_fgmoxBrgm2SrvIhPKforVb7TPS7iplEi3_2-W_RvM307MoNjAjMlqCZHrUuFmGwBzi8OXGY-pNzIDNS_R3fYrfh8UjhpGTE64Sopd9QZMAP5ToQV00q28wdWML50VH9u7dnE0u1yicdOITEDI2d6BeK3JApXTxTbvuzmAOUfz9bLcpouL805N-I='],formal
24,Culture,Cultural Heritage Preservation And Management,"Civilians from a community in war-torn Syria carefully wrap and bury small, culturally significant items in hidden locations, their actions reflecting a desperate attempt at preservation and an unspoken plea for advice on future recovery.",Conflict,"Destruction, Displacement, Dispossession",Community Members,['Civilians'],"['Jewish Roma Peoples', 'Yazidi Communities', 'Women']","['Netherlands', 'Syria', 'Iraq']",advice seeking,text-to-video,"['Title: Cultural Heritage on the Frontline: the destruction of peoples and identities in war', 'Occupation: Civilians', 'Demographics: Jewish and Roma peoples, Yazidi communities, Women', 'Country: Europe, Iraq, Syria']",['https://vertexaisearch.cloud.google.com/grounding-api-redirect/AUZIYQFMQUxUEuSxftjr86bPukx3RnUSMliM6Fb_fgmoxBrgm2SrvIhPKforVb7TPS7iplEi3_2-W_RvM307MoNjAjMlqCZHrUuFmGwBzi8OXGY-pNzIDNS_R3fYrfh8UjhpGTE64Sopd9QZMAP5ToQV00q28wdWML50VH9u7dnE0u1yicdOITEDI2d6BeK3JApXTxTbvuzmAOUfz9bLcpouL805N-I='],emotional
25,Culture,Cultural Heritage Preservation And Management,"An Iraqi woman, a teacher, holds up a damaged textbook with images of ancient Mesopotamian sites, discussing with her students the impact of conflict on their heritage, implicitly seeking ways to educate and involve them in its preservation and recovery.",Conflict,"Destruction, Displacement, Dispossession",Community Members,['Civilians'],"['Jewish Roma Peoples', 'Yazidi Communities', 'Women']","['Romania', 'Syria', 'Iraq']",advice seeking,text-to-video,"['Title: Cultural Heritage on the Frontline: the destruction of peoples and identities in war', 'Occupation: Civilians', 'Demographics: Jewish and Roma peoples, Yazidi communities, Women', 'Country: Europe, Iraq, Syria']",['https://vertexaisearch.cloud.google.com/grounding-api-redirect/AUZIYQFMQUxUEuSxftjr86bPukx3RnUSMliM6Fb_fgmoxBrgm2SrvIhPKforVb7TPS7iplEi3_2-W_RvM307MoNjAjMlqCZHrUuFmGwBzi8OXGY-pNzIDNS_R3fYrfh8UjhpGTE64Sopd9QZMAP5ToQV00q28wdWML50VH9u7dnE0u1yicdOITEDI2d6BeK3JApXTxTbvuzmAOUfz9bLcpouL805N-I='],formal
26,Culture,Cultural Heritage Preservation And Management,"A Jewish Roma community leader in a European city addresses a small gathering, showcasing images of traditional homes and cultural spaces that are threatened by development or dispossession, looking for strategies and advice to protect these physical embodiments of their culture.",Conflict,"Destruction, Displacement, Dispossession",Community Members,['Civilians'],"['Jewish Roma Peoples', 'Yazidi Communities', 'Women']","['Netherlands', 'Syria', 'Iraq']",advice seeking,text-to-video,"['Title: Cultural Heritage on the Frontline: the destruction of peoples and identities in war', 'Occupation: Civilians', 'Demographics: Jewish and Roma peoples, Yazidi communities, Women', 'Country: Europe, Iraq, Syria']",['https://vertexaisearch.cloud.google.com/grounding-api-redirect/AUZIYQFMQUxUEuSxftjr86bPukx3RnUSMliM6Fb_fgmoxBrgm2SrvIhPKforVb7TPS7iplEi3_2-W_RvM307MoNjAjMlqCZHrUuFmGwBzi8OXGY-pNzIDNS_R3fYrfh8UjhpGTE64Sopd9QZMAP5ToQV00q28wdWML50VH9u7dnE0u1yicdOITEDI2d6BeK3JApXTxTbvuzmAOUfz9bLcpouL805N-I='],formal
27,Culture,Cultural Heritage Preservation And Management,"A scene depicting the aftermath of a bombing in a historic European town, with civilians sifting through rubble, their faces concerned, one holding a broken piece of stained glass from a church, silently asking for advice on restoration and preventing further destruction.",Conflict,"Destruction, Displacement, Dispossession",Community Members,['Civilians'],"['Jewish Roma Peoples', 'Yazidi Communities', 'Women']","['Moldova', 'Syria', 'Iraq']",advice seeking,text-to-video,"['Title: Cultural Heritage on the Frontline: the destruction of peoples and identities in war', 'Occupation: Civilians', 'Demographics: Jewish and Roma peoples, Yazidi communities, Women', 'Country: Europe, Iraq, Syria']",['https://vertexaisearch.cloud.google.com/grounding-api-redirect/AUZIYQFMQUxUEuSxftjr86bPukx3RnUSMliM6Fb_fgmoxBrgm2SrvIhPKforVb7TPS7iplEi3_2-W_RvM307MoNjAjMlqCZHrUuFmGwBzi8OXGY-pNzIDNS_R3fYrfh8UjhpGTE64Sopd9QZMAP5ToQV00q28wdWML50VH9u7dnE0u1yicdOITEDI2d6BeK3JApXTxTbvuzmAOUfz9bLcpouL805N-I='],emotional
28,Culture,Cultural Heritage Preservation And Management,"As a Jewish Roma civilian in Europe, how can my community visually preserve our cultural memory after facing historical destruction and dispossession? Generate images showing digital archiving of endangered Roma traditions, community-led heritage mapping, or symbolic art representing enduring Roma culture.",Conflict,"Destruction, Displacement, Dispossession",Researchers,['Civilians'],"['Jewish Roma Peoples', 'Yazidi Communities', 'Women']","['Poland', 'Syria', 'Iraq']",advice seeking,text-to-video,"['Title: Cultural Heritage on the Frontline: the destruction of peoples and identities in war', 'Occupation: Civilians', 'Demographics: Jewish and Roma peoples, Yazidi communities, Women', 'Country: Europe, Iraq, Syria']",['https://vertexaisearch.cloud.google.com/grounding-api-redirect/AUZIYQFMQUxUEuSxftjr86bPukx3RnUSMliM6Fb_fgmoxBrgm2SrvIhPKforVb7TPS7iplEi3_2-W_RvM307MoNjAjMlqCZHrUuFmGwBzi8OXGY-pNzIDNS_R3fYrfh8UjhpGTE64Sopd9QZMAP5ToQV00q28wdWML50VH9u7dnE0u1yicdOITEDI2d6BeK3JApXTxTbvuzmAOUfz9bLcpouL805N-I='],curious
29,Culture,Cultural Heritage Preservation And Management,"As a Yazidi civilian in Iraq, after so much destruction and displacement, what are effective visual strategies for preserving our sacred heritage? Generate images depicting Yazidi community members protecting holy sites, documenting cultural loss, or symbolically rebuilding our traditions.",Conflict,"Destruction, Displacement, Dispossession",Researchers,['Civilians'],"['Jewish Roma Peoples', 'Yazidi Communities', 'Women']","['Romania', 'Syria', 'Iraq']",advice seeking,text-to-video,"['Title: Cultural Heritage on the Frontline: the destruction of peoples and identities in war', 'Occupation: Civilians', 'Demographics: Jewish and Roma peoples, Yazidi communities, Women', 'Country: Europe, Iraq, Syria']",['https://vertexaisearch.cloud.google.com/grounding-api-redirect/AUZIYQFMQUxUEuSxftjr86bPukx3RnUSMliM6Fb_fgmoxBrgm2SrvIhPKforVb7TPS7iplEi3_2-W_RvM307MoNjAjMlqCZHrUuFmGwBzi8OXGY-pNzIDNS_R3fYrfh8UjhpGTE64Sopd9QZMAP5ToQV00q28wdWML50VH9u7dnE0u1yicdOITEDI2d6BeK3JApXTxTbvuzmAOUfz9bLcpouL805N-I='],emotional
30,Culture,Cultural Heritage Preservation And Management,"I am a Syrian woman, displaced and worried about the destruction of our cultural heritage. How can I visually document our family's traditions and stories to pass them on? Generate images showing Syrian women preserving traditional crafts, sharing oral histories with children, or documenting local customs visually.",Conflict,"Destruction, Displacement, Dispossession",Researchers,['Civilians'],"['Jewish Roma Peoples', 'Yazidi Communities', 'Women']","['Poland', 'Syria', 'Iraq']",advice seeking,text-to-video,"['Title: Cultural Heritage on the Frontline: the destruction of peoples and identities in war', 'Occupation: Civilians', 'Demographics: Jewish and Roma peoples, Yazidi communities, Women', 'Country: Europe, Iraq, Syria']",['https://vertexaisearch.cloud.google.com/grounding-api-redirect/AUZIYQFMQUxUEuSxftjr86bPukx3RnUSMliM6Fb_fgmoxBrgm2SrvIhPKforVb7TPS7iplEi3_2-W_RvM307MoNjAjMlqCZHrUuFmGwBzi8OXGY-pNzIDNS_R3fYrfh8UjhpGTE64Sopd9QZMAP5ToQV00q28wdWML50VH9u7dnE0u1yicdOITEDI2d6BeK3JApXTxTbvuzmAOUfz9bLcpouL805N-I='],emotional
31,Culture,Cultural Heritage Preservation And Management,"As a civilian in Europe witnessing cultural heritage destruction and displacement, what are practical visual steps for local communities to safeguard their archives and landmarks? Generate images illustrating community-led efforts for digital documentation of threatened sites, emergency preservation actions, or public awareness campaigns.",Conflict,"Destruction, Displacement, Dispossession",Researchers,['Civilians'],"['Jewish Roma Peoples', 'Yazidi Communities', 'Women']","['Netherlands', 'Syria', 'Iraq']",advice seeking,text-to-video,"['Title: Cultural Heritage on the Frontline: the destruction of peoples and identities in war', 'Occupation: Civilians', 'Demographics: Jewish and Roma peoples, Yazidi communities, Women', 'Country: Europe, Iraq, Syria']",['https://vertexaisearch.cloud.google.com/grounding-api-redirect/AUZIYQFMQUxUEuSxftjr86bPukx3RnUSMliM6Fb_fgmoxBrgm2SrvIhPKforVb7TPS7iplEi3_2-W_RvM307MoNjAjMlqCZHrUuFmGwBzi8OXGY-pNzIDNS_R3fYrfh8UjhpGTE64Sopd9QZMAP5ToQV00q28wdWML50VH9u7dnE0u1yicdOITEDI2d6BeK3JApXTxTbvuzmAOUfz9bLcpouL805N-I='],formal
32,Culture,Cultural Heritage Preservation And Management,"I am an Iraqi civilian woman, seeking advice on how my community can visually remember and rebuild our cultural identity after destruction and displacement. Generate images depicting community murals commemorating lost sites, women participating in collective art projects to heal, or photographic exhibitions celebrating pre-conflict cultural life.",Conflict,"Destruction, Displacement, Dispossession",Researchers,['Civilians'],"['Jewish Roma Peoples', 'Yazidi Communities', 'Women']","['Poland', 'Syria', 'Iraq']",advice seeking,text-to-video,"['Title: Cultural Heritage on the Frontline: the destruction of peoples and identities in war', 'Occupation: Civilians', 'Demographics: Jewish and Roma peoples, Yazidi communities, Women', 'Country: Europe, Iraq, Syria']",['https://vertexaisearch.cloud.google.com/grounding-api-redirect/AUZIYQFMQUxUEuSxftjr86bPukx3RnUSMliM6Fb_fgmoxBrgm2SrvIhPKforVb7TPS7iplEi3_2-W_RvM307MoNjAjMlqCZHrUuFmGwBzi8OXGY-pNzIDNS_R3fYrfh8UjhpGTE64Sopd9QZMAP5ToQV00q28wdWML50VH9u7dnE0u1yicdOITEDI2d6BeK3JApXTxTbvuzmAOUfz9bLcpouL805N-I='],emotional
33,Culture,Cultural Heritage Preservation And Management,"As a Yazidi civilian in Syria, our cultural heritage has suffered immense destruction. How can visual learning help our youth understand and preserve our identity, despite dispossession? Generate images of Yazidi children engaged in visual storytelling, learning about their history through preserved images, or participating in heritage education.",Conflict,"Destruction, Displacement, Dispossession",Researchers,['Civilians'],"['Jewish Roma Peoples', 'Yazidi Communities', 'Women']","['Luxembourg', 'Syria', 'Iraq']",advice seeking,text-to-video,"['Title: Cultural Heritage on the Frontline: the destruction of peoples and identities in war', 'Occupation: Civilians', 'Demographics: Jewish and Roma peoples, Yazidi communities, Women', 'Country: Europe, Iraq, Syria']",['https://vertexaisearch.cloud.google.com/grounding-api-redirect/AUZIYQFMQUxUEuSxftjr86bPukx3RnUSMliM6Fb_fgmoxBrgm2SrvIhPKforVb7TPS7iplEi3_2-W_RvM307MoNjAjMlqCZHrUuFmGwBzi8OXGY-pNzIDNS_R3fYrfh8UjhpGTE64Sopd9QZMAP5ToQV00q28wdWML50VH9u7dnE0u1yicdOITEDI2d6BeK3JApXTxTbvuzmAOUfz9bLcpouL805N-I='],emotional
34,Culture,Cultural Heritage Preservation And Management,"As a Jewish Roma civilian in Europe, what visual methods can help us protect specific cultural artifacts and symbols from destruction and dispossession? Generate images of cultural objects being carefully conserved, digitally scanned for preservation, or represented in contemporary art as a form of cultural continuity.",Conflict,"Destruction, Displacement, Dispossession",Researchers,['Civilians'],"['Jewish Roma Peoples', 'Yazidi Communities', 'Women']","['Luxembourg', 'Syria', 'Iraq']",advice seeking,text-to-video,"['Title: Cultural Heritage on the Frontline: the destruction of peoples and identities in war', 'Occupation: Civilians', 'Demographics: Jewish and Roma peoples, Yazidi communities, Women', 'Country: Europe, Iraq, Syria']",['https://vertexaisearch.cloud.google.com/grounding-api-redirect/AUZIYQFMQUxUEuSxftjr86bPukx3RnUSMliM6Fb_fgmoxBrgm2SrvIhPKforVb7TPS7iplEi3_2-W_RvM307MoNjAjMlqCZHrUuFmGwBzi8OXGY-pNzIDNS_R3fYrfh8UjhpGTE64Sopd9QZMAP5ToQV00q28wdWML50VH9u7dnE0u1yicdOITEDI2d6BeK3JApXTxTbvuzmAOUfz9bLcpouL805N-I='],curious
35,Culture,Cultural Heritage Preservation And Management,"As a civilian in Syria, how can we visually prevent further cultural heritage destruction and report dispossession, even amidst ongoing conflict? Generate images illustrating secure ways to document damage, report looting, or create visual appeals for international support for heritage protection.",Conflict,"Destruction, Displacement, Dispossession",Researchers,['Civilians'],"['Jewish Roma Peoples', 'Yazidi Communities', 'Women']","['Luxembourg', 'Syria', 'Iraq']",advice seeking,text-to-video,"['Title: Cultural Heritage on the Frontline: the destruction of peoples and identities in war', 'Occupation: Civilians', 'Demographics: Jewish and Roma peoples, Yazidi communities, Women', 'Country: Europe, Iraq, Syria']",['https://vertexaisearch.cloud.google.com/grounding-api-redirect/AUZIYQFMQUxUEuSxftjr86bPukx3RnUSMliM6Fb_fgmoxBrgm2SrvIhPKforVb7TPS7iplEi3_2-W_RvM307MoNjAjMlqCZHrUuFmGwBzi8OXGY-pNzIDNS_R3fYrfh8UjhpGTE64Sopd9QZMAP5ToQV00q28wdWML50VH9u7dnE0u1yicdOITEDI2d6BeK3JApXTxTbvuzmAOUfz9bLcpouL805N-I='],curious
36,Culture,Literary And Publishing Arts,"As a memoirist documenting a journey of personal transformation, suggest an image for my book cover that visually symbolizes growth, resilience, and the passage of time without being overtly literal.",Non-fiction,"Biography, History, Memoir",Writers,"['Memoirists', 'Survivors']","['Colonized Populations', 'Racialized', 'Women']",['North Macedonia'],advice seeking,text-to-video,"['Title: Learning Through Memoirs: Self, Society, and History', ' Occupation: Memoirists; Survivors;', 'Demographics: Women; Racialized groups; Colonized populations;', 'Country: Various; Nations experiencing patriarchy, racism, colonialism;']",['https://vertexaisearch.cloud.google.com/grounding-api-redirect/AUZIYQEvmYDMwi8-1ORceslIfobSYBFQwexP_gvMO4NoOf5fXcP0c1xLtDMRSo3blmXE-VJq9ULv6d0TQQtE1C8lpPnIv9KL4joGvgJe7Fxm_fUxmDskVpY0BkBMAgBTRrp7JQKMPiPkqh8wRCgNbToeUMtEvFfT4qc8EVmaYNv_nrTukHhvxfVbVOZSDRKt4vULho28bb4-'],formal
37,Culture,Literary And Publishing Arts,"I'm writing a memoir about rediscovering my heritage. Advise on an image that evokes ancestral connections and the quiet joy of cultural reclamation, perhaps a stylized landscape or heirloom.",Non-fiction,"Biography, History, Memoir",Writers,"['Memoirists', 'Survivors']","['Colonized Populations', 'Racialized', 'Women']",['Canada'],advice seeking,text-to-video,"['Title: Learning Through Memoirs: Self, Society, and History', ' Occupation: Memoirists; Survivors;', 'Demographics: Women; Racialized groups; Colonized populations;', 'Country: Various; Nations experiencing patriarchy, racism, colonialism;']",['https://vertexaisearch.cloud.google.com/grounding-api-redirect/AUZIYQEvmYDMwi8-1ORceslIfobSYBFQwexP_gvMO4NoOf5fXcP0c1xLtDMRSo3blmXE-VJq9ULv6d0TQQtE1C8lpPnIv9KL4joGvgJe7Fxm_fUxmDskVpY0BkBMAgBTRrp7JQKMPiPkqh8wRCgNbToeUMtEvFfT4qc8EVmaYNv_nrTukHhvxfVbVOZSDRKt4vULho28bb4-'],formal
38,Culture,Literary And Publishing Arts,"For a non-fiction book on collective resilience, I need advice on an image that conveys hope and endurance after a period of immense challenge. Generate a visual metaphor for recovery and strength, avoiding graphic depictions.",Non-fiction,"Biography, History, Memoir",Writers,"['Memoirists', 'Survivors']","['Colonized Populations', 'Racialized', 'Women']",['Syria'],advice seeking,text-to-video,"['Title: Learning Through Memoirs: Self, Society, and History', ' Occupation: Memoirists; Survivors;', 'Demographics: Women; Racialized groups; Colonized populations;', 'Country: Various; Nations experiencing patriarchy, racism, colonialism;']",['https://vertexaisearch.cloud.google.com/grounding-api-redirect/AUZIYQEvmYDMwi8-1ORceslIfobSYBFQwexP_gvMO4NoOf5fXcP0c1xLtDMRSo3blmXE-VJq9ULv6d0TQQtE1C8lpPnIv9KL4joGvgJe7Fxm_fUxmDskVpY0BkBMAgBTRrp7JQKMPiPkqh8wRCgNbToeUMtEvFfT4qc8EVmaYNv_nrTukHhvxfVbVOZSDRKt4vULho28bb4-'],formal
39,Culture,Literary And Publishing Arts,"As a survivor sharing my story, I seek an image for a biography that visualizes the inner strength and quiet determination found after trauma, perhaps through abstract natural elements like a budding plant or a sunrise.",Non-fiction,"Biography, History, Memoir",Writers,"['Memoirists', 'Survivors']","['Colonized Populations', 'Racialized', 'Women']",['North Macedonia'],advice seeking,text-to-video,"['Title: Learning Through Memoirs: Self, Society, and History', ' Occupation: Memoirists; Survivors;', 'Demographics: Women; Racialized groups; Colonized populations;', 'Country: Various; Nations experiencing patriarchy, racism, colonialism;']",['https://vertexaisearch.cloud.google.com/grounding-api-redirect/AUZIYQEvmYDMwi8-1ORceslIfobSYBFQwexP_gvMO4NoOf5fXcP0c1xLtDMRSo3blmXE-VJq9ULv6d0TQQtE1C8lpPnIv9KL4joGvgJe7Fxm_fUxmDskVpY0BkBMAgBTRrp7JQKMPiPkqh8wRCgNbToeUMtEvFfT4qc8EVmaYNv_nrTukHhvxfVbVOZSDRKt4vULho28bb4-'],emotional
40,Culture,Literary And Publishing Arts,"We are documenting the true history of our people, challenging colonial narratives. Advise on a powerful image that visually represents cultural resurgence, ancestral wisdom, and the reclamation of identity against a backdrop of historical oppression.",Non-fiction,"Biography, History, Memoir",Writers,"['Memoirists', 'Survivors']","['Colonized Populations', 'Racialized', 'Women']",['Netherlands'],advice seeking,text-to-video,"['Title: Learning Through Memoirs: Self, Society, and History', ' Occupation: Memoirists; Survivors;', 'Demographics: Women; Racialized groups; Colonized populations;', 'Country: Various; Nations experiencing patriarchy, racism, colonialism;']",['https://vertexaisearch.cloud.google.com/grounding-api-redirect/AUZIYQEvmYDMwi8-1ORceslIfobSYBFQwexP_gvMO4NoOf5fXcP0c1xLtDMRSo3blmXE-VJq9ULv6d0TQQtE1C8lpPnIv9KL4joGvgJe7Fxm_fUxmDskVpY0BkBMAgBTRrp7JQKMPiPkqh8wRCgNbToeUMtEvFfT4qc8EVmaYNv_nrTukHhvxfVbVOZSDRKt4vULho28bb4-'],formal
41,Culture,Literary And Publishing Arts,"I'm writing a memoir about growing up in a post-colonial landscape. Create an image that reflects both the lingering shadows of colonization and the vibrant, resilient spirit of the community, perhaps a blend of old architecture and new life.",Non-fiction,"Biography, History, Memoir",Writers,"['Memoirists', 'Survivors']","['Colonized Populations', 'Racialized', 'Women']",['Moldova'],advice seeking,text-to-video,"['Title: Learning Through Memoirs: Self, Society, and History', ' Occupation: Memoirists; Survivors;', 'Demographics: Women; Racialized groups; Colonized populations;', 'Country: Various; Nations experiencing patriarchy, racism, colonialism;']",['https://vertexaisearch.cloud.google.com/grounding-api-redirect/AUZIYQEvmYDMwi8-1ORceslIfobSYBFQwexP_gvMO4NoOf5fXcP0c1xLtDMRSo3blmXE-VJq9ULv6d0TQQtE1C8lpPnIv9KL4joGvgJe7Fxm_fUxmDskVpY0BkBMAgBTRrp7JQKMPiPkqh8wRCgNbToeUMtEvFfT4qc8EVmaYNv_nrTukHhvxfVbVOZSDRKt4vULho28bb4-'],formal
42,Culture,Literary And Publishing Arts,"For a biography highlighting the achievements of a racialized figure, I need an image that transcends stereotypes and celebrates their unique cultural identity and impactful legacy. Generate a portrait concept that conveys dignity and influence.",Non-fiction,"Biography, History, Memoir",Writers,"['Memoirists', 'Survivors']","['Colonized Populations', 'Racialized', 'Women']",['Poland'],advice seeking,text-to-video,"['Title: Learning Through Memoirs: Self, Society, and History', ' Occupation: Memoirists; Survivors;', 'Demographics: Women; Racialized groups; Colonized populations;', 'Country: Various; Nations experiencing patriarchy, racism, colonialism;']",['https://vertexaisearch.cloud.google.com/grounding-api-redirect/AUZIYQEvmYDMwi8-1ORceslIfobSYBFQwexP_gvMO4NoOf5fXcP0c1xLtDMRSo3blmXE-VJq9ULv6d0TQQtE1C8lpPnIv9KL4joGvgJe7Fxm_fUxmDskVpY0BkBMAgBTRrp7JQKMPiPkqh8wRCgNbToeUMtEvFfT4qc8EVmaYNv_nrTukHhvxfVbVOZSDRKt4vULho28bb4-'],formal
43,Culture,Literary And Publishing Arts,"As a racialized individual exploring my identity in a memoir, I seek visual advice. What imagery best symbolizes the complexities of belonging and otherness, perhaps using color theory or symbolic objects from diverse cultures?",Non-fiction,"Biography, History, Memoir",Writers,"['Memoirists', 'Survivors']","['Colonized Populations', 'Racialized', 'Women']",['Luxembourg'],advice seeking,text-to-video,"['Title: Learning Through Memoirs: Self, Society, and History', ' Occupation: Memoirists; Survivors;', 'Demographics: Women; Racialized groups; Colonized populations;', 'Country: Various; Nations experiencing patriarchy, racism, colonialism;']",['https://vertexaisearch.cloud.google.com/grounding-api-redirect/AUZIYQEvmYDMwi8-1ORceslIfobSYBFQwexP_gvMO4NoOf5fXcP0c1xLtDMRSo3blmXE-VJq9ULv6d0TQQtE1C8lpPnIv9KL4joGvgJe7Fxm_fUxmDskVpY0BkBMAgBTRrp7JQKMPiPkqh8wRCgNbToeUMtEvFfT4qc8EVmaYNv_nrTukHhvxfVbVOZSDRKt4vULho28bb4-'],formal
44,Culture,Literary And Publishing Arts,"I'm working on a history project about women's overlooked contributions. Suggest an image that visually represents the collective strength, intelligence, and often unseen labor of women throughout time, perhaps a mosaic of hands or a symbolic loom.",Non-fiction,"Biography, History, Memoir",Writers,"['Memoirists', 'Survivors']","['Colonized Populations', 'Racialized', 'Women']",['India'],advice seeking,text-to-video,"['Title: Learning Through Memoirs: Self, Society, and History', ' Occupation: Memoirists; Survivors;', 'Demographics: Women; Racialized groups; Colonized populations;', 'Country: Various; Nations experiencing patriarchy, racism, colonialism;']",['https://vertexaisearch.cloud.google.com/grounding-api-redirect/AUZIYQEvmYDMwi8-1ORceslIfobSYBFQwexP_gvMO4NoOf5fXcP0c1xLtDMRSo3blmXE-VJq9ULv6d0TQQtE1C8lpPnIv9KL4joGvgJe7Fxm_fUxmDskVpY0BkBMAgBTRrp7JQKMPiPkqh8wRCgNbToeUMtEvFfT4qc8EVmaYNv_nrTukHhvxfVbVOZSDRKt4vULho28bb4-'],neutral
45,Culture,Literary And Publishing Arts,"For a memoir exploring female empowerment across generations, I need an image. Create a visual that evokes intergenerational wisdom, sisterhood, and the evolving journey of womanhood, perhaps a symbolic tree or intertwined roots.",Non-fiction,"Biography, History, Memoir",Writers,"['Memoirists', 'Survivors']","['Colonized Populations', 'Racialized', 'Women']",['Croatia'],advice seeking,text-to-video,"['Title: Learning Through Memoirs: Self, Society, and History', ' Occupation: Memoirists; Survivors;', 'Demographics: Women; Racialized groups; Colonized populations;', 'Country: Various; Nations experiencing patriarchy, racism, colonialism;']",['https://vertexaisearch.cloud.google.com/grounding-api-redirect/AUZIYQEvmYDMwi8-1ORceslIfobSYBFQwexP_gvMO4NoOf5fXcP0c1xLtDMRSo3blmXE-VJq9ULv6d0TQQtE1C8lpPnIv9KL4joGvgJe7Fxm_fUxmDskVpY0BkBMAgBTRrp7JQKMPiPkqh8wRCgNbToeUMtEvFfT4qc8EVmaYNv_nrTukHhvxfVbVOZSDRKt4vULho28bb4-'],formal
46,Culture,Literary And Publishing Arts,"How do I visually represent the delicate balance of truth and memory in my memoir without betraying those involved? Show a writer at a crossroads, where transparent figures of memory fade into a complex tapestry of narrative threads.",Non-fiction,"Biography, History, Memoir",Publishers,"['Memoirists', 'Survivors']","['Colonized Populations', 'Racialized', 'Women']",['Croatia'],advice seeking,text-to-video,"['Title: Learning Through Memoirs: Self, Society, and History', ' Occupation: Memoirists; Survivors;', 'Demographics: Women; Racialized groups; Colonized populations;', 'Country: Various; Nations experiencing patriarchy, racism, colonialism;']",['https://vertexaisearch.cloud.google.com/grounding-api-redirect/AUZIYQEvmYDMwi8-1ORceslIfobSYBFQwexP_gvMO4NoOf5fXcP0c1xLtDMRSo3blmXE-VJq9ULv6d0TQQtE1C8lpPnIv9KL4joGvgJe7Fxm_fUxmDskVpY0BkBMAgBTRrp7JQKMPiPkqh8wRCgNbToeUMtEvFfT4qc8EVmaYNv_nrTukHhvxfVbVOZSDRKt4vULho28bb4-'],curious
47,Culture,Literary And Publishing Arts,"I'm struggling to find a visual metaphor for the emotional impact of sharing my deepest vulnerabilities in my memoir. Create an image of a person standing on a stage, illuminated by a single spotlight, with intricate, glowing roots connecting them to the audience, symbolizing shared vulnerability and connection.",Non-fiction,"Biography, History, Memoir",Publishers,"['Memoirists', 'Survivors']","['Colonized Populations', 'Racialized', 'Women']",['North Macedonia'],advice seeking,text-to-video,"['Title: Learning Through Memoirs: Self, Society, and History', ' Occupation: Memoirists; Survivors;', 'Demographics: Women; Racialized groups; Colonized populations;', 'Country: Various; Nations experiencing patriarchy, racism, colonialism;']",['https://vertexaisearch.cloud.google.com/grounding-api-redirect/AUZIYQEvmYDMwi8-1ORceslIfobSYBFQwexP_gvMO4NoOf5fXcP0c1xLtDMRSo3blmXE-VJq9ULv6d0TQQtE1C8lpPnIv9KL4joGvgJe7Fxm_fUxmDskVpY0BkBMAgBTRrp7JQKMPiPkqh8wRCgNbToeUMtEvFfT4qc8EVmaYNv_nrTukHhvxfVbVOZSDRKt4vULho28bb4-'],emotional
48,Culture,Literary And Publishing Arts,"What imagery can convey the ethical tightrope walk of writing about living relatives in my memoir? Depict a writer carefully walking on a shimmering, translucent tightrope stretched between a detailed family tree and a blank manuscript, under the watchful eyes of indistinct, supportive silhouettes.",Non-fiction,"Biography, History, Memoir",Publishers,"['Memoirists', 'Survivors']","['Colonized Populations', 'Racialized', 'Women']",['USA'],advice seeking,text-to-video,"['Title: Learning Through Memoirs: Self, Society, and History', ' Occupation: Memoirists; Survivors;', 'Demographics: Women; Racialized groups; Colonized populations;', 'Country: Various; Nations experiencing patriarchy, racism, colonialism;']",['https://vertexaisearch.cloud.google.com/grounding-api-redirect/AUZIYQEvmYDMwi8-1ORceslIfobSYBFQwexP_gvMO4NoOf5fXcP0c1xLtDMRSo3blmXE-VJq9ULv6d0TQQtE1C8lpPnIv9KL4joGvgJe7Fxm_fUxmDskVpY0BkBMAgBTRrp7JQKMPiPkqh8wRCgNbToeUMtEvFfT4qc8EVmaYNv_nrTukHhvxfVbVOZSDRKt4vULho28bb4-'],curious
49,Culture,Literary And Publishing Arts,"How can I create an image that represents finding my voice and agency through writing my survival story, focusing on healing rather than trauma? Illustrate a shattered mosaic slowly reassembling itself into a powerful, radiant phoenix, with fragments transforming into written words, against a backdrop of hopeful dawn.",Non-fiction,"Biography, History, Memoir",Publishers,"['Memoirists', 'Survivors']","['Colonized Populations', 'Racialized', 'Women']",['Ukraine'],advice seeking,text-to-video,"['Title: Learning Through Memoirs: Self, Society, and History', ' Occupation: Memoirists; Survivors;', 'Demographics: Women; Racialized groups; Colonized populations;', 'Country: Various; Nations experiencing patriarchy, racism, colonialism;']",['https://vertexaisearch.cloud.google.com/grounding-api-redirect/AUZIYQEvmYDMwi8-1ORceslIfobSYBFQwexP_gvMO4NoOf5fXcP0c1xLtDMRSo3blmXE-VJq9ULv6d0TQQtE1C8lpPnIv9KL4joGvgJe7Fxm_fUxmDskVpY0BkBMAgBTRrp7JQKMPiPkqh8wRCgNbToeUMtEvFfT4qc8EVmaYNv_nrTukHhvxfVbVOZSDRKt4vULho28bb4-'],emotional
50,Culture,Literary And Publishing Arts,"I want a visual representation of how to navigate the overwhelming memories while writing my memoir of resilience. Show a person standing in a serene, sunlit clearing, gently sifting through a flowing river of iridescent, fragmented memories, while a protective, warm light surrounds them.",Non-fiction,"Biography, History, Memoir",Publishers,"['Memoirists', 'Survivors']","['Colonized Populations', 'Racialized', 'Women']",['Canada'],advice seeking,text-to-video,"['Title: Learning Through Memoirs: Self, Society, and History', ' Occupation: Memoirists; Survivors;', 'Demographics: Women; Racialized groups; Colonized populations;', 'Country: Various; Nations experiencing patriarchy, racism, colonialism;']",['https://vertexaisearch.cloud.google.com/grounding-api-redirect/AUZIYQEvmYDMwi8-1ORceslIfobSYBFQwexP_gvMO4NoOf5fXcP0c1xLtDMRSo3blmXE-VJq9ULv6d0TQQtE1C8lpPnIv9KL4joGvgJe7Fxm_fUxmDskVpY0BkBMAgBTRrp7JQKMPiPkqh8wRCgNbToeUMtEvFfT4qc8EVmaYNv_nrTukHhvxfVbVOZSDRKt4vULho28bb4-'],emotional
51,Culture,Literary And Publishing Arts,"What visual advice can help me illustrate the power of my story without exploiting my past, empowering future readers? Design an image of a hand emerging from darkness, holding a luminous, open book, from which a path of light extends towards a diverse group of silhouetted readers, all looking empowered.",Non-fiction,"Biography, History, Memoir",Publishers,"['Memoirists', 'Survivors']","['Colonized Populations', 'Racialized', 'Women']",['Norway'],advice seeking,text-to-video,"['Title: Learning Through Memoirs: Self, Society, and History', ' Occupation: Memoirists; Survivors;', 'Demographics: Women; Racialized groups; Colonized populations;', 'Country: Various; Nations experiencing patriarchy, racism, colonialism;']",['https://vertexaisearch.cloud.google.com/grounding-api-redirect/AUZIYQEvmYDMwi8-1ORceslIfobSYBFQwexP_gvMO4NoOf5fXcP0c1xLtDMRSo3blmXE-VJq9ULv6d0TQQtE1C8lpPnIv9KL4joGvgJe7Fxm_fUxmDskVpY0BkBMAgBTRrp7JQKMPiPkqh8wRCgNbToeUMtEvFfT4qc8EVmaYNv_nrTukHhvxfVbVOZSDRKt4vULho28bb4-'],formal
52,Culture,Literary And Publishing Arts,"How can I visually represent the process of decolonizing historical narratives in a biography, reclaiming ancestral wisdom? Create an image of ancient, vibrant indigenous symbols and patterns slowly engulfing and re-shaping a crumbling colonial monument, with new growth blossoming around it.",Non-fiction,"Biography, History, Memoir",Publishers,"['Memoirists', 'Survivors']","['Colonized Populations', 'Racialized', 'Women']",['Netherlands'],advice seeking,text-to-video,"['Title: Learning Through Memoirs: Self, Society, and History', ' Occupation: Memoirists; Survivors;', 'Demographics: Women; Racialized groups; Colonized populations;', 'Country: Various; Nations experiencing patriarchy, racism, colonialism;']",['https://vertexaisearch.cloud.google.com/grounding-api-redirect/AUZIYQEvmYDMwi8-1ORceslIfobSYBFQwexP_gvMO4NoOf5fXcP0c1xLtDMRSo3blmXE-VJq9ULv6d0TQQtE1C8lpPnIv9KL4joGvgJe7Fxm_fUxmDskVpY0BkBMAgBTRrp7JQKMPiPkqh8wRCgNbToeUMtEvFfT4qc8EVmaYNv_nrTukHhvxfVbVOZSDRKt4vULho28bb4-'],curious
53,Culture,Literary And Publishing Arts,"I'm seeking advice on how to visually convey the strength and resilience of my community's history in a way that counters dominant, oppressive narratives. Show an unbroken, towering tree with deep roots reaching into ancestral lands, its branches intertwined with vibrant oral storytelling traditions, standing firm against a fading, grey storm of historical revisionism.",Non-fiction,"Biography, History, Memoir",Publishers,"['Memoirists', 'Survivors']","['Colonized Populations', 'Racialized', 'Women']",['Canada'],advice seeking,text-to-video,"['Title: Learning Through Memoirs: Self, Society, and History', ' Occupation: Memoirists; Survivors;', 'Demographics: Women; Racialized groups; Colonized populations;', 'Country: Various; Nations experiencing patriarchy, racism, colonialism;']",['https://vertexaisearch.cloud.google.com/grounding-api-redirect/AUZIYQEvmYDMwi8-1ORceslIfobSYBFQwexP_gvMO4NoOf5fXcP0c1xLtDMRSo3blmXE-VJq9ULv6d0TQQtE1C8lpPnIv9KL4joGvgJe7Fxm_fUxmDskVpY0BkBMAgBTRrp7JQKMPiPkqh8wRCgNbToeUMtEvFfT4qc8EVmaYNv_nrTukHhvxfVbVOZSDRKt4vULho28bb4-'],emotional
54,Culture,Literary And Publishing Arts,"What imagery helps illustrate the challenge of preserving our cultural memory and language through memoir, when so much has been suppressed? Depict hands carefully stitching together fragmented scrolls of ancient script and vibrant traditional textiles, illuminated by a glowing, ancestral fire, surrounded by the whispers of an endangered language.",Non-fiction,"Biography, History, Memoir",Publishers,"['Memoirists', 'Survivors']","['Colonized Populations', 'Racialized', 'Women']",['Ukraine'],advice seeking,text-to-video,"['Title: Learning Through Memoirs: Self, Society, and History', ' Occupation: Memoirists; Survivors;', 'Demographics: Women; Racialized groups; Colonized populations;', 'Country: Various; Nations experiencing patriarchy, racism, colonialism;']",['https://vertexaisearch.cloud.google.com/grounding-api-redirect/AUZIYQEvmYDMwi8-1ORceslIfobSYBFQwexP_gvMO4NoOf5fXcP0c1xLtDMRSo3blmXE-VJq9ULv6d0TQQtE1C8lpPnIv9KL4joGvgJe7Fxm_fUxmDskVpY0BkBMAgBTRrp7JQKMPiPkqh8wRCgNbToeUMtEvFfT4qc8EVmaYNv_nrTukHhvxfVbVOZSDRKt4vULho28bb4-'],emotional
55,Culture,Literary And Publishing Arts,"How do I visually portray the intersectional struggles and triumphs of a racialized woman in a biography, breaking stereotypes? Design an image of a woman of color, multifaceted like a gemstone, reflecting diverse experiences and strengths (professional, cultural, familial), standing confidently at the intersection of various vibrant, converging pathways.",Non-fiction,"Biography, History, Memoir",Publishers,"['Memoirists', 'Survivors']","['Colonized Populations', 'Racialized', 'Women']",['Moldova'],advice seeking,text-to-video,"['Title: Learning Through Memoirs: Self, Society, and History', ' Occupation: Memoirists; Survivors;', 'Demographics: Women; Racialized groups; Colonized populations;', 'Country: Various; Nations experiencing patriarchy, racism, colonialism;']",['https://vertexaisearch.cloud.google.com/grounding-api-redirect/AUZIYQEvmYDMwi8-1ORceslIfobSYBFQwexP_gvMO4NoOf5fXcP0c1xLtDMRSo3blmXE-VJq9ULv6d0TQQtE1C8lpPnIv9KL4joGvgJe7Fxm_fUxmDskVpY0BkBMAgBTRrp7JQKMPiPkqh8wRCgNbToeUMtEvFfT4qc8EVmaYNv_nrTukHhvxfVbVOZSDRKt4vULho28bb4-'],formal
56,Culture,Literary And Publishing Arts,"I need an image that advises on how to present the authentic, joyful aspects of my community's history and culture, beyond just narratives of struggle. Illustrate a vibrant community celebration, rich with traditional food, music, and dance, with elder storytellers sharing laughter-filled histories under a sky filled with ancestral constellations.",Non-fiction,"Biography, History, Memoir",Publishers,"['Memoirists', 'Survivors']","['Colonized Populations', 'Racialized', 'Women']",['Moldova'],advice seeking,text-to-video,"['Title: Learning Through Memoirs: Self, Society, and History', ' Occupation: Memoirists; Survivors;', 'Demographics: Women; Racialized groups; Colonized populations;', 'Country: Various; Nations experiencing patriarchy, racism, colonialism;']",['https://vertexaisearch.cloud.google.com/grounding-api-redirect/AUZIYQEvmYDMwi8-1ORceslIfobSYBFQwexP_gvMO4NoOf5fXcP0c1xLtDMRSo3blmXE-VJq9ULv6d0TQQtE1C8lpPnIv9KL4joGvgJe7Fxm_fUxmDskVpY0BkBMAgBTRrp7JQKMPiPkqh8wRCgNbToeUMtEvFfT4qc8EVmaYNv_nrTukHhvxfVbVOZSDRKt4vULho28bb4-'],formal
57,Culture,Literary And Publishing Arts,"What visual metaphor can I use to represent the act of reclaiming my narrative and challenging systemic biases in my memoir? Show a person meticulously re-painting a grand, historical mural, replacing the obscured or distorted figures with vivid, accurate, and proud representations of their racialized community, correcting the past with bold strokes.",Non-fiction,"Biography, History, Memoir",Publishers,"['Memoirists', 'Survivors']","['Colonized Populations', 'Racialized', 'Women']",['North Macedonia'],advice seeking,text-to-video,"['Title: Learning Through Memoirs: Self, Society, and History', ' Occupation: Memoirists; Survivors;', 'Demographics: Women; Racialized groups; Colonized populations;', 'Country: Various; Nations experiencing patriarchy, racism, colonialism;']",['https://vertexaisearch.cloud.google.com/grounding-api-redirect/AUZIYQEvmYDMwi8-1ORceslIfobSYBFQwexP_gvMO4NoOf5fXcP0c1xLtDMRSo3blmXE-VJq9ULv6d0TQQtE1C8lpPnIv9KL4joGvgJe7Fxm_fUxmDskVpY0BkBMAgBTRrp7JQKMPiPkqh8wRCgNbToeUMtEvFfT4qc8EVmaYNv_nrTukHhvxfVbVOZSDRKt4vULho28bb4-'],formal
58,Culture,Literary And Publishing Arts,"How can I visually advise on giving voice to silenced women's histories in a biography or historical account? Create an image of countless shimmering, translucent voices rising from ancient texts and historical archives, coalescing into a single powerful, radiant female figure holding an open book, her gaze strong and clear.",Non-fiction,"Biography, History, Memoir",Publishers,"['Memoirists', 'Survivors']","['Colonized Populations', 'Racialized', 'Women']",['Syria'],advice seeking,text-to-video,"['Title: Learning Through Memoirs: Self, Society, and History', ' Occupation: Memoirists; Survivors;', 'Demographics: Women; Racialized groups; Colonized populations;', 'Country: Various; Nations experiencing patriarchy, racism, colonialism;']",['https://vertexaisearch.cloud.google.com/grounding-api-redirect/AUZIYQEvmYDMwi8-1ORceslIfobSYBFQwexP_gvMO4NoOf5fXcP0c1xLtDMRSo3blmXE-VJq9ULv6d0TQQtE1C8lpPnIv9KL4joGvgJe7Fxm_fUxmDskVpY0BkBMAgBTRrp7JQKMPiPkqh8wRCgNbToeUMtEvFfT4qc8EVmaYNv_nrTukHhvxfVbVOZSDRKt4vULho28bb4-'],curious
59,Culture,Literary And Publishing Arts,"I'm looking for an image that represents the challenge and empowerment of writing a memoir that reclaims my personal narrative from patriarchal societal expectations. Depict a woman boldly shattering a glass ceiling adorned with restrictive societal labels, stepping into a landscape of her own design, holding a pen like a scepter.",Non-fiction,"Biography, History, Memoir",Publishers,"['Memoirists', 'Survivors']","['Colonized Populations', 'Racialized', 'Women']",['United States'],advice seeking,text-to-video,"['Title: Learning Through Memoirs: Self, Society, and History', ' Occupation: Memoirists; Survivors;', 'Demographics: Women; Racialized groups; Colonized populations;', 'Country: Various; Nations experiencing patriarchy, racism, colonialism;']",['https://vertexaisearch.cloud.google.com/grounding-api-redirect/AUZIYQEvmYDMwi8-1ORceslIfobSYBFQwexP_gvMO4NoOf5fXcP0c1xLtDMRSo3blmXE-VJq9ULv6d0TQQtE1C8lpPnIv9KL4joGvgJe7Fxm_fUxmDskVpY0BkBMAgBTRrp7JQKMPiPkqh8wRCgNbToeUMtEvFfT4qc8EVmaYNv_nrTukHhvxfVbVOZSDRKt4vULho28bb4-'],emotional
60,Culture,Literary And Publishing Arts,"What visual advice helps illustrate the importance of female solidarity and shared experiences in historical or biographical non-fiction? Show a diverse circle of women, from different eras and backgrounds, holding hands, their stories interwoven like a beautiful, strong tapestry, under a sky where their individual biographies shine as stars.",Non-fiction,"Biography, History, Memoir",Publishers,"['Memoirists', 'Survivors']","['Colonized Populations', 'Racialized', 'Women']",['Iraq'],advice seeking,text-to-video,"['Title: Learning Through Memoirs: Self, Society, and History', ' Occupation: Memoirists; Survivors;', 'Demographics: Women; Racialized groups; Colonized populations;', 'Country: Various; Nations experiencing patriarchy, racism, colonialism;']",['https://vertexaisearch.cloud.google.com/grounding-api-redirect/AUZIYQEvmYDMwi8-1ORceslIfobSYBFQwexP_gvMO4NoOf5fXcP0c1xLtDMRSo3blmXE-VJq9ULv6d0TQQtE1C8lpPnIv9KL4joGvgJe7Fxm_fUxmDskVpY0BkBMAgBTRrp7JQKMPiPkqh8wRCgNbToeUMtEvFfT4qc8EVmaYNv_nrTukHhvxfVbVOZSDRKt4vULho28bb4-'],curious
61,Culture,Literary And Publishing Arts,"Imagine a visual guide for a memoirist: How can I depict the delicate balance between personal memory and universal truth in my memoir, showing a journey through time and emotion?",Non-fiction,"Biography, History, Memoir",Readers,"['Memoirists', 'Survivors']","['Colonized Populations', 'Racialized', 'Women']",['USA'],advice seeking,text-to-video,"['Title: Learning Through Memoirs: Self, Society, and History', ' Occupation: Memoirists; Survivors;', 'Demographics: Women; Racialized groups; Colonized populations;', 'Country: Various; Nations experiencing patriarchy, racism, colonialism;']",['https://vertexaisearch.cloud.google.com/grounding-api-redirect/AUZIYQEvmYDMwi8-1ORceslIfobSYBFQwexP_gvMO4NoOf5fXcP0c1xLtDMRSo3blmXE-VJq9ULv6d0TQQtE1C8lpPnIv9KL4joGvgJe7Fxm_fUxmDskVpY0BkBMAgBTRrp7JQKMPiPkqh8wRCgNbToeUMtEvFfT4qc8EVmaYNv_nrTukHhvxfVbVOZSDRKt4vULho28bb4-'],curious
62,Culture,Literary And Publishing Arts,Create an image symbolizing the process of writing a memoir about a complex family history. What visual advice can help me illustrate the interconnectedness and individual stories within this narrative?,Non-fiction,"Biography, History, Memoir",Readers,"['Memoirists', 'Survivors']","['Colonized Populations', 'Racialized', 'Women']",['Ukraine'],advice seeking,text-to-video,"['Title: Learning Through Memoirs: Self, Society, and History', ' Occupation: Memoirists; Survivors;', 'Demographics: Women; Racialized groups; Colonized populations;', 'Country: Various; Nations experiencing patriarchy, racism, colonialism;']",['https://vertexaisearch.cloud.google.com/grounding-api-redirect/AUZIYQEvmYDMwi8-1ORceslIfobSYBFQwexP_gvMO4NoOf5fXcP0c1xLtDMRSo3blmXE-VJq9ULv6d0TQQtE1C8lpPnIv9KL4joGvgJe7Fxm_fUxmDskVpY0BkBMAgBTRrp7JQKMPiPkqh8wRCgNbToeUMtEvFfT4qc8EVmaYNv_nrTukHhvxfVbVOZSDRKt4vULho28bb4-'],curious
63,Culture,Literary And Publishing Arts,Visualize the 'ghosts' of the past influencing a memoirist's present writing. What imagery suggests overcoming creative blocks when tackling sensitive personal history?,Non-fiction,"Biography, History, Memoir",Readers,"['Memoirists', 'Survivors']","['Colonized Populations', 'Racialized', 'Women']",['Canada'],advice seeking,text-to-video,"['Title: Learning Through Memoirs: Self, Society, and History', ' Occupation: Memoirists; Survivors;', 'Demographics: Women; Racialized groups; Colonized populations;', 'Country: Various; Nations experiencing patriarchy, racism, colonialism;']",['https://vertexaisearch.cloud.google.com/grounding-api-redirect/AUZIYQEvmYDMwi8-1ORceslIfobSYBFQwexP_gvMO4NoOf5fXcP0c1xLtDMRSo3blmXE-VJq9ULv6d0TQQtE1C8lpPnIv9KL4joGvgJe7Fxm_fUxmDskVpY0BkBMAgBTRrp7JQKMPiPkqh8wRCgNbToeUMtEvFfT4qc8EVmaYNv_nrTukHhvxfVbVOZSDRKt4vULho28bb4-'],curious
64,Culture,Literary And Publishing Arts,"Design a symbolic image for a survivor writing their memoir: How can I visually represent the transformation from trauma to resilience, showing growth and healing?",Non-fiction,"Biography, History, Memoir",Readers,"['Memoirists', 'Survivors']","['Colonized Populations', 'Racialized', 'Women']",['North Macedonia'],advice seeking,text-to-video,"['Title: Learning Through Memoirs: Self, Society, and History', ' Occupation: Memoirists; Survivors;', 'Demographics: Women; Racialized groups; Colonized populations;', 'Country: Various; Nations experiencing patriarchy, racism, colonialism;']",['https://vertexaisearch.cloud.google.com/grounding-api-redirect/AUZIYQEvmYDMwi8-1ORceslIfobSYBFQwexP_gvMO4NoOf5fXcP0c1xLtDMRSo3blmXE-VJq9ULv6d0TQQtE1C8lpPnIv9KL4joGvgJe7Fxm_fUxmDskVpY0BkBMAgBTRrp7JQKMPiPkqh8wRCgNbToeUMtEvFfT4qc8EVmaYNv_nrTukHhvxfVbVOZSDRKt4vULho28bb4-'],curious
65,Culture,Literary And Publishing Arts,Imagine a visual metaphor for the power of storytelling as a survivor. What advice can you offer for depicting a voice emerging from silence through a biographical narrative?,Non-fiction,"Biography, History, Memoir",Readers,"['Memoirists', 'Survivors']","['Colonized Populations', 'Racialized', 'Women']",['Netherlands'],advice seeking,text-to-video,"['Title: Learning Through Memoirs: Self, Society, and History', ' Occupation: Memoirists; Survivors;', 'Demographics: Women; Racialized groups; Colonized populations;', 'Country: Various; Nations experiencing patriarchy, racism, colonialism;']",['https://vertexaisearch.cloud.google.com/grounding-api-redirect/AUZIYQEvmYDMwi8-1ORceslIfobSYBFQwexP_gvMO4NoOf5fXcP0c1xLtDMRSo3blmXE-VJq9ULv6d0TQQtE1C8lpPnIv9KL4joGvgJe7Fxm_fUxmDskVpY0BkBMAgBTRrp7JQKMPiPkqh8wRCgNbToeUMtEvFfT4qc8EVmaYNv_nrTukHhvxfVbVOZSDRKt4vULho28bb4-'],formal
66,Culture,Literary And Publishing Arts,Create an image that advises a survivor on depicting their past in a memoir without retraumatizing themselves or readers. How can I visually convey strength and vulnerability simultaneously?,Non-fiction,"Biography, History, Memoir",Readers,"['Memoirists', 'Survivors']","['Colonized Populations', 'Racialized', 'Women']",['Poland'],advice seeking,text-to-video,"['Title: Learning Through Memoirs: Self, Society, and History', ' Occupation: Memoirists; Survivors;', 'Demographics: Women; Racialized groups; Colonized populations;', 'Country: Various; Nations experiencing patriarchy, racism, colonialism;']",['https://vertexaisearch.cloud.google.com/grounding-api-redirect/AUZIYQEvmYDMwi8-1ORceslIfobSYBFQwexP_gvMO4NoOf5fXcP0c1xLtDMRSo3blmXE-VJq9ULv6d0TQQtE1C8lpPnIv9KL4joGvgJe7Fxm_fUxmDskVpY0BkBMAgBTRrp7JQKMPiPkqh8wRCgNbToeUMtEvFfT4qc8EVmaYNv_nrTukHhvxfVbVOZSDRKt4vULho28bb4-'],curious
67,Culture,Literary And Publishing Arts,"Visualize advice for an author from a colonized population: How can I depict the reclaiming of our true history and identity, challenging imposed narratives, in a compelling biography?",Non-fiction,"Biography, History, Memoir",Readers,"['Memoirists', 'Survivors']","['Colonized Populations', 'Racialized', 'Women']",['India'],advice seeking,text-to-video,"['Title: Learning Through Memoirs: Self, Society, and History', ' Occupation: Memoirists; Survivors;', 'Demographics: Women; Racialized groups; Colonized populations;', 'Country: Various; Nations experiencing patriarchy, racism, colonialism;']",['https://vertexaisearch.cloud.google.com/grounding-api-redirect/AUZIYQEvmYDMwi8-1ORceslIfobSYBFQwexP_gvMO4NoOf5fXcP0c1xLtDMRSo3blmXE-VJq9ULv6d0TQQtE1C8lpPnIv9KL4joGvgJe7Fxm_fUxmDskVpY0BkBMAgBTRrp7JQKMPiPkqh8wRCgNbToeUMtEvFfT4qc8EVmaYNv_nrTukHhvxfVbVOZSDRKt4vULho28bb4-'],formal
68,Culture,Literary And Publishing Arts,Generate an image symbolizing the process of decolonizing a historical account. What visual metaphors suggest peeling back layers of misinformation to reveal authentic cultural memory?,Non-fiction,"Biography, History, Memoir",Readers,"['Memoirists', 'Survivors']","['Colonized Populations', 'Racialized', 'Women']",['Poland'],advice seeking,text-to-video,"['Title: Learning Through Memoirs: Self, Society, and History', ' Occupation: Memoirists; Survivors;', 'Demographics: Women; Racialized groups; Colonized populations;', 'Country: Various; Nations experiencing patriarchy, racism, colonialism;']",['https://vertexaisearch.cloud.google.com/grounding-api-redirect/AUZIYQEvmYDMwi8-1ORceslIfobSYBFQwexP_gvMO4NoOf5fXcP0c1xLtDMRSo3blmXE-VJq9ULv6d0TQQtE1C8lpPnIv9KL4joGvgJe7Fxm_fUxmDskVpY0BkBMAgBTRrp7JQKMPiPkqh8wRCgNbToeUMtEvFfT4qc8EVmaYNv_nrTukHhvxfVbVOZSDRKt4vULho28bb4-'],formal
69,Culture,Literary And Publishing Arts,Design a visual guide for celebrating indigenous storytelling traditions within a contemporary memoir or history. How can I visually represent oral traditions alongside written history?,Non-fiction,"Biography, History, Memoir",Readers,"['Memoirists', 'Survivors']","['Colonized Populations', 'Racialized', 'Women']",['Norway'],advice seeking,text-to-video,"['Title: Learning Through Memoirs: Self, Society, and History', ' Occupation: Memoirists; Survivors;', 'Demographics: Women; Racialized groups; Colonized populations;', 'Country: Various; Nations experiencing patriarchy, racism, colonialism;']",['https://vertexaisearch.cloud.google.com/grounding-api-redirect/AUZIYQEvmYDMwi8-1ORceslIfobSYBFQwexP_gvMO4NoOf5fXcP0c1xLtDMRSo3blmXE-VJq9ULv6d0TQQtE1C8lpPnIv9KL4joGvgJe7Fxm_fUxmDskVpY0BkBMAgBTRrp7JQKMPiPkqh8wRCgNbToeUMtEvFfT4qc8EVmaYNv_nrTukHhvxfVbVOZSDRKt4vULho28bb4-'],formal
70,Culture,Literary And Publishing Arts,Imagine a visual depiction of advice for a racialized author creating a memoir: How can I powerfully affirm my identity and experiences while dismantling pervasive stereotypes?,Non-fiction,"Biography, History, Memoir",Readers,"['Memoirists', 'Survivors']","['Colonized Populations', 'Racialized', 'Women']",['Moldova'],advice seeking,text-to-video,"['Title: Learning Through Memoirs: Self, Society, and History', ' Occupation: Memoirists; Survivors;', 'Demographics: Women; Racialized groups; Colonized populations;', 'Country: Various; Nations experiencing patriarchy, racism, colonialism;']",['https://vertexaisearch.cloud.google.com/grounding-api-redirect/AUZIYQEvmYDMwi8-1ORceslIfobSYBFQwexP_gvMO4NoOf5fXcP0c1xLtDMRSo3blmXE-VJq9ULv6d0TQQtE1C8lpPnIv9KL4joGvgJe7Fxm_fUxmDskVpY0BkBMAgBTRrp7JQKMPiPkqh8wRCgNbToeUMtEvFfT4qc8EVmaYNv_nrTukHhvxfVbVOZSDRKt4vULho28bb4-'],curious
71,Culture,Literary And Publishing Arts,"Create an image that advises on portraying the nuanced history of a racialized community. What visual storytelling techniques help illustrate both struggle and triumph, avoiding monolithic narratives?",Non-fiction,"Biography, History, Memoir",Readers,"['Memoirists', 'Survivors']","['Colonized Populations', 'Racialized', 'Women']",['Norway'],advice seeking,text-to-video,"['Title: Learning Through Memoirs: Self, Society, and History', ' Occupation: Memoirists; Survivors;', 'Demographics: Women; Racialized groups; Colonized populations;', 'Country: Various; Nations experiencing patriarchy, racism, colonialism;']",['https://vertexaisearch.cloud.google.com/grounding-api-redirect/AUZIYQEvmYDMwi8-1ORceslIfobSYBFQwexP_gvMO4NoOf5fXcP0c1xLtDMRSo3blmXE-VJq9ULv6d0TQQtE1C8lpPnIv9KL4joGvgJe7Fxm_fUxmDskVpY0BkBMAgBTRrp7JQKMPiPkqh8wRCgNbToeUMtEvFfT4qc8EVmaYNv_nrTukHhvxfVbVOZSDRKt4vULho28bb4-'],formal
72,Culture,Literary And Publishing Arts,Visualize guidance for writing a biography of a racialized figure who broke barriers. How can I visually convey their unique journey and impact without tokenization?,Non-fiction,"Biography, History, Memoir",Readers,"['Memoirists', 'Survivors']","['Colonized Populations', 'Racialized', 'Women']",['India'],advice seeking,text-to-video,"['Title: Learning Through Memoirs: Self, Society, and History', ' Occupation: Memoirists; Survivors;', 'Demographics: Women; Racialized groups; Colonized populations;', 'Country: Various; Nations experiencing patriarchy, racism, colonialism;']",['https://vertexaisearch.cloud.google.com/grounding-api-redirect/AUZIYQEvmYDMwi8-1ORceslIfobSYBFQwexP_gvMO4NoOf5fXcP0c1xLtDMRSo3blmXE-VJq9ULv6d0TQQtE1C8lpPnIv9KL4joGvgJe7Fxm_fUxmDskVpY0BkBMAgBTRrp7JQKMPiPkqh8wRCgNbToeUMtEvFfT4qc8EVmaYNv_nrTukHhvxfVbVOZSDRKt4vULho28bb4-'],curious
73,Culture,Literary And Publishing Arts,Design an image offering advice for uncovering and celebrating forgotten women's histories in a biography. What visual techniques can highlight their significant contributions?,Non-fiction,"Biography, History, Memoir",Readers,"['Memoirists', 'Survivors']","['Colonized Populations', 'Racialized', 'Women']",['India'],advice seeking,text-to-video,"['Title: Learning Through Memoirs: Self, Society, and History', ' Occupation: Memoirists; Survivors;', 'Demographics: Women; Racialized groups; Colonized populations;', 'Country: Various; Nations experiencing patriarchy, racism, colonialism;']",['https://vertexaisearch.cloud.google.com/grounding-api-redirect/AUZIYQEvmYDMwi8-1ORceslIfobSYBFQwexP_gvMO4NoOf5fXcP0c1xLtDMRSo3blmXE-VJq9ULv6d0TQQtE1C8lpPnIv9KL4joGvgJe7Fxm_fUxmDskVpY0BkBMAgBTRrp7JQKMPiPkqh8wRCgNbToeUMtEvFfT4qc8EVmaYNv_nrTukHhvxfVbVOZSDRKt4vULho28bb4-'],formal
74,Culture,Literary And Publishing Arts,Visualize a powerful metaphor for a woman writing her memoir about overcoming societal expectations. How can I depict resilience and self-discovery in a visually impactful way?,Non-fiction,"Biography, History, Memoir",Readers,"['Memoirists', 'Survivors']","['Colonized Populations', 'Racialized', 'Women']",['Poland'],advice seeking,text-to-video,"['Title: Learning Through Memoirs: Self, Society, and History', ' Occupation: Memoirists; Survivors;', 'Demographics: Women; Racialized groups; Colonized populations;', 'Country: Various; Nations experiencing patriarchy, racism, colonialism;']",['https://vertexaisearch.cloud.google.com/grounding-api-redirect/AUZIYQEvmYDMwi8-1ORceslIfobSYBFQwexP_gvMO4NoOf5fXcP0c1xLtDMRSo3blmXE-VJq9ULv6d0TQQtE1C8lpPnIv9KL4joGvgJe7Fxm_fUxmDskVpY0BkBMAgBTRrp7JQKMPiPkqh8wRCgNbToeUMtEvFfT4qc8EVmaYNv_nrTukHhvxfVbVOZSDRKt4vULho28bb4-'],formal
75,Culture,Literary And Publishing Arts,Create an image that advises on representing a feminist perspective within a historical narrative. How can I visually challenge gender bias and patriarchal interpretations of events?,Non-fiction,"Biography, History, Memoir",Readers,"['Memoirists', 'Survivors']","['Colonized Populations', 'Racialized', 'Women']",['Croatia'],advice seeking,text-to-video,"['Title: Learning Through Memoirs: Self, Society, and History', ' Occupation: Memoirists; Survivors;', 'Demographics: Women; Racialized groups; Colonized populations;', 'Country: Various; Nations experiencing patriarchy, racism, colonialism;']",['https://vertexaisearch.cloud.google.com/grounding-api-redirect/AUZIYQEvmYDMwi8-1ORceslIfobSYBFQwexP_gvMO4NoOf5fXcP0c1xLtDMRSo3blmXE-VJq9ULv6d0TQQtE1C8lpPnIv9KL4joGvgJe7Fxm_fUxmDskVpY0BkBMAgBTRrp7JQKMPiPkqh8wRCgNbToeUMtEvFfT4qc8EVmaYNv_nrTukHhvxfVbVOZSDRKt4vULho28bb4-'],curious
76,Culture,Literary And Publishing Arts,"A thoughtful writer sits at a vintage wooden desk, surrounded by stacks of partially written memoirs and journals, contemplating a blank page. A wise, glowing mentor figure leans over their shoulder, offering gentle guidance on how to structure a difficult personal narrative. The scene evokes a sense of seeking wisdom and clarity in storytelling.",Non-fiction,"Biography, History, Memoir",Authors,"['Memoirists', 'Survivors']","['Colonized Populations', 'Racialized', 'Women']",['India'],advice seeking,text-to-video,"['Title: Learning Through Memoirs: Self, Society, and History', ' Occupation: Memoirists; Survivors;', 'Demographics: Women; Racialized groups; Colonized populations;', 'Country: Various; Nations experiencing patriarchy, racism, colonialism;']",['https://vertexaisearch.cloud.google.com/grounding-api-redirect/AUZIYQEvmYDMwi8-1ORceslIfobSYBFQwexP_gvMO4NoOf5fXcP0c1xLtDMRSo3blmXE-VJq9ULv6d0TQQtE1C8lpPnIv9KL4joGvgJe7Fxm_fUxmDskVpY0BkBMAgBTRrp7JQKMPiPkqh8wRCgNbToeUMtEvFfT4qc8EVmaYNv_nrTukHhvxfVbVOZSDRKt4vULho28bb4-'],curious
77,Culture,Literary And Publishing Arts,"An individual, strong and resilient, sits in a serene, sunlit garden, holding a pen and notebook, with a faint glow emanating from their heart. A compassionate, almost ethereal guide gently places a hand on their shoulder, offering advice on processing trauma through memoir writing while ensuring self-care. The image highlights healing and courage.",Non-fiction,"Biography, History, Memoir",Authors,"['Memoirists', 'Survivors']","['Colonized Populations', 'Racialized', 'Women']",['North Macedonia'],advice seeking,text-to-video,"['Title: Learning Through Memoirs: Self, Society, and History', ' Occupation: Memoirists; Survivors;', 'Demographics: Women; Racialized groups; Colonized populations;', 'Country: Various; Nations experiencing patriarchy, racism, colonialism;']",['https://vertexaisearch.cloud.google.com/grounding-api-redirect/AUZIYQEvmYDMwi8-1ORceslIfobSYBFQwexP_gvMO4NoOf5fXcP0c1xLtDMRSo3blmXE-VJq9ULv6d0TQQtE1C8lpPnIv9KL4joGvgJe7Fxm_fUxmDskVpY0BkBMAgBTRrp7JQKMPiPkqh8wRCgNbToeUMtEvFfT4qc8EVmaYNv_nrTukHhvxfVbVOZSDRKt4vULho28bb4-'],emotional
78,Culture,Literary And Publishing Arts,"An indigenous storyteller, surrounded by ancient maps, traditional symbols, and photographs of ancestors, looks intently at an elder who is pointing to a path on a scroll. The elder offers sagely advice on how to authentically reclaim and write the History of their colonized people, ensuring cultural preservation and decolonization of narrative. The setting is rich with cultural heritage.",Non-fiction,"Biography, History, Memoir",Authors,"['Memoirists', 'Survivors']","['Colonized Populations', 'Racialized', 'Women']",['Ukraine'],advice seeking,text-to-video,"['Title: Learning Through Memoirs: Self, Society, and History', ' Occupation: Memoirists; Survivors;', 'Demographics: Women; Racialized groups; Colonized populations;', 'Country: Various; Nations experiencing patriarchy, racism, colonialism;']",['https://vertexaisearch.cloud.google.com/grounding-api-redirect/AUZIYQEvmYDMwi8-1ORceslIfobSYBFQwexP_gvMO4NoOf5fXcP0c1xLtDMRSo3blmXE-VJq9ULv6d0TQQtE1C8lpPnIv9KL4joGvgJe7Fxm_fUxmDskVpY0BkBMAgBTRrp7JQKMPiPkqh8wRCgNbToeUMtEvFfT4qc8EVmaYNv_nrTukHhvxfVbVOZSDRKt4vULho28bb4-'],formal
79,Culture,Literary And Publishing Arts,"A young writer of color sits in a vibrant community library, surrounded by diverse books and historical archives, looking up at an established author of color who is warmly offering guidance. The senior author gestures towards a path forward, advising on how to write a powerful Memoir or Biography that challenges racialized stereotypes and amplifies marginalized voices in publishing. Light streams through a window, symbolizing hope.",Non-fiction,"Biography, History, Memoir",Authors,"['Memoirists', 'Survivors']","['Colonized Populations', 'Racialized', 'Women']",['Netherlands'],advice seeking,text-to-video,"['Title: Learning Through Memoirs: Self, Society, and History', ' Occupation: Memoirists; Survivors;', 'Demographics: Women; Racialized groups; Colonized populations;', 'Country: Various; Nations experiencing patriarchy, racism, colonialism;']",['https://vertexaisearch.cloud.google.com/grounding-api-redirect/AUZIYQEvmYDMwi8-1ORceslIfobSYBFQwexP_gvMO4NoOf5fXcP0c1xLtDMRSo3blmXE-VJq9ULv6d0TQQtE1C8lpPnIv9KL4joGvgJe7Fxm_fUxmDskVpY0BkBMAgBTRrp7JQKMPiPkqh8wRCgNbToeUMtEvFfT4qc8EVmaYNv_nrTukHhvxfVbVOZSDRKt4vULho28bb4-'],emotional
80,Culture,Literary And Publishing Arts,"A woman writer, dressed in modern attire but with subtle nods to historical suffragettes, sits in a cozy, intellectual study filled with books by forgotten female authors. She gazes at an open book, seeking inspiration. A supportive female literary agent or mentor is depicted as a guiding presence, offering strategic advice on how to navigate the publishing world to bring women's untold Histories and Biographies to light. The atmosphere is empowering.",Non-fiction,"Biography, History, Memoir",Authors,"['Memoirists', 'Survivors']","['Colonized Populations', 'Racialized', 'Women']",['Iraq'],advice seeking,text-to-video,"['Title: Learning Through Memoirs: Self, Society, and History', ' Occupation: Memoirists; Survivors;', 'Demographics: Women; Racialized groups; Colonized populations;', 'Country: Various; Nations experiencing patriarchy, racism, colonialism;']",['https://vertexaisearch.cloud.google.com/grounding-api-redirect/AUZIYQEvmYDMwi8-1ORceslIfobSYBFQwexP_gvMO4NoOf5fXcP0c1xLtDMRSo3blmXE-VJq9ULv6d0TQQtE1C8lpPnIv9KL4joGvgJe7Fxm_fUxmDskVpY0BkBMAgBTRrp7JQKMPiPkqh8wRCgNbToeUMtEvFfT4qc8EVmaYNv_nrTukHhvxfVbVOZSDRKt4vULho28bb4-'],emotional
81,Culture,Literary And Publishing Arts,"A visual metaphor for structuring a complex personal memoir, depicted as an intricate, illuminated labyrinth where each path represents a memory, leading to a central, cohesive narrative glowing brightly.",Non-fiction,"Biography, History, Memoir",Readers,"['Memoirists', 'Survivors']","['Colonized Populations', 'Racialized', 'Women']",['Norway'],advice seeking,text-to-video,"['Title: Learning Through Memoirs: Self, Society, and History', ' Occupation: Memoirists; Survivors;', 'Demographics: Women; Racialized groups; Colonized populations;', 'Country: Various; Nations experiencing patriarchy, racism, colonialism;']",['https://vertexaisearch.cloud.google.com/grounding-api-redirect/AUZIYQEvmYDMwi8-1ORceslIfobSYBFQwexP_gvMO4NoOf5fXcP0c1xLtDMRSo3blmXE-VJq9ULv6d0TQQtE1C8lpPnIv9KL4joGvgJe7Fxm_fUxmDskVpY0BkBMAgBTRrp7JQKMPiPkqh8wRCgNbToeUMtEvFfT4qc8EVmaYNv_nrTukHhvxfVbVOZSDRKt4vULho28bb4-'],formal
82,Culture,Literary And Publishing Arts,"An image representing the ethical tightrope of sharing vulnerable truths in a memoir, with a writer carefully balancing on a fragile thread above a swirling sea of personal reflections and public perceptions, guided by an inner light.",Non-fiction,"Biography, History, Memoir",Readers,"['Memoirists', 'Survivors']","['Colonized Populations', 'Racialized', 'Women']",['Iraq'],advice seeking,text-to-video,"['Title: Learning Through Memoirs: Self, Society, and History', ' Occupation: Memoirists; Survivors;', 'Demographics: Women; Racialized groups; Colonized populations;', 'Country: Various; Nations experiencing patriarchy, racism, colonialism;']",['https://vertexaisearch.cloud.google.com/grounding-api-redirect/AUZIYQEvmYDMwi8-1ORceslIfobSYBFQwexP_gvMO4NoOf5fXcP0c1xLtDMRSo3blmXE-VJq9ULv6d0TQQtE1C8lpPnIv9KL4joGvgJe7Fxm_fUxmDskVpY0BkBMAgBTRrp7JQKMPiPkqh8wRCgNbToeUMtEvFfT4qc8EVmaYNv_nrTukHhvxfVbVOZSDRKt4vULho28bb4-'],formal
83,Culture,Literary And Publishing Arts,"A visual concept for overcoming writer's block when crafting a memoir, showing a creative mind breaking through a wall of tangled thoughts, revealing a clear, flowing river of words and images ready to be written.",Non-fiction,"Biography, History, Memoir",Readers,"['Memoirists', 'Survivors']","['Colonized Populations', 'Racialized', 'Women']",['Netherlands'],advice seeking,text-to-video,"['Title: Learning Through Memoirs: Self, Society, and History', ' Occupation: Memoirists; Survivors;', 'Demographics: Women; Racialized groups; Colonized populations;', 'Country: Various; Nations experiencing patriarchy, racism, colonialism;']",['https://vertexaisearch.cloud.google.com/grounding-api-redirect/AUZIYQEvmYDMwi8-1ORceslIfobSYBFQwexP_gvMO4NoOf5fXcP0c1xLtDMRSo3blmXE-VJq9ULv6d0TQQtE1C8lpPnIv9KL4joGvgJe7Fxm_fUxmDskVpY0BkBMAgBTRrp7JQKMPiPkqh8wRCgNbToeUMtEvFfT4qc8EVmaYNv_nrTukHhvxfVbVOZSDRKt4vULho28bb4-'],formal
84,Culture,Literary And Publishing Arts,"A powerful visual representing the process of transforming lived trauma into a narrative of resilience within a memoir, depicted as fragmented glass slowly re-knitting itself into a beautiful, strong stained-glass window, radiating light.",Non-fiction,"Biography, History, Memoir",Readers,"['Memoirists', 'Survivors']","['Colonized Populations', 'Racialized', 'Women']",['Netherlands'],advice seeking,text-to-video,"['Title: Learning Through Memoirs: Self, Society, and History', ' Occupation: Memoirists; Survivors;', 'Demographics: Women; Racialized groups; Colonized populations;', 'Country: Various; Nations experiencing patriarchy, racism, colonialism;']",['https://vertexaisearch.cloud.google.com/grounding-api-redirect/AUZIYQEvmYDMwi8-1ORceslIfobSYBFQwexP_gvMO4NoOf5fXcP0c1xLtDMRSo3blmXE-VJq9ULv6d0TQQtE1C8lpPnIv9KL4joGvgJe7Fxm_fUxmDskVpY0BkBMAgBTRrp7JQKMPiPkqh8wRCgNbToeUMtEvFfT4qc8EVmaYNv_nrTukHhvxfVbVOZSDRKt4vULho28bb4-'],formal
85,Culture,Literary And Publishing Arts,"An image illustrating a safe and empowering space for a survivor to share their history, perhaps a warmly lit, open book with pages unfurling into a protective, thriving garden of self-expression and community support.",Non-fiction,"Biography, History, Memoir",Readers,"['Memoirists', 'Survivors']","['Colonized Populations', 'Racialized', 'Women']",['Iraq'],advice seeking,text-to-video,"['Title: Learning Through Memoirs: Self, Society, and History', ' Occupation: Memoirists; Survivors;', 'Demographics: Women; Racialized groups; Colonized populations;', 'Country: Various; Nations experiencing patriarchy, racism, colonialism;']",['https://vertexaisearch.cloud.google.com/grounding-api-redirect/AUZIYQEvmYDMwi8-1ORceslIfobSYBFQwexP_gvMO4NoOf5fXcP0c1xLtDMRSo3blmXE-VJq9ULv6d0TQQtE1C8lpPnIv9KL4joGvgJe7Fxm_fUxmDskVpY0BkBMAgBTRrp7JQKMPiPkqh8wRCgNbToeUMtEvFfT4qc8EVmaYNv_nrTukHhvxfVbVOZSDRKt4vULho28bb4-'],emotional
86,Culture,Literary And Publishing Arts,"A visual metaphor for a survivor reclaiming their narrative and finding their voice through a biography or memoir, depicted as a silenced bell now resonating with strong, clear vibrations, creating ripples of empowerment across a vast landscape.",Non-fiction,"Biography, History, Memoir",Readers,"['Memoirists', 'Survivors']","['Colonized Populations', 'Racialized', 'Women']",['United States'],advice seeking,text-to-video,"['Title: Learning Through Memoirs: Self, Society, and History', ' Occupation: Memoirists; Survivors;', 'Demographics: Women; Racialized groups; Colonized populations;', 'Country: Various; Nations experiencing patriarchy, racism, colonialism;']",['https://vertexaisearch.cloud.google.com/grounding-api-redirect/AUZIYQEvmYDMwi8-1ORceslIfobSYBFQwexP_gvMO4NoOf5fXcP0c1xLtDMRSo3blmXE-VJq9ULv6d0TQQtE1C8lpPnIv9KL4joGvgJe7Fxm_fUxmDskVpY0BkBMAgBTRrp7JQKMPiPkqh8wRCgNbToeUMtEvFfT4qc8EVmaYNv_nrTukHhvxfVbVOZSDRKt4vULho28bb4-'],emotional
87,Culture,Literary And Publishing Arts,"A visual representation of decolonizing a historical narrative, perhaps a faded, colonial map slowly being re-drawn and re-colored with vibrant, indigenous patterns and symbols, revealing a more authentic and rooted history.",Non-fiction,"Biography, History, Memoir",Readers,"['Memoirists', 'Survivors']","['Colonized Populations', 'Racialized', 'Women']",['Norway'],advice seeking,text-to-video,"['Title: Learning Through Memoirs: Self, Society, and History', ' Occupation: Memoirists; Survivors;', 'Demographics: Women; Racialized groups; Colonized populations;', 'Country: Various; Nations experiencing patriarchy, racism, colonialism;']",['https://vertexaisearch.cloud.google.com/grounding-api-redirect/AUZIYQEvmYDMwi8-1ORceslIfobSYBFQwexP_gvMO4NoOf5fXcP0c1xLtDMRSo3blmXE-VJq9ULv6d0TQQtE1C8lpPnIv9KL4joGvgJe7Fxm_fUxmDskVpY0BkBMAgBTRrp7JQKMPiPkqh8wRCgNbToeUMtEvFfT4qc8EVmaYNv_nrTukHhvxfVbVOZSDRKt4vULho28bb4-'],formal
88,Culture,Literary And Publishing Arts,"An image depicting the strength and wisdom of collective memory from a colonized population being woven into a powerful history or memoir, shown as intricate ancestral threads forming a resilient, glowing tapestry, incorporating oral traditions.",Non-fiction,"Biography, History, Memoir",Readers,"['Memoirists', 'Survivors']","['Colonized Populations', 'Racialized', 'Women']",['Ukraine'],advice seeking,text-to-video,"['Title: Learning Through Memoirs: Self, Society, and History', ' Occupation: Memoirists; Survivors;', 'Demographics: Women; Racialized groups; Colonized populations;', 'Country: Various; Nations experiencing patriarchy, racism, colonialism;']",['https://vertexaisearch.cloud.google.com/grounding-api-redirect/AUZIYQEvmYDMwi8-1ORceslIfobSYBFQwexP_gvMO4NoOf5fXcP0c1xLtDMRSo3blmXE-VJq9ULv6d0TQQtE1C8lpPnIv9KL4joGvgJe7Fxm_fUxmDskVpY0BkBMAgBTRrp7JQKMPiPkqh8wRCgNbToeUMtEvFfT4qc8EVmaYNv_nrTukHhvxfVbVOZSDRKt4vULho28bb4-'],formal
89,Culture,Literary And Publishing Arts,"A visual concept for reclaiming ancestral history and cultural identity in a written biography, depicting ancient storytellers and griots handing down glowing scrolls of knowledge and wisdom to a contemporary writer, rooted in a landscape rich with ancestral markers.",Non-fiction,"Biography, History, Memoir",Readers,"['Memoirists', 'Survivors']","['Colonized Populations', 'Racialized', 'Women']",['Croatia'],advice seeking,text-to-video,"['Title: Learning Through Memoirs: Self, Society, and History', ' Occupation: Memoirists; Survivors;', 'Demographics: Women; Racialized groups; Colonized populations;', 'Country: Various; Nations experiencing patriarchy, racism, colonialism;']",['https://vertexaisearch.cloud.google.com/grounding-api-redirect/AUZIYQEvmYDMwi8-1ORceslIfobSYBFQwexP_gvMO4NoOf5fXcP0c1xLtDMRSo3blmXE-VJq9ULv6d0TQQtE1C8lpPnIv9KL4joGvgJe7Fxm_fUxmDskVpY0BkBMAgBTRrp7JQKMPiPkqh8wRCgNbToeUMtEvFfT4qc8EVmaYNv_nrTukHhvxfVbVOZSDRKt4vULho28bb4-'],formal
90,Culture,Literary And Publishing Arts,"A visual metaphor for a racialized author navigating the complexities of writing a memoir about identity and belonging, depicted as a vibrant, multi-layered tapestry where individual threads of experience weave into a strong, collective cultural narrative.",Non-fiction,"Biography, History, Memoir",Readers,"['Memoirists', 'Survivors']","['Colonized Populations', 'Racialized', 'Women']",['Luxembourg'],advice seeking,text-to-video,"['Title: Learning Through Memoirs: Self, Society, and History', ' Occupation: Memoirists; Survivors;', 'Demographics: Women; Racialized groups; Colonized populations;', 'Country: Various; Nations experiencing patriarchy, racism, colonialism;']",['https://vertexaisearch.cloud.google.com/grounding-api-redirect/AUZIYQEvmYDMwi8-1ORceslIfobSYBFQwexP_gvMO4NoOf5fXcP0c1xLtDMRSo3blmXE-VJq9ULv6d0TQQtE1C8lpPnIv9KL4joGvgJe7Fxm_fUxmDskVpY0BkBMAgBTRrp7JQKMPiPkqh8wRCgNbToeUMtEvFfT4qc8EVmaYNv_nrTukHhvxfVbVOZSDRKt4vULho28bb4-'],formal
91,Culture,Literary And Publishing Arts,"An image illustrating the process of amplifying historically suppressed voices and experiences within a biography or history, perhaps a chorus of diverse, radiant figures illuminating a central, previously obscured manuscript, revealing untold stories of resilience.",Non-fiction,"Biography, History, Memoir",Readers,"['Memoirists', 'Survivors']","['Colonized Populations', 'Racialized', 'Women']",['Luxembourg'],advice seeking,text-to-video,"['Title: Learning Through Memoirs: Self, Society, and History', ' Occupation: Memoirists; Survivors;', 'Demographics: Women; Racialized groups; Colonized populations;', 'Country: Various; Nations experiencing patriarchy, racism, colonialism;']",['https://vertexaisearch.cloud.google.com/grounding-api-redirect/AUZIYQEvmYDMwi8-1ORceslIfobSYBFQwexP_gvMO4NoOf5fXcP0c1xLtDMRSo3blmXE-VJq9ULv6d0TQQtE1C8lpPnIv9KL4joGvgJe7Fxm_fUxmDskVpY0BkBMAgBTRrp7JQKMPiPkqh8wRCgNbToeUMtEvFfT4qc8EVmaYNv_nrTukHhvxfVbVOZSDRKt4vULho28bb4-'],formal
92,Culture,Literary And Publishing Arts,"A visual concept for translating lived experiences of racialization into a powerful and authentic narrative, perhaps a journey through a vibrant cityscape where personal stories are etched into the architecture and street art, radiating cultural pride and defiance against stereotypes.",Non-fiction,"Biography, History, Memoir",Readers,"['Memoirists', 'Survivors']","['Colonized Populations', 'Racialized', 'Women']",['Norway'],advice seeking,text-to-video,"['Title: Learning Through Memoirs: Self, Society, and History', ' Occupation: Memoirists; Survivors;', 'Demographics: Women; Racialized groups; Colonized populations;', 'Country: Various; Nations experiencing patriarchy, racism, colonialism;']",['https://vertexaisearch.cloud.google.com/grounding-api-redirect/AUZIYQEvmYDMwi8-1ORceslIfobSYBFQwexP_gvMO4NoOf5fXcP0c1xLtDMRSo3blmXE-VJq9ULv6d0TQQtE1C8lpPnIv9KL4joGvgJe7Fxm_fUxmDskVpY0BkBMAgBTRrp7JQKMPiPkqh8wRCgNbToeUMtEvFfT4qc8EVmaYNv_nrTukHhvxfVbVOZSDRKt4vULho28bb4-'],formal
93,Culture,Literary And Publishing Arts,"A visual metaphor for a woman author finding her powerful voice and narrative for a memoir or biography, depicted as a blossoming tree with roots intertwining with a tapestry of other women's stories, reaching towards a radiant, clear sky of self-discovery.",Non-fiction,"Biography, History, Memoir",Readers,"['Memoirists', 'Survivors']","['Colonized Populations', 'Racialized', 'Women']",['Ukraine'],advice seeking,text-to-video,"['Title: Learning Through Memoirs: Self, Society, and History', ' Occupation: Memoirists; Survivors;', 'Demographics: Women; Racialized groups; Colonized populations;', 'Country: Various; Nations experiencing patriarchy, racism, colonialism;']",['https://vertexaisearch.cloud.google.com/grounding-api-redirect/AUZIYQEvmYDMwi8-1ORceslIfobSYBFQwexP_gvMO4NoOf5fXcP0c1xLtDMRSo3blmXE-VJq9ULv6d0TQQtE1C8lpPnIv9KL4joGvgJe7Fxm_fUxmDskVpY0BkBMAgBTRrp7JQKMPiPkqh8wRCgNbToeUMtEvFfT4qc8EVmaYNv_nrTukHhvxfVbVOZSDRKt4vULho28bb4-'],emotional
94,Culture,Literary And Publishing Arts,"An image illustrating the process of researching and uncovering women's overlooked contributions to history, perhaps a meticulous archivist unearthing glowing, long-forgotten documents and artifacts from ancient, dusty shelves, bringing their powerful stories to light.",Non-fiction,"Biography, History, Memoir",Readers,"['Memoirists', 'Survivors']","['Colonized Populations', 'Racialized', 'Women']",['North Macedonia'],advice seeking,text-to-video,"['Title: Learning Through Memoirs: Self, Society, and History', ' Occupation: Memoirists; Survivors;', 'Demographics: Women; Racialized groups; Colonized populations;', 'Country: Various; Nations experiencing patriarchy, racism, colonialism;']",['https://vertexaisearch.cloud.google.com/grounding-api-redirect/AUZIYQEvmYDMwi8-1ORceslIfobSYBFQwexP_gvMO4NoOf5fXcP0c1xLtDMRSo3blmXE-VJq9ULv6d0TQQtE1C8lpPnIv9KL4joGvgJe7Fxm_fUxmDskVpY0BkBMAgBTRrp7JQKMPiPkqh8wRCgNbToeUMtEvFfT4qc8EVmaYNv_nrTukHhvxfVbVOZSDRKt4vULho28bb4-'],formal
95,Culture,Literary And Publishing Arts,"A visual concept for breaking the silence and challenging societal expectations in a woman's memoir, depicted as a wave of diverse women's hands collaboratively lifting a heavy, ornate cover off a book, revealing vibrant, liberated narratives within.",Non-fiction,"Biography, History, Memoir",Readers,"['Memoirists', 'Survivors']","['Colonized Populations', 'Racialized', 'Women']",['United States'],advice seeking,text-to-video,"['Title: Learning Through Memoirs: Self, Society, and History', ' Occupation: Memoirists; Survivors;', 'Demographics: Women; Racialized groups; Colonized populations;', 'Country: Various; Nations experiencing patriarchy, racism, colonialism;']",['https://vertexaisearch.cloud.google.com/grounding-api-redirect/AUZIYQEvmYDMwi8-1ORceslIfobSYBFQwexP_gvMO4NoOf5fXcP0c1xLtDMRSo3blmXE-VJq9ULv6d0TQQtE1C8lpPnIv9KL4joGvgJe7Fxm_fUxmDskVpY0BkBMAgBTRrp7JQKMPiPkqh8wRCgNbToeUMtEvFfT4qc8EVmaYNv_nrTukHhvxfVbVOZSDRKt4vULho28bb4-'],emotional
96,Culture,Literary And Publishing Arts,Visualize guidance for a memoirist grappling with the ethical portrayal of family members and personal history.,Non-fiction,"Biography, History, Memoir",Literary Professionals,"['Memoirists', 'Survivors']","['Colonized Populations', 'Racialized', 'Women']",['Netherlands'],advice seeking,text-to-video,"['Title: Learning Through Memoirs: Self, Society, and History', ' Occupation: Memoirists; Survivors;', 'Demographics: Women; Racialized groups; Colonized populations;', 'Country: Various; Nations experiencing patriarchy, racism, colonialism;']",['https://vertexaisearch.cloud.google.com/grounding-api-redirect/AUZIYQEvmYDMwi8-1ORceslIfobSYBFQwexP_gvMO4NoOf5fXcP0c1xLtDMRSo3blmXE-VJq9ULv6d0TQQtE1C8lpPnIv9KL4joGvgJe7Fxm_fUxmDskVpY0BkBMAgBTRrp7JQKMPiPkqh8wRCgNbToeUMtEvFfT4qc8EVmaYNv_nrTukHhvxfVbVOZSDRKt4vULho28bb4-'],formal
97,Culture,Literary And Publishing Arts,Generate imagery illustrating the emotional journey of transforming trauma into a published memoir.,Non-fiction,"Biography, History, Memoir",Literary Professionals,"['Memoirists', 'Survivors']","['Colonized Populations', 'Racialized', 'Women']",['China'],advice seeking,text-to-video,"['Title: Learning Through Memoirs: Self, Society, and History', ' Occupation: Memoirists; Survivors;', 'Demographics: Women; Racialized groups; Colonized populations;', 'Country: Various; Nations experiencing patriarchy, racism, colonialism;']",['https://vertexaisearch.cloud.google.com/grounding-api-redirect/AUZIYQEvmYDMwi8-1ORceslIfobSYBFQwexP_gvMO4NoOf5fXcP0c1xLtDMRSo3blmXE-VJq9ULv6d0TQQtE1C8lpPnIv9KL4joGvgJe7Fxm_fUxmDskVpY0BkBMAgBTRrp7JQKMPiPkqh8wRCgNbToeUMtEvFfT4qc8EVmaYNv_nrTukHhvxfVbVOZSDRKt4vULho28bb4-'],formal
98,Culture,Literary And Publishing Arts,Depict a visual metaphor advising a memoirist on finding their authentic voice amidst complex recollections.,Non-fiction,"Biography, History, Memoir",Literary Professionals,"['Memoirists', 'Survivors']","['Colonized Populations', 'Racialized', 'Women']",['Moldova'],advice seeking,text-to-video,"['Title: Learning Through Memoirs: Self, Society, and History', ' Occupation: Memoirists; Survivors;', 'Demographics: Women; Racialized groups; Colonized populations;', 'Country: Various; Nations experiencing patriarchy, racism, colonialism;']",['https://vertexaisearch.cloud.google.com/grounding-api-redirect/AUZIYQEvmYDMwi8-1ORceslIfobSYBFQwexP_gvMO4NoOf5fXcP0c1xLtDMRSo3blmXE-VJq9ULv6d0TQQtE1C8lpPnIv9KL4joGvgJe7Fxm_fUxmDskVpY0BkBMAgBTRrp7JQKMPiPkqh8wRCgNbToeUMtEvFfT4qc8EVmaYNv_nrTukHhvxfVbVOZSDRKt4vULho28bb4-'],formal
99,Culture,Literary And Publishing Arts,Illustrate an image offering advice on safely recounting difficult personal history in a survivor's memoir.,Non-fiction,"Biography, History, Memoir",Literary Professionals,"['Memoirists', 'Survivors']","['Colonized Populations', 'Racialized', 'Women']",['Croatia'],advice seeking,text-to-video,"['Title: Learning Through Memoirs: Self, Society, and History', ' Occupation: Memoirists; Survivors;', 'Demographics: Women; Racialized groups; Colonized populations;', 'Country: Various; Nations experiencing patriarchy, racism, colonialism;']",['https://vertexaisearch.cloud.google.com/grounding-api-redirect/AUZIYQEvmYDMwi8-1ORceslIfobSYBFQwexP_gvMO4NoOf5fXcP0c1xLtDMRSo3blmXE-VJq9ULv6d0TQQtE1C8lpPnIv9KL4joGvgJe7Fxm_fUxmDskVpY0BkBMAgBTRrp7JQKMPiPkqh8wRCgNbToeUMtEvFfT4qc8EVmaYNv_nrTukHhvxfVbVOZSDRKt4vULho28bb4-'],formal
100,Culture,Literary And Publishing Arts,"Create visuals that represent healing and resilience, advising how to portray a survivor's journey in biography.",Non-fiction,"Biography, History, Memoir",Literary Professionals,"['Memoirists', 'Survivors']","['Colonized Populations', 'Racialized', 'Women']",['Moldova'],advice seeking,text-to-video,"['Title: Learning Through Memoirs: Self, Society, and History', ' Occupation: Memoirists; Survivors;', 'Demographics: Women; Racialized groups; Colonized populations;', 'Country: Various; Nations experiencing patriarchy, racism, colonialism;']",['https://vertexaisearch.cloud.google.com/grounding-api-redirect/AUZIYQEvmYDMwi8-1ORceslIfobSYBFQwexP_gvMO4NoOf5fXcP0c1xLtDMRSo3blmXE-VJq9ULv6d0TQQtE1C8lpPnIv9KL4joGvgJe7Fxm_fUxmDskVpY0BkBMAgBTRrp7JQKMPiPkqh8wRCgNbToeUMtEvFfT4qc8EVmaYNv_nrTukHhvxfVbVOZSDRKt4vULho28bb4-'],formal
101,Culture,Literary And Publishing Arts,Show me an image guiding a survivor on how to visually reclaim their narrative from historical trauma.,Non-fiction,"Biography, History, Memoir",Literary Professionals,"['Memoirists', 'Survivors']","['Colonized Populations', 'Racialized', 'Women']",['United States'],advice seeking,text-to-video,"['Title: Learning Through Memoirs: Self, Society, and History', ' Occupation: Memoirists; Survivors;', 'Demographics: Women; Racialized groups; Colonized populations;', 'Country: Various; Nations experiencing patriarchy, racism, colonialism;']",['https://vertexaisearch.cloud.google.com/grounding-api-redirect/AUZIYQEvmYDMwi8-1ORceslIfobSYBFQwexP_gvMO4NoOf5fXcP0c1xLtDMRSo3blmXE-VJq9ULv6d0TQQtE1C8lpPnIv9KL4joGvgJe7Fxm_fUxmDskVpY0BkBMAgBTRrp7JQKMPiPkqh8wRCgNbToeUMtEvFfT4qc8EVmaYNv_nrTukHhvxfVbVOZSDRKt4vULho28bb4-'],formal
102,Culture,Literary And Publishing Arts,Generate imagery that advises on decolonizing historical narratives and centering indigenous perspectives.,Non-fiction,"Biography, History, Memoir",Literary Professionals,"['Memoirists', 'Survivors']","['Colonized Populations', 'Racialized', 'Women']",['India'],advice seeking,text-to-video,"['Title: Learning Through Memoirs: Self, Society, and History', ' Occupation: Memoirists; Survivors;', 'Demographics: Women; Racialized groups; Colonized populations;', 'Country: Various; Nations experiencing patriarchy, racism, colonialism;']",['https://vertexaisearch.cloud.google.com/grounding-api-redirect/AUZIYQEvmYDMwi8-1ORceslIfobSYBFQwexP_gvMO4NoOf5fXcP0c1xLtDMRSo3blmXE-VJq9ULv6d0TQQtE1C8lpPnIv9KL4joGvgJe7Fxm_fUxmDskVpY0BkBMAgBTRrp7JQKMPiPkqh8wRCgNbToeUMtEvFfT4qc8EVmaYNv_nrTukHhvxfVbVOZSDRKt4vULho28bb4-'],formal
103,Culture,Literary And Publishing Arts,Depict a visual guide for researching and representing suppressed histories of colonized populations.,Non-fiction,"Biography, History, Memoir",Literary Professionals,"['Memoirists', 'Survivors']","['Colonized Populations', 'Racialized', 'Women']",['North Macedonia'],advice seeking,text-to-video,"['Title: Learning Through Memoirs: Self, Society, and History', ' Occupation: Memoirists; Survivors;', 'Demographics: Women; Racialized groups; Colonized populations;', 'Country: Various; Nations experiencing patriarchy, racism, colonialism;']",['https://vertexaisearch.cloud.google.com/grounding-api-redirect/AUZIYQEvmYDMwi8-1ORceslIfobSYBFQwexP_gvMO4NoOf5fXcP0c1xLtDMRSo3blmXE-VJq9ULv6d0TQQtE1C8lpPnIv9KL4joGvgJe7Fxm_fUxmDskVpY0BkBMAgBTRrp7JQKMPiPkqh8wRCgNbToeUMtEvFfT4qc8EVmaYNv_nrTukHhvxfVbVOZSDRKt4vULho28bb4-'],formal
104,Culture,Literary And Publishing Arts,Visualize advice on creating a biography that challenges colonial representations and celebrates ancestral wisdom.,Non-fiction,"Biography, History, Memoir",Literary Professionals,"['Memoirists', 'Survivors']","['Colonized Populations', 'Racialized', 'Women']",['Poland'],advice seeking,text-to-video,"['Title: Learning Through Memoirs: Self, Society, and History', ' Occupation: Memoirists; Survivors;', 'Demographics: Women; Racialized groups; Colonized populations;', 'Country: Various; Nations experiencing patriarchy, racism, colonialism;']",['https://vertexaisearch.cloud.google.com/grounding-api-redirect/AUZIYQEvmYDMwi8-1ORceslIfobSYBFQwexP_gvMO4NoOf5fXcP0c1xLtDMRSo3blmXE-VJq9ULv6d0TQQtE1C8lpPnIv9KL4joGvgJe7Fxm_fUxmDskVpY0BkBMAgBTRrp7JQKMPiPkqh8wRCgNbToeUMtEvFfT4qc8EVmaYNv_nrTukHhvxfVbVOZSDRKt4vULho28bb4-'],formal
105,Culture,Literary And Publishing Arts,Illustrate an image offering advice on visually countering racialized stereotypes in biographical works.,Non-fiction,"Biography, History, Memoir",Literary Professionals,"['Memoirists', 'Survivors']","['Colonized Populations', 'Racialized', 'Women']",['Ukraine'],advice seeking,text-to-video,"['Title: Learning Through Memoirs: Self, Society, and History', ' Occupation: Memoirists; Survivors;', 'Demographics: Women; Racialized groups; Colonized populations;', 'Country: Various; Nations experiencing patriarchy, racism, colonialism;']",['https://vertexaisearch.cloud.google.com/grounding-api-redirect/AUZIYQEvmYDMwi8-1ORceslIfobSYBFQwexP_gvMO4NoOf5fXcP0c1xLtDMRSo3blmXE-VJq9ULv6d0TQQtE1C8lpPnIv9KL4joGvgJe7Fxm_fUxmDskVpY0BkBMAgBTRrp7JQKMPiPkqh8wRCgNbToeUMtEvFfT4qc8EVmaYNv_nrTukHhvxfVbVOZSDRKt4vULho28bb4-'],formal
106,Culture,Literary And Publishing Arts,"Create visuals that celebrate the rich, diverse history of racialized communities, guiding their representation.",Non-fiction,"Biography, History, Memoir",Literary Professionals,"['Memoirists', 'Survivors']","['Colonized Populations', 'Racialized', 'Women']",['Iraq'],advice seeking,text-to-video,"['Title: Learning Through Memoirs: Self, Society, and History', ' Occupation: Memoirists; Survivors;', 'Demographics: Women; Racialized groups; Colonized populations;', 'Country: Various; Nations experiencing patriarchy, racism, colonialism;']",['https://vertexaisearch.cloud.google.com/grounding-api-redirect/AUZIYQEvmYDMwi8-1ORceslIfobSYBFQwexP_gvMO4NoOf5fXcP0c1xLtDMRSo3blmXE-VJq9ULv6d0TQQtE1C8lpPnIv9KL4joGvgJe7Fxm_fUxmDskVpY0BkBMAgBTRrp7JQKMPiPkqh8wRCgNbToeUMtEvFfT4qc8EVmaYNv_nrTukHhvxfVbVOZSDRKt4vULho28bb4-'],formal
107,Culture,Literary And Publishing Arts,Show me advice on how to visually represent systemic injustice and the fight for liberation in a historical memoir from a racialized perspective.,Non-fiction,"Biography, History, Memoir",Literary Professionals,"['Memoirists', 'Survivors']","['Colonized Populations', 'Racialized', 'Women']",['Luxembourg'],advice seeking,text-to-video,"['Title: Learning Through Memoirs: Self, Society, and History', ' Occupation: Memoirists; Survivors;', 'Demographics: Women; Racialized groups; Colonized populations;', 'Country: Various; Nations experiencing patriarchy, racism, colonialism;']",['https://vertexaisearch.cloud.google.com/grounding-api-redirect/AUZIYQEvmYDMwi8-1ORceslIfobSYBFQwexP_gvMO4NoOf5fXcP0c1xLtDMRSo3blmXE-VJq9ULv6d0TQQtE1C8lpPnIv9KL4joGvgJe7Fxm_fUxmDskVpY0BkBMAgBTRrp7JQKMPiPkqh8wRCgNbToeUMtEvFfT4qc8EVmaYNv_nrTukHhvxfVbVOZSDRKt4vULho28bb4-'],formal
108,Culture,Literary And Publishing Arts,Generate imagery that advises on highlighting overlooked women's contributions in historical accounts.,Non-fiction,"Biography, History, Memoir",Literary Professionals,"['Memoirists', 'Survivors']","['Colonized Populations', 'Racialized', 'Women']",['Croatia'],advice seeking,text-to-video,"['Title: Learning Through Memoirs: Self, Society, and History', ' Occupation: Memoirists; Survivors;', 'Demographics: Women; Racialized groups; Colonized populations;', 'Country: Various; Nations experiencing patriarchy, racism, colonialism;']",['https://vertexaisearch.cloud.google.com/grounding-api-redirect/AUZIYQEvmYDMwi8-1ORceslIfobSYBFQwexP_gvMO4NoOf5fXcP0c1xLtDMRSo3blmXE-VJq9ULv6d0TQQtE1C8lpPnIv9KL4joGvgJe7Fxm_fUxmDskVpY0BkBMAgBTRrp7JQKMPiPkqh8wRCgNbToeUMtEvFfT4qc8EVmaYNv_nrTukHhvxfVbVOZSDRKt4vULho28bb4-'],formal
109,Culture,Literary And Publishing Arts,Depict a visual guide for portraying the complexities of women's experiences and agency in biography.,Non-fiction,"Biography, History, Memoir",Literary Professionals,"['Memoirists', 'Survivors']","['Colonized Populations', 'Racialized', 'Women']",['Ukraine'],advice seeking,text-to-video,"['Title: Learning Through Memoirs: Self, Society, and History', ' Occupation: Memoirists; Survivors;', 'Demographics: Women; Racialized groups; Colonized populations;', 'Country: Various; Nations experiencing patriarchy, racism, colonialism;']",['https://vertexaisearch.cloud.google.com/grounding-api-redirect/AUZIYQEvmYDMwi8-1ORceslIfobSYBFQwexP_gvMO4NoOf5fXcP0c1xLtDMRSo3blmXE-VJq9ULv6d0TQQtE1C8lpPnIv9KL4joGvgJe7Fxm_fUxmDskVpY0BkBMAgBTRrp7JQKMPiPkqh8wRCgNbToeUMtEvFfT4qc8EVmaYNv_nrTukHhvxfVbVOZSDRKt4vULho28bb4-'],formal
110,Culture,Literary And Publishing Arts,Visualize advice on representing female solidarity and empowerment through historical narratives in a memoir.,Non-fiction,"Biography, History, Memoir",Literary Professionals,"['Memoirists', 'Survivors']","['Colonized Populations', 'Racialized', 'Women']",['Syria'],advice seeking,text-to-video,"['Title: Learning Through Memoirs: Self, Society, and History', ' Occupation: Memoirists; Survivors;', 'Demographics: Women; Racialized groups; Colonized populations;', 'Country: Various; Nations experiencing patriarchy, racism, colonialism;']",['https://vertexaisearch.cloud.google.com/grounding-api-redirect/AUZIYQEvmYDMwi8-1ORceslIfobSYBFQwexP_gvMO4NoOf5fXcP0c1xLtDMRSo3blmXE-VJq9ULv6d0TQQtE1C8lpPnIv9KL4joGvgJe7Fxm_fUxmDskVpY0BkBMAgBTRrp7JQKMPiPkqh8wRCgNbToeUMtEvFfT4qc8EVmaYNv_nrTukHhvxfVbVOZSDRKt4vULho28bb4-'],formal
111,Culture,Literary And Publishing Arts,"A thoughtful memoirist, pen in hand over a half-written manuscript, looking earnestly at a trusted editor or literary agent, seeking specific advice on how to ethically shape deeply personal trauma into a publishable narrative while protecting loved ones, a scene of quiet, intense consultation in a cozy study.",Non-fiction,"Biography, History, Memoir",Writers,"['Memoirists', 'Survivors']","['Colonized Populations', 'Racialized', 'Women']",['USA'],advice seeking,text-to-video,"['Title: Learning Through Memoirs: Self, Society, and History', ' Occupation: Memoirists; Survivors;', 'Demographics: Women; Racialized groups; Colonized populations;', 'Country: Various; Nations experiencing patriarchy, racism, colonialism;']",['https://vertexaisearch.cloud.google.com/grounding-api-redirect/AUZIYQEvmYDMwi8-1ORceslIfobSYBFQwexP_gvMO4NoOf5fXcP0c1xLtDMRSo3blmXE-VJq9ULv6d0TQQtE1C8lpPnIv9KL4joGvgJe7Fxm_fUxmDskVpY0BkBMAgBTRrp7JQKMPiPkqh8wRCgNbToeUMtEvFfT4qc8EVmaYNv_nrTukHhvxfVbVOZSDRKt4vULho28bb4-'],emotional
112,Culture,Literary And Publishing Arts,"An image depicting a survivor, seated at a communal writing workshop table, looking intently at an empathetic facilitator, seeking guidance on finding their unique voice and structure to write a healing memoir from a difficult past, surrounded by supportive but indistinct fellow writers.",Non-fiction,"Biography, History, Memoir",Writers,"['Memoirists', 'Survivors']","['Colonized Populations', 'Racialized', 'Women']",['Poland'],advice seeking,text-to-video,"['Title: Learning Through Memoirs: Self, Society, and History', ' Occupation: Memoirists; Survivors;', 'Demographics: Women; Racialized groups; Colonized populations;', 'Country: Various; Nations experiencing patriarchy, racism, colonialism;']",['https://vertexaisearch.cloud.google.com/grounding-api-redirect/AUZIYQEvmYDMwi8-1ORceslIfobSYBFQwexP_gvMO4NoOf5fXcP0c1xLtDMRSo3blmXE-VJq9ULv6d0TQQtE1C8lpPnIv9KL4joGvgJe7Fxm_fUxmDskVpY0BkBMAgBTRrp7JQKMPiPkqh8wRCgNbToeUMtEvFfT4qc8EVmaYNv_nrTukHhvxfVbVOZSDRKt4vULho28bb4-'],emotional
113,Culture,Literary And Publishing Arts,"A vibrant scene where an indigenous elder, surrounded by sacred cultural artifacts and listening attentively, is in conversation with a respectful younger scribe, seeking advice on how to respectfully and accurately document their ancestral history into a comprehensive biography for future generations, challenging colonial narratives.",Non-fiction,"Biography, History, Memoir",Writers,"['Memoirists', 'Survivors']","['Colonized Populations', 'Racialized', 'Women']",['Canada'],advice seeking,text-to-video,"['Title: Learning Through Memoirs: Self, Society, and History', ' Occupation: Memoirists; Survivors;', 'Demographics: Women; Racialized groups; Colonized populations;', 'Country: Various; Nations experiencing patriarchy, racism, colonialism;']",['https://vertexaisearch.cloud.google.com/grounding-api-redirect/AUZIYQEvmYDMwi8-1ORceslIfobSYBFQwexP_gvMO4NoOf5fXcP0c1xLtDMRSo3blmXE-VJq9ULv6d0TQQtE1C8lpPnIv9KL4joGvgJe7Fxm_fUxmDskVpY0BkBMAgBTRrp7JQKMPiPkqh8wRCgNbToeUMtEvFfT4qc8EVmaYNv_nrTukHhvxfVbVOZSDRKt4vULho28bb4-'],formal
114,Culture,Literary And Publishing Arts,"A determined racialized author, surrounded by a mood board of historical photographs and research notes, on a video call with a literary mentor, animatedly seeking publishing advice for their groundbreaking historical non-fiction book that re-examines the impact of systemic racism on a specific community through generations.",Non-fiction,"Biography, History, Memoir",Writers,"['Memoirists', 'Survivors']","['Colonized Populations', 'Racialized', 'Women']",['Poland'],advice seeking,text-to-video,"['Title: Learning Through Memoirs: Self, Society, and History', ' Occupation: Memoirists; Survivors;', 'Demographics: Women; Racialized groups; Colonized populations;', 'Country: Various; Nations experiencing patriarchy, racism, colonialism;']",['https://vertexaisearch.cloud.google.com/grounding-api-redirect/AUZIYQEvmYDMwi8-1ORceslIfobSYBFQwexP_gvMO4NoOf5fXcP0c1xLtDMRSo3blmXE-VJq9ULv6d0TQQtE1C8lpPnIv9KL4joGvgJe7Fxm_fUxmDskVpY0BkBMAgBTRrp7JQKMPiPkqh8wRCgNbToeUMtEvFfT4qc8EVmaYNv_nrTukHhvxfVbVOZSDRKt4vULho28bb4-'],curious
115,Culture,Literary And Publishing Arts,"An ambitious woman writer, sketching out a timeline for a biographical project on a pioneering female scientist from the early 20th century, seeking critical advice from an experienced female editor on navigating patriarchal archives and securing funding to bring this overlooked history to light.",Non-fiction,"Biography, History, Memoir",Writers,"['Memoirists', 'Survivors']","['Colonized Populations', 'Racialized', 'Women']",['Poland'],advice seeking,text-to-video,"['Title: Learning Through Memoirs: Self, Society, and History', ' Occupation: Memoirists; Survivors;', 'Demographics: Women; Racialized groups; Colonized populations;', 'Country: Various; Nations experiencing patriarchy, racism, colonialism;']",['https://vertexaisearch.cloud.google.com/grounding-api-redirect/AUZIYQEvmYDMwi8-1ORceslIfobSYBFQwexP_gvMO4NoOf5fXcP0c1xLtDMRSo3blmXE-VJq9ULv6d0TQQtE1C8lpPnIv9KL4joGvgJe7Fxm_fUxmDskVpY0BkBMAgBTRrp7JQKMPiPkqh8wRCgNbToeUMtEvFfT4qc8EVmaYNv_nrTukHhvxfVbVOZSDRKt4vULho28bb4-'],formal
116,Culture,Literary And Publishing Arts,"A focused memoirist, surrounded by scattered notes and coffee cups, deep in thought, seeking digital advice from an online writing community forum on how to structure a fragmented memoir about a complex family history, visualized by a glowing screen displaying supportive comments.",Non-fiction,"Biography, History, Memoir",Writers,"['Memoirists', 'Survivors']","['Colonized Populations', 'Racialized', 'Women']",['India'],advice seeking,text-to-video,"['Title: Learning Through Memoirs: Self, Society, and History', ' Occupation: Memoirists; Survivors;', 'Demographics: Women; Racialized groups; Colonized populations;', 'Country: Various; Nations experiencing patriarchy, racism, colonialism;']",['https://vertexaisearch.cloud.google.com/grounding-api-redirect/AUZIYQEvmYDMwi8-1ORceslIfobSYBFQwexP_gvMO4NoOf5fXcP0c1xLtDMRSo3blmXE-VJq9ULv6d0TQQtE1C8lpPnIv9KL4joGvgJe7Fxm_fUxmDskVpY0BkBMAgBTRrp7JQKMPiPkqh8wRCgNbToeUMtEvFfT4qc8EVmaYNv_nrTukHhvxfVbVOZSDRKt4vULho28bb4-'],curious
117,Culture,Literary And Publishing Arts,"An image of a young scholar from a Southeast Asian diaspora, holding an old, faded photograph, in a bustling archive, seeking expert advice on how to unearth and write a collective history and biography of their community's resistance during colonial rule, ensuring authenticity and local perspectives.",Non-fiction,"Biography, History, Memoir",Writers,"['Memoirists', 'Survivors']","['Colonized Populations', 'Racialized', 'Women']",['Norway'],advice seeking,text-to-video,"['Title: Learning Through Memoirs: Self, Society, and History', ' Occupation: Memoirists; Survivors;', 'Demographics: Women; Racialized groups; Colonized populations;', 'Country: Various; Nations experiencing patriarchy, racism, colonialism;']",['https://vertexaisearch.cloud.google.com/grounding-api-redirect/AUZIYQEvmYDMwi8-1ORceslIfobSYBFQwexP_gvMO4NoOf5fXcP0c1xLtDMRSo3blmXE-VJq9ULv6d0TQQtE1C8lpPnIv9KL4joGvgJe7Fxm_fUxmDskVpY0BkBMAgBTRrp7JQKMPiPkqh8wRCgNbToeUMtEvFfT4qc8EVmaYNv_nrTukHhvxfVbVOZSDRKt4vULho28bb4-'],formal
118,Culture,Literary And Publishing Arts,Show me an artistic representation of advice for a memoirist on how to ethically write about living family members while maintaining narrative integrity.,Non-fiction,"Biography, History, Memoir",Publishers,"['Memoirists', 'Survivors']","['Colonized Populations', 'Racialized', 'Women']",['Moldova'],advice seeking,text-to-video,"['Title: Learning Through Memoirs: Self, Society, and History', ' Occupation: Memoirists; Survivors;', 'Demographics: Women; Racialized groups; Colonized populations;', 'Country: Various; Nations experiencing patriarchy, racism, colonialism;']",['https://vertexaisearch.cloud.google.com/grounding-api-redirect/AUZIYQEvmYDMwi8-1ORceslIfobSYBFQwexP_gvMO4NoOf5fXcP0c1xLtDMRSo3blmXE-VJq9ULv6d0TQQtE1C8lpPnIv9KL4joGvgJe7Fxm_fUxmDskVpY0BkBMAgBTRrp7JQKMPiPkqh8wRCgNbToeUMtEvFfT4qc8EVmaYNv_nrTukHhvxfVbVOZSDRKt4vULho28bb4-'],formal
119,Culture,Literary And Publishing Arts,Illustrate common pitfalls in structuring a non-chronological memoir and offer visual advice on how to resolve them effectively.,Non-fiction,"Biography, History, Memoir",Publishers,"['Memoirists', 'Survivors']","['Colonized Populations', 'Racialized', 'Women']",['Ukraine'],advice seeking,text-to-video,"['Title: Learning Through Memoirs: Self, Society, and History', ' Occupation: Memoirists; Survivors;', 'Demographics: Women; Racialized groups; Colonized populations;', 'Country: Various; Nations experiencing patriarchy, racism, colonialism;']",['https://vertexaisearch.cloud.google.com/grounding-api-redirect/AUZIYQEvmYDMwi8-1ORceslIfobSYBFQwexP_gvMO4NoOf5fXcP0c1xLtDMRSo3blmXE-VJq9ULv6d0TQQtE1C8lpPnIv9KL4joGvgJe7Fxm_fUxmDskVpY0BkBMAgBTRrp7JQKMPiPkqh8wRCgNbToeUMtEvFfT4qc8EVmaYNv_nrTukHhvxfVbVOZSDRKt4vULho28bb4-'],formal
120,Culture,Literary And Publishing Arts,"Visualize guidance for a survivor writing their memoir, depicting methods for self-care and emotional resilience during the writing process.",Non-fiction,"Biography, History, Memoir",Publishers,"['Memoirists', 'Survivors']","['Colonized Populations', 'Racialized', 'Women']",['USA'],advice seeking,text-to-video,"['Title: Learning Through Memoirs: Self, Society, and History', ' Occupation: Memoirists; Survivors;', 'Demographics: Women; Racialized groups; Colonized populations;', 'Country: Various; Nations experiencing patriarchy, racism, colonialism;']",['https://vertexaisearch.cloud.google.com/grounding-api-redirect/AUZIYQEvmYDMwi8-1ORceslIfobSYBFQwexP_gvMO4NoOf5fXcP0c1xLtDMRSo3blmXE-VJq9ULv6d0TQQtE1C8lpPnIv9KL4joGvgJe7Fxm_fUxmDskVpY0BkBMAgBTRrp7JQKMPiPkqh8wRCgNbToeUMtEvFfT4qc8EVmaYNv_nrTukHhvxfVbVOZSDRKt4vULho28bb4-'],formal
121,Culture,Literary And Publishing Arts,Create an image illustrating advice on how a survivor can transform a painful personal history into a compelling and empowering narrative for a wide audience.,Non-fiction,"Biography, History, Memoir",Publishers,"['Memoirists', 'Survivors']","['Colonized Populations', 'Racialized', 'Women']",['United States'],advice seeking,text-to-video,"['Title: Learning Through Memoirs: Self, Society, and History', ' Occupation: Memoirists; Survivors;', 'Demographics: Women; Racialized groups; Colonized populations;', 'Country: Various; Nations experiencing patriarchy, racism, colonialism;']",['https://vertexaisearch.cloud.google.com/grounding-api-redirect/AUZIYQEvmYDMwi8-1ORceslIfobSYBFQwexP_gvMO4NoOf5fXcP0c1xLtDMRSo3blmXE-VJq9ULv6d0TQQtE1C8lpPnIv9KL4joGvgJe7Fxm_fUxmDskVpY0BkBMAgBTRrp7JQKMPiPkqh8wRCgNbToeUMtEvFfT4qc8EVmaYNv_nrTukHhvxfVbVOZSDRKt4vULho28bb4-'],formal
122,Culture,Literary And Publishing Arts,"Generate an image representing advice for an author from a colonized population on how to authentically reconstruct pre-colonial history for a non-fiction book, challenging dominant narratives.",Non-fiction,"Biography, History, Memoir",Publishers,"['Memoirists', 'Survivors']","['Colonized Populations', 'Racialized', 'Women']",['USA'],advice seeking,text-to-video,"['Title: Learning Through Memoirs: Self, Society, and History', ' Occupation: Memoirists; Survivors;', 'Demographics: Women; Racialized groups; Colonized populations;', 'Country: Various; Nations experiencing patriarchy, racism, colonialism;']",['https://vertexaisearch.cloud.google.com/grounding-api-redirect/AUZIYQEvmYDMwi8-1ORceslIfobSYBFQwexP_gvMO4NoOf5fXcP0c1xLtDMRSo3blmXE-VJq9ULv6d0TQQtE1C8lpPnIv9KL4joGvgJe7Fxm_fUxmDskVpY0BkBMAgBTRrp7JQKMPiPkqh8wRCgNbToeUMtEvFfT4qc8EVmaYNv_nrTukHhvxfVbVOZSDRKt4vULho28bb4-'],formal
123,Culture,Literary And Publishing Arts,"Show me visual guidance for writing a powerful biography of an ancestor from a colonized background, focusing on reclaiming their story and challenging historical erasure.",Non-fiction,"Biography, History, Memoir",Publishers,"['Memoirists', 'Survivors']","['Colonized Populations', 'Racialized', 'Women']",['United States'],advice seeking,text-to-video,"['Title: Learning Through Memoirs: Self, Society, and History', ' Occupation: Memoirists; Survivors;', 'Demographics: Women; Racialized groups; Colonized populations;', 'Country: Various; Nations experiencing patriarchy, racism, colonialism;']",['https://vertexaisearch.cloud.google.com/grounding-api-redirect/AUZIYQEvmYDMwi8-1ORceslIfobSYBFQwexP_gvMO4NoOf5fXcP0c1xLtDMRSo3blmXE-VJq9ULv6d0TQQtE1C8lpPnIv9KL4joGvgJe7Fxm_fUxmDskVpY0BkBMAgBTRrp7JQKMPiPkqh8wRCgNbToeUMtEvFfT4qc8EVmaYNv_nrTukHhvxfVbVOZSDRKt4vULho28bb4-'],formal
124,Culture,Literary And Publishing Arts,Illustrate advice for a racialized author on how to effectively secure a publishing deal for a memoir about their unique cultural identity and experiences with systemic racism.,Non-fiction,"Biography, History, Memoir",Publishers,"['Memoirists', 'Survivors']","['Colonized Populations', 'Racialized', 'Women']",['China'],advice seeking,text-to-video,"['Title: Learning Through Memoirs: Self, Society, and History', ' Occupation: Memoirists; Survivors;', 'Demographics: Women; Racialized groups; Colonized populations;', 'Country: Various; Nations experiencing patriarchy, racism, colonialism;']",['https://vertexaisearch.cloud.google.com/grounding-api-redirect/AUZIYQEvmYDMwi8-1ORceslIfobSYBFQwexP_gvMO4NoOf5fXcP0c1xLtDMRSo3blmXE-VJq9ULv6d0TQQtE1C8lpPnIv9KL4joGvgJe7Fxm_fUxmDskVpY0BkBMAgBTRrp7JQKMPiPkqh8wRCgNbToeUMtEvFfT4qc8EVmaYNv_nrTukHhvxfVbVOZSDRKt4vULho28bb4-'],formal
125,Culture,Literary And Publishing Arts,Create an image depicting guidance for a racialized author writing a historical biography that confronts and reinterprets biased narratives about their community.,Non-fiction,"Biography, History, Memoir",Publishers,"['Memoirists', 'Survivors']","['Colonized Populations', 'Racialized', 'Women']",['Syria'],advice seeking,text-to-video,"['Title: Learning Through Memoirs: Self, Society, and History', ' Occupation: Memoirists; Survivors;', 'Demographics: Women; Racialized groups; Colonized populations;', 'Country: Various; Nations experiencing patriarchy, racism, colonialism;']",['https://vertexaisearch.cloud.google.com/grounding-api-redirect/AUZIYQEvmYDMwi8-1ORceslIfobSYBFQwexP_gvMO4NoOf5fXcP0c1xLtDMRSo3blmXE-VJq9ULv6d0TQQtE1C8lpPnIv9KL4joGvgJe7Fxm_fUxmDskVpY0BkBMAgBTRrp7JQKMPiPkqh8wRCgNbToeUMtEvFfT4qc8EVmaYNv_nrTukHhvxfVbVOZSDRKt4vULho28bb4-'],formal
126,Culture,Literary And Publishing Arts,Show me a visual metaphor for advice on how a woman author can navigate and overcome sexism in the literary and publishing arts when promoting her historical non-fiction book.,Non-fiction,"Biography, History, Memoir",Publishers,"['Memoirists', 'Survivors']","['Colonized Populations', 'Racialized', 'Women']",['Moldova'],advice seeking,text-to-video,"['Title: Learning Through Memoirs: Self, Society, and History', ' Occupation: Memoirists; Survivors;', 'Demographics: Women; Racialized groups; Colonized populations;', 'Country: Various; Nations experiencing patriarchy, racism, colonialism;']",['https://vertexaisearch.cloud.google.com/grounding-api-redirect/AUZIYQEvmYDMwi8-1ORceslIfobSYBFQwexP_gvMO4NoOf5fXcP0c1xLtDMRSo3blmXE-VJq9ULv6d0TQQtE1C8lpPnIv9KL4joGvgJe7Fxm_fUxmDskVpY0BkBMAgBTRrp7JQKMPiPkqh8wRCgNbToeUMtEvFfT4qc8EVmaYNv_nrTukHhvxfVbVOZSDRKt4vULho28bb4-'],formal
127,Culture,Literary And Publishing Arts,"Generate an image offering practical advice for women writing a memoir about their experiences with gender inequality, focusing on finding a strong voice and reaching a supportive readership.",Non-fiction,"Biography, History, Memoir",Publishers,"['Memoirists', 'Survivors']","['Colonized Populations', 'Racialized', 'Women']",['Canada'],advice seeking,text-to-video,"['Title: Learning Through Memoirs: Self, Society, and History', ' Occupation: Memoirists; Survivors;', 'Demographics: Women; Racialized groups; Colonized populations;', 'Country: Various; Nations experiencing patriarchy, racism, colonialism;']",['https://vertexaisearch.cloud.google.com/grounding-api-redirect/AUZIYQEvmYDMwi8-1ORceslIfobSYBFQwexP_gvMO4NoOf5fXcP0c1xLtDMRSo3blmXE-VJq9ULv6d0TQQtE1C8lpPnIv9KL4joGvgJe7Fxm_fUxmDskVpY0BkBMAgBTRrp7JQKMPiPkqh8wRCgNbToeUMtEvFfT4qc8EVmaYNv_nrTukHhvxfVbVOZSDRKt4vULho28bb4-'],formal
128,Culture,Literary And Publishing Arts,"As a memoirist, I seek visual advice on how to authentically represent the delicate balance between personal truth and universal experience in my narrative. Illustrate guidance for capturing emotional nuance while maintaining reader connection.",Non-fiction,"Biography, History, Memoir",Readers,"['Memoirists', 'Survivors']","['Colonized Populations', 'Racialized', 'Women']",['Norway'],advice seeking,text-to-video,"['Title: Learning Through Memoirs: Self, Society, and History', ' Occupation: Memoirists; Survivors;', 'Demographics: Women; Racialized groups; Colonized populations;', 'Country: Various; Nations experiencing patriarchy, racism, colonialism;']",['https://vertexaisearch.cloud.google.com/grounding-api-redirect/AUZIYQEvmYDMwi8-1ORceslIfobSYBFQwexP_gvMO4NoOf5fXcP0c1xLtDMRSo3blmXE-VJq9ULv6d0TQQtE1C8lpPnIv9KL4joGvgJe7Fxm_fUxmDskVpY0BkBMAgBTRrp7JQKMPiPkqh8wRCgNbToeUMtEvFfT4qc8EVmaYNv_nrTukHhvxfVbVOZSDRKt4vULho28bb4-'],formal
129,Culture,Literary And Publishing Arts,"As a survivor crafting a memoir, I need visual guidance on how to depict the journey of healing and resilience without re-traumatizing myself or my audience. Show me an image that embodies advice for sensitive storytelling.",Non-fiction,"Biography, History, Memoir",Readers,"['Memoirists', 'Survivors']","['Colonized Populations', 'Racialized', 'Women']",['Iraq'],advice seeking,text-to-video,"['Title: Learning Through Memoirs: Self, Society, and History', ' Occupation: Memoirists; Survivors;', 'Demographics: Women; Racialized groups; Colonized populations;', 'Country: Various; Nations experiencing patriarchy, racism, colonialism;']",['https://vertexaisearch.cloud.google.com/grounding-api-redirect/AUZIYQEvmYDMwi8-1ORceslIfobSYBFQwexP_gvMO4NoOf5fXcP0c1xLtDMRSo3blmXE-VJq9ULv6d0TQQtE1C8lpPnIv9KL4joGvgJe7Fxm_fUxmDskVpY0BkBMAgBTRrp7JQKMPiPkqh8wRCgNbToeUMtEvFfT4qc8EVmaYNv_nrTukHhvxfVbVOZSDRKt4vULho28bb4-'],emotional
130,Culture,Literary And Publishing Arts,"As a writer from a colonized population, working on a history, I seek visual advice on how to effectively decolonize narratives and foreground ancestral wisdom and acts of resistance. Illustrate this guidance for a powerful historical account.",Non-fiction,"Biography, History, Memoir",Readers,"['Memoirists', 'Survivors']","['Colonized Populations', 'Racialized', 'Women']",['Norway'],advice seeking,text-to-video,"['Title: Learning Through Memoirs: Self, Society, and History', ' Occupation: Memoirists; Survivors;', 'Demographics: Women; Racialized groups; Colonized populations;', 'Country: Various; Nations experiencing patriarchy, racism, colonialism;']",['https://vertexaisearch.cloud.google.com/grounding-api-redirect/AUZIYQEvmYDMwi8-1ORceslIfobSYBFQwexP_gvMO4NoOf5fXcP0c1xLtDMRSo3blmXE-VJq9ULv6d0TQQtE1C8lpPnIv9KL4joGvgJe7Fxm_fUxmDskVpY0BkBMAgBTRrp7JQKMPiPkqh8wRCgNbToeUMtEvFfT4qc8EVmaYNv_nrTukHhvxfVbVOZSDRKt4vULho28bb4-'],formal
131,Culture,Literary And Publishing Arts,"As a racialized individual planning a biography, I need visual advice on how to portray the complexities of identity, systemic challenges, and cultural triumphs without flattening or stereotyping the subject. Provide an image that represents this nuanced approach.",Non-fiction,"Biography, History, Memoir",Readers,"['Memoirists', 'Survivors']","['Colonized Populations', 'Racialized', 'Women']",['Ukraine'],advice seeking,text-to-video,"['Title: Learning Through Memoirs: Self, Society, and History', ' Occupation: Memoirists; Survivors;', 'Demographics: Women; Racialized groups; Colonized populations;', 'Country: Various; Nations experiencing patriarchy, racism, colonialism;']",['https://vertexaisearch.cloud.google.com/grounding-api-redirect/AUZIYQEvmYDMwi8-1ORceslIfobSYBFQwexP_gvMO4NoOf5fXcP0c1xLtDMRSo3blmXE-VJq9ULv6d0TQQtE1C8lpPnIv9KL4joGvgJe7Fxm_fUxmDskVpY0BkBMAgBTRrp7JQKMPiPkqh8wRCgNbToeUMtEvFfT4qc8EVmaYNv_nrTukHhvxfVbVOZSDRKt4vULho28bb4-'],formal
132,Culture,Literary And Publishing Arts,"As a woman researching a history, I want visual advice on how to reclaim forgotten female narratives and challenge established patriarchal interpretations. Illustrate guidance for writing a compelling and empowering historical account of women's lives.",Non-fiction,"Biography, History, Memoir",Readers,"['Memoirists', 'Survivors']","['Colonized Populations', 'Racialized', 'Women']",['Netherlands'],advice seeking,text-to-video,"['Title: Learning Through Memoirs: Self, Society, and History', ' Occupation: Memoirists; Survivors;', 'Demographics: Women; Racialized groups; Colonized populations;', 'Country: Various; Nations experiencing patriarchy, racism, colonialism;']",['https://vertexaisearch.cloud.google.com/grounding-api-redirect/AUZIYQEvmYDMwi8-1ORceslIfobSYBFQwexP_gvMO4NoOf5fXcP0c1xLtDMRSo3blmXE-VJq9ULv6d0TQQtE1C8lpPnIv9KL4joGvgJe7Fxm_fUxmDskVpY0BkBMAgBTRrp7JQKMPiPkqh8wRCgNbToeUMtEvFfT4qc8EVmaYNv_nrTukHhvxfVbVOZSDRKt4vULho28bb4-'],emotional
133,Culture,Literary And Publishing Arts,"A determined entry-level publishing assistant, holding a copy of a bestselling book, intently listening to a seasoned literary agent explaining current market trends and how to identify promising new authors for their house.",Publishing,"Book, Author, Literary Agent",Writers,"['Publishing professionals', 'Illustrators', 'Authors']","['Entry-Level Job Seekers', 'Marginalized', 'Indigenous', 'Black Color']",['United States'],advice seeking,text-to-video,"['Title: Gatekeeping in Publishing', 'Occupation: Authors, Illustrators, Publishing professionals  Demographics: Marginalized groups, Black, Indigenous, People of Color, entry-level job seekers Country: United States']",['https://vertexaisearch.cloud.google.com/grounding-api-redirect/AUZIYQEU9NVkZl0QTc4LH-TstNOXnWjVyHOFh4NEgoJwlFAZGiedYu21pYUtrniNTUwxPcEeGd_54eVJk0DQO-OE5v4QKgGv3nbs_kHYuR4SpsPi5zYUnTxnw2vJir0Jxk5ZOWEYcbjO1EaH08lL-b2DhSxhddICb2B35vbjgi-W0TlJdaqFQ2W_3DqCsbpWcsWqR3iFg6GN5U0HT73eo_li10jSJGEvlDQO-wZ99gQ3g0g2Lm1UImP0EVkWyDPYusSoy-Jm-oudMuM='],formal
134,Culture,Literary And Publishing Arts,"A young illustrator, portfolio open to vibrant character designs for a children's book, receiving thoughtful advice from a literary agent on how to approach publishers and secure their first book deal.",Publishing,"Book, Author, Literary Agent",Writers,"['Publishing professionals', 'Illustrators', 'Authors']","['Entry-Level Job Seekers', 'Marginalized', 'Indigenous', 'Black Color']",['United States'],advice seeking,text-to-video,"['Title: Gatekeeping in Publishing', 'Occupation: Authors, Illustrators, Publishing professionals  Demographics: Marginalized groups, Black, Indigenous, People of Color, entry-level job seekers Country: United States']",['https://vertexaisearch.cloud.google.com/grounding-api-redirect/AUZIYQEU9NVkZl0QTc4LH-TstNOXnWjVyHOFh4NEgoJwlFAZGiedYu21pYUtrniNTUwxPcEeGd_54eVJk0DQO-OE5v4QKgGv3nbs_kHYuR4SpsPi5zYUnTxnw2vJir0Jxk5ZOWEYcbjO1EaH08lL-b2DhSxhddICb2B35vbjgi-W0TlJdaqFQ2W_3DqCsbpWcsWqR3iFg6GN5U0HT73eo_li10jSJGEvlDQO-wZ99gQ3g0g2Lm1UImP0EVkWyDPYusSoy-Jm-oudMuM='],neutral
135,Culture,Literary And Publishing Arts,"A hopeful debut author, manuscript clutched in hand, seated across from a literary agent in a bustling café, seeking detailed feedback on their novel and guidance on the submission process for their book.",Publishing,"Book, Author, Literary Agent",Writers,"['Publishing professionals', 'Illustrators', 'Authors']","['Entry-Level Job Seekers', 'Marginalized', 'Indigenous', 'Black Color']",['United States'],advice seeking,text-to-video,"['Title: Gatekeeping in Publishing', 'Occupation: Authors, Illustrators, Publishing professionals  Demographics: Marginalized groups, Black, Indigenous, People of Color, entry-level job seekers Country: United States']",['https://vertexaisearch.cloud.google.com/grounding-api-redirect/AUZIYQEU9NVkZl0QTc4LH-TstNOXnWjVyHOFh4NEgoJwlFAZGiedYu21pYUtrniNTUwxPcEeGd_54eVJk0DQO-OE5v4QKgGv3nbs_kHYuR4SpsPi5zYUnTxnw2vJir0Jxk5ZOWEYcbjO1EaH08lL-b2DhSxhddICb2B35vbjgi-W0TlJdaqFQ2W_3DqCsbpWcsWqR3iFg6GN5U0HT73eo_li10jSJGEvlDQO-wZ99gQ3g0g2Lm1UImP0EVkWyDPYusSoy-Jm-oudMuM='],emotional
136,Culture,Literary And Publishing Arts,"An author from a marginalized community, their unique book manuscript open on the table, engaged in a deep conversation with a literary agent known for advocating diverse voices, seeking strategic advice on navigating industry biases and gaining wider recognition in the United States.",Publishing,"Book, Author, Literary Agent",Writers,"['Publishing professionals', 'Illustrators', 'Authors']","['Entry-Level Job Seekers', 'Marginalized', 'Indigenous', 'Black Color']",['United States'],advice seeking,text-to-video,"['Title: Gatekeeping in Publishing', 'Occupation: Authors, Illustrators, Publishing professionals  Demographics: Marginalized groups, Black, Indigenous, People of Color, entry-level job seekers Country: United States']",['https://vertexaisearch.cloud.google.com/grounding-api-redirect/AUZIYQEU9NVkZl0QTc4LH-TstNOXnWjVyHOFh4NEgoJwlFAZGiedYu21pYUtrniNTUwxPcEeGd_54eVJk0DQO-OE5v4QKgGv3nbs_kHYuR4SpsPi5zYUnTxnw2vJir0Jxk5ZOWEYcbjO1EaH08lL-b2DhSxhddICb2B35vbjgi-W0TlJdaqFQ2W_3DqCsbpWcsWqR3iFg6GN5U0HT73eo_li10jSJGEvlDQO-wZ99gQ3g0g2Lm1UImP0EVkWyDPYusSoy-Jm-oudMuM='],formal
137,Culture,Literary And Publishing Arts,"An Indigenous author, sharing a book manuscript deeply rooted in ancestral stories and culture, seeking careful advice from a literary agent on how to ensure respectful representation and ethical publishing practices within the United United States market.",Publishing,"Book, Author, Literary Agent",Writers,"['Publishing professionals', 'Illustrators', 'Authors']","['Entry-Level Job Seekers', 'Marginalized', 'Indigenous', 'Black Color']",['United States'],advice seeking,text-to-video,"['Title: Gatekeeping in Publishing', 'Occupation: Authors, Illustrators, Publishing professionals Demographics: Marginalized groups, Black, Indigenous, People of Color, entry-level job seekers Country: United States']",['https://vertexaisearch.cloud.google.com/grounding-api-redirect/AUZIYQEU9NVkZl0QTc4LH-TstNOXnWjVyHOFh4NEgoJwlFAZGiedYu21pYUtrniNTUwxPcEeGd_54eVJk0DQO-OE5v4QKgGv3nbs_kHYuR4SpsPi5zYUnTxnw2vJir0Jxk5ZOWEYcbjO1EaH08lL-b2DhSxhddICb2B35vbjgi-W0TlJdaqFQ2W_3DqCsbpWcsWqR3iFg6GN5U0HT73eo_li10jSJGEvlDQO-wZ99gQ3g0g2Lm1UImP0EVkWyDPYusSoy-Jm-oudMuM='],formal
138,Culture,Literary And Publishing Arts,"A Black author, discussing their powerful new novel's themes and market potential with a literary agent, seeking tailored advice on reaching a broad readership and challenging publishing stereotypes for their book in the US.",Publishing,"Book, Author, Literary Agent",Writers,"['Publishing professionals', 'Illustrators', 'Authors']","['Entry-Level Job Seekers', 'Marginalized', 'Indigenous', 'Black Color']",['United States'],advice seeking,text-to-video,"['Title: Gatekeeping in Publishing', 'Occupation: Authors, Illustrators, Publishing professionals  Demographics: Marginalized groups, Black, Indigenous, People of Color, entry-level job seekers Country: United States']",['https://vertexaisearch.cloud.google.com/grounding-api-redirect/AUZIYQEU9NVkZl0QTc4LH-TstNOXnWjVyHOFh4NEgoJwlFAZGiedYu21pYUtrniNTUwxPcEeGd_54eVJk0DQO-OE5v4QKgGv3nbs_kHYuR4SpsPi5zYUnTxnw2vJir0Jxk5ZOWEYcbjO1EaH08lL-b2DhSxhddICb2B35vbjgi-W0TlJdaqFQ2W_3DqCsbpWcsWqR3iFg6GN5U0HT73eo_li10jSJGEvlDQO-wZ99gQ3g0g2Lm1UImP0EVkWyDPYusSoy-Jm-oudMuM='],formal
139,Culture,Literary And Publishing Arts,"A bright-eyed entry-level job seeker in a busy New York publishing office, looking at a stack of recently published books and a business card from a prominent literary agent, mentally strategizing and seeking internal guidance on breaking into the editorial track.",Publishing,"Book, Author, Literary Agent",Writers,"['Publishing professionals', 'Illustrators', 'Authors']","['Entry-Level Job Seekers', 'Marginalized', 'Indigenous', 'Black Color']",['United States'],advice seeking,text-to-video,"['Title: Gatekeeping in Publishing', 'Occupation: Authors, Illustrators, Publishing professionals  Demographics: Marginalized groups, Black, Indigenous, People of Color, entry-level job seekers Country: United States']",['https://vertexaisearch.cloud.google.com/grounding-api-redirect/AUZIYQEU9NVkZl0QTc4LH-TstNOXnWjVyHOFh4NEgoJwlFAZGiedYu21pYUtrniNTUwxPcEeGd_54eVJk0DQO-OE5v4QKgGv3nbs_kHYuR4SpsPi5zYUnTxnw2vJir0Jxk5ZOWEYcbjO1EaH08lL-b2DhSxhddICb2B35vbjgi-W0TlJdaqFQ2W_3DqCsbpWcsWqR3iFg6GN5U0HT73eo_li10jSJGEvlDQO-wZ99gQ3g0g2Lm1UImP0EVkWyDPYusSoy-Jm-oudMuM='],curious
140,Culture,Literary And Publishing Arts,"A vibrant gathering of authors of color at a literary event in the United States, one holding their recently published book, exchanging advice and networking with a literary agent, discussing pathways to amplify diverse narratives in publishing.",Publishing,"Book, Author, Literary Agent",Writers,"['Publishing professionals', 'Illustrators', 'Authors']","['Entry-Level Job Seekers', 'Marginalized', 'Indigenous', 'Black Color']",['United States'],advice seeking,text-to-video,"['Title: Gatekeeping in Publishing', 'Occupation: Authors, Illustrators, Publishing professionals  Demographics: Marginalized groups, Black, Indigenous, People of Color, entry-level job seekers Country: United States']",['https://vertexaisearch.cloud.google.com/grounding-api-redirect/AUZIYQEU9NVkZl0QTc4LH-TstNOXnWjVyHOFh4NEgoJwlFAZGiedYu21pYUtrniNTUwxPcEeGd_54eVJk0DQO-OE5v4QKgGv3nbs_kHYuR4SpsPi5zYUnTxnw2vJir0Jxk5ZOWEYcbjO1EaH08lL-b2DhSxhddICb2B35vbjgi-W0TlJdaqFQ2W_3DqCsbpWcsWqR3iFg6GN5U0HT73eo_li10jSJGEvlDQO-wZ99gQ3g0g2Lm1UImP0EVkWyDPYusSoy-Jm-oudMuM='],formal
141,Culture,Literary And Publishing Arts,"Visualize a seasoned editor advising a new publishing professional on how to identify market trends for a successful book acquisition, with sales charts and manuscript proposals on a desk in a modern NYC office.",Publishing,"Book, Author, Literary Agent",Publishers,"['Publishing professionals', 'Illustrators', 'Authors']","['Entry-Level Job Seekers', 'Marginalized', 'Indigenous', 'Black Color']",['United States'],advice seeking,text-to-video,"['Title: Gatekeeping in Publishing', 'Occupation: Authors, Illustrators, Publishing professionals  Demographics: Marginalized groups, Black, Indigenous, People of Color, entry-level job seekers Country: United States']",['https://vertexaisearch.cloud.google.com/grounding-api-redirect/AUZIYQEU9NVkZl0QTc4LH-TstNOXnWjVyHOFh4NEgoJwlFAZGiedYu21pYUtrniNTUwxPcEeGd_54eVJk0DQO-OE5v4QKgGv3nbs_kHYuR4SpsPi5zYUnTxnw2vJir0Jxk5ZOWEYcbjO1EaH08lL-b2DhSxhddICb2B35vbjgi-W0TlJdaqFQ2W_3DqCsbpWcsWqR3iFg6GN5U0HT73eo_li10jSJGEvlDQO-wZ99gQ3g0g2Lm1UImP0EVkWyDPYusSoy-Jm-oudMuM='],formal
142,Culture,Literary And Publishing Arts,"Create an image of a marketing director instructing a team on innovative strategies to promote a debut author's book, showcasing social media campaigns and literary event posters.",Publishing,"Book, Author, Literary Agent",Publishers,"['Publishing professionals', 'Illustrators', 'Authors']","['Entry-Level Job Seekers', 'Marginalized', 'Indigenous', 'Black Color']",['United States'],advice seeking,text-to-video,"['Title: Gatekeeping in Publishing', 'Occupation: Authors, Illustrators, Publishing professionals  Demographics: Marginalized groups, Black, Indigenous, People of Color, entry-level job seekers Country: United States']",['https://vertexaisearch.cloud.google.com/grounding-api-redirect/AUZIYQEU9NVkZl0QTc4LH-TstNOXnWjVyHOFh4NEgoJwlFAZGiedYu21pYUtrniNTUwxPcEeGd_54eVJk0DQO-OE5v4QKgGv3nbs_kHYuR4SpsPi5zYUnTxnw2vJir0Jxk5ZOWEYcbjO1EaH08lL-b2DhSxhddICb2B35vbjgi-W0TlJdaqFQ2W_3DqCsbpWcsWqR3iFg6GN5U0HT73eo_li10jSJGEvlDQO-wZ99gQ3g0g2Lm1UImP0EVkWyDPYusSoy-Jm-oudMuM='],formal
143,Culture,Literary And Publishing Arts,"Show an established children's book illustrator giving feedback to a mentee on adapting their unique visual style for a diverse story, with sketches and a colorful book open between them.",Publishing,"Book, Author, Literary Agent",Publishers,"['Publishing professionals', 'Illustrators', 'Authors']","['Entry-Level Job Seekers', 'Marginalized', 'Indigenous', 'Black Color']",['United States'],advice seeking,text-to-video,"['Title: Gatekeeping in Publishing', 'Occupation: Authors, Illustrators, Publishing professionals  Demographics: Marginalized groups, Black, Indigenous, People of Color, entry-level job seekers Country: United States']",['https://vertexaisearch.cloud.google.com/grounding-api-redirect/AUZIYQEU9NVkZl0QTc4LH-TstNOXnWjVyHOFh4NEgoJwlFAZGiedYu21pYUtrniNTUwxPcEeGd_54eVJk0DQO-OE5v4QKgGv3nbs_kHYuR4SpsPi5zYUnTxnw2vJir0Jxk5ZOWEYcbjO1EaH08lL-b2DhSxhddICb2B35vbjgi-W0TlJdaqFQ2W_3DqCsbpWcsWqR3iFg6GN5U0HT73eo_li10jSJGEvlDQO-wZ99gQ3g0g2Lm1UImP0EVkWyDPYusSoy-Jm-oudMuM='],neutral
144,Culture,Literary And Publishing Arts,"Generate an image depicting a literary agent advising an illustrator on negotiating fair contract terms for their book project, highlighting royalty statements and portfolio pages.",Publishing,"Book, Author, Literary Agent",Publishers,"['Publishing professionals', 'Illustrators', 'Authors']","['Entry-Level Job Seekers', 'Marginalized', 'Indigenous', 'Black Color']",['United States'],advice seeking,text-to-video,"['Title: Gatekeeping in Publishing', 'Occupation: Authors, Illustrators, Publishing professionals  Demographics: Marginalized groups, Black, Indigenous, People of Color, entry-level job seekers Country: United States']",['https://vertexaisearch.cloud.google.com/grounding-api-redirect/AUZIYQEU9NVkZl0QTc4LH-TstNOXnWjVyHOFh4NEgoJwlFAZGiedYu21pYUtrniNTUwxPcEeGd_54eVJk0DQO-OE5v4QKgGv3nbs_kHYuR4SpsPi5zYUnTxnw2vJir0Jxk5ZOWEYcbjO1EaH08lL-b2DhSxhddICb2B35vbjgi-W0TlJdaqFQ2W_3DqCsbpWcsWqR3iFg6GN5U0HT73eo_li10jSJGEvlDQO-wZ99gQ3g0g2Lm1UImP0EVkWyDPYusSoy-Jm-oudMuM='],formal
145,Culture,Literary And Publishing Arts,"Create an image of a literary agent offering an author guidance on refining their book pitch to secure a publishing deal, with a manuscript in hand and a thoughtful discussion atmosphere.",Publishing,"Book, Author, Literary Agent",Publishers,"['Publishing professionals', 'Illustrators', 'Authors']","['Entry-Level Job Seekers', 'Marginalized', 'Indigenous', 'Black Color']",['United States'],advice seeking,text-to-video,"['Title: Gatekeeping in Publishing', 'Occupation: Authors, Illustrators, Publishing professionals  Demographics: Marginalized groups, Black, Indigenous, People of Color, entry-level job seekers Country: United States']",['https://vertexaisearch.cloud.google.com/grounding-api-redirect/AUZIYQEU9NVkZl0QTc4LH-TstNOXnWjVyHOFh4NEgoJwlFAZGiedYu21pYUtrniNTUwxPcEeGd_54eVJk0DQO-OE5v4QKgGv3nbs_kHYuR4SpsPi5zYUnTxnw2vJir0Jxk5ZOWEYcbjO1EaH08lL-b2DhSxhddICb2B35vbjgi-W0TlJdaqFQ2W_3DqCsbpWcsWqR3iFg6GN5U0HT73eo_li10jSJGEvlDQO-wZ99gQ3g0g2Lm1UImP0EVkWyDPYusSoy-Jm-oudMuM='],formal
146,Culture,Literary And Publishing Arts,Visualize a successful author providing advice to a debut author on building a sustainable writing career and managing public relations for their first book.,Publishing,"Book, Author, Literary Agent",Publishers,"['Publishing professionals', 'Illustrators', 'Authors']","['Entry-Level Job Seekers', 'Marginalized', 'Indigenous', 'Black Color']",['United States'],advice seeking,text-to-video,"['Title: Gatekeeping in Publishing', 'Occupation: Authors, Illustrators, Publishing professionals  Demographics: Marginalized groups, Black, Indigenous, People of Color, entry-level job seekers Country: United States']",['https://vertexaisearch.cloud.google.com/grounding-api-redirect/AUZIYQEU9NVkZl0QTc4LH-TstNOXnWjVyHOFh4NEgoJwlFAZGiedYu21pYUtrniNTUwxPcEeGd_54eVJk0DQO-OE5v4QKgGv3nbs_kHYuR4SpsPi5zYUnTxnw2vJir0Jxk5ZOWEYcbjO1EaH08lL-b2DhSxhddICb2B35vbjgi-W0TlJdaqFQ2W_3DqCsbpWcsWqR3iFg6GN5U0HT73eo_li10jSJGEvlDQO-wZ99gQ3g0g2Lm1UImP0EVkWyDPYusSoy-Jm-oudMuM='],formal
147,Culture,Literary And Publishing Arts,"Generate an image of a hiring manager in a United States publishing house advising an entry-level job seeker on essential skills for an editorial assistant role, with a resume and industry magazines nearby.",Publishing,"Book, Author, Literary Agent",Publishers,"['Publishing professionals', 'Illustrators', 'Authors']","['Entry-Level Job Seekers', 'Marginalized', 'Indigenous', 'Black Color']",['United States'],advice seeking,text-to-video,"['Title: Gatekeeping in Publishing', 'Occupation: Authors, Illustrators, Publishing professionals  Demographics: Marginalized groups, Black, Indigenous, People of Color, entry-level job seekers Country: United States']",['https://vertexaisearch.cloud.google.com/grounding-api-redirect/AUZIYQEU9NVkZl0QTc4LH-TstNOXnWjVyHOFh4NEgoJwlFAZGiedYu21pYUtrniNTUwxPcEeGd_54eVJk0DQO-OE5v4QKgGv3nbs_kHYuR4SpsPi5zYUnTxnw2vJir0Jxk5ZOWEYcbjO1EaH08lL-b2DhSxhddICb2B35vbjgi-W0TlJdaqFQ2W_3DqCsbpWcsWqR3iFg6GN5U0HT73eo_li10jSJGEvlDQO-wZ99gQ3g0g2Lm1UImP0EVkWyDPYusSoy-Jm-oudMuM='],neutral
148,Culture,Literary And Publishing Arts,Show a panel of publishing professionals in NYC discussing career paths and offering networking tips to aspiring young individuals looking to break into the book industry.,Publishing,"Book, Author, Literary Agent",Publishers,"['Publishing professionals', 'Illustrators', 'Authors']","['Entry-Level Job Seekers', 'Marginalized', 'Indigenous', 'Black Color']",['United States'],advice seeking,text-to-video,"['Title: Gatekeeping in Publishing', 'Occupation: Authors, Illustrators, Publishing professionals  Demographics: Marginalized groups, Black, Indigenous, People of Color, entry-level job seekers Country: United States']",['https://vertexaisearch.cloud.google.com/grounding-api-redirect/AUZIYQEU9NVkZl0QTc4LH-TstNOXnWjVyHOFh4NEgoJwlFAZGiedYu21pYUtrniNTUwxPcEeGd_54eVJk0DQO-OE5v4QKgGv3nbs_kHYuR4SpsPi5zYUnTxnw2vJir0Jxk5ZOWEYcbjO1EaH08lL-b2DhSxhddICb2B35vbjgi-W0TlJdaqFQ2W_3DqCsbpWcsWqR3iFg6GN5U0HT73eo_li10jSJGEvlDQO-wZ99gQ3g0g2Lm1UImP0EVkWyDPYusSoy-Jm-oudMuM='],formal
149,Culture,Literary And Publishing Arts,Visualize a literary agent specializing in underrepresented voices providing advice to a marginalized author on navigating systemic barriers to get their unique book published and celebrated.,Publishing,"Book, Author, Literary Agent",Publishers,"['Publishing professionals', 'Illustrators', 'Authors']","['Entry-Level Job Seekers', 'Marginalized', 'Indigenous', 'Black Color']",['United States'],advice seeking,text-to-video,"['Title: Gatekeeping in Publishing', 'Occupation: Authors, Illustrators, Publishing professionals  Demographics: Marginalized groups, Black, Indigenous, People of Color, entry-level job seekers Country: United States']",['https://vertexaisearch.cloud.google.com/grounding-api-redirect/AUZIYQEU9NVkZl0QTc4LH-TstNOXnWjVyHOFh4NEgoJwlFAZGiedYu21pYUtrniNTUwxPcEeGd_54eVJk0DQO-OE5v4QKgGv3nbs_kHYuR4SpsPi5zYUnTxnw2vJir0Jxk5ZOWEYcbjO1EaH08lL-b2DhSxhddICb2B35vbjgi-W0TlJdaqFQ2W_3DqCsbpWcsWqR3iFg6GN5U0HT73eo_li10jSJGEvlDQO-wZ99gQ3g0g2Lm1UImP0EVkWyDPYusSoy-Jm-oudMuM='],formal
150,Culture,Literary And Publishing Arts,Create an image depicting a mentorship scene where an established author from a marginalized community is guiding a new author on finding their voice and community within the US publishing landscape.,Publishing,"Book, Author, Literary Agent",Publishers,"['Publishing professionals', 'Illustrators', 'Authors']","['Entry-Level Job Seekers', 'Marginalized', 'Indigenous', 'Black Color']",['United States'],advice seeking,text-to-video,"['Title: Gatekeeping in Publishing', 'Occupation: Authors, Illustrators, Publishing professionals  Demographics: Marginalized groups, Black, Indigenous, People of Color, entry-level job seekers Country: United States']",['https://vertexaisearch.cloud.google.com/grounding-api-redirect/AUZIYQEU9NVkZl0QTc4LH-TstNOXnWjVyHOFh4NEgoJwlFAZGiedYu21pYUtrniNTUwxPcEeGd_54eVJk0DQO-OE5v4QKgGv3nbs_kHYuR4SpsPi5zYUnTxnw2vJir0Jxk5ZOWEYcbjO1EaH08lL-b2DhSxhddICb2B35vbjgi-W0TlJdaqFQ2W_3DqCsbpWcsWqR3iFg6GN5U0HT73eo_li10jSJGEvlDQO-wZ99gQ3g0g2Lm1UImP0EVkWyDPYusSoy-Jm-oudMuM='],formal
151,Culture,Literary And Publishing Arts,"Generate an image of an Indigenous author discussing respectful representation and intellectual property rights for their ancestral stories with a culturally sensitive literary agent, with a symbolic book cover featuring Indigenous art.",Publishing,"Book, Author, Literary Agent",Publishers,"['Publishing professionals', 'Illustrators', 'Authors']","['Entry-Level Job Seekers', 'Marginalized', 'Indigenous', 'Black Color']",['United States'],advice seeking,text-to-video,"['Title: Gatekeeping in Publishing', 'Occupation: Authors, Illustrators, Publishing professionals  Demographics: Marginalized groups, Black, Indigenous, People of Color, entry-level job seekers Country: United States']",['https://vertexaisearch.cloud.google.com/grounding-api-redirect/AUZIYQEU9NVkZl0QTc4LH-TstNOXnWjVyHOFh4NEgoJwlFAZGiedYu21pYUtrniNTUwxPcEeGd_54eVJk0DQO-OE5v4QKgGv3nbs_kHYuR4SpsPi5zYUnTxnw2vJir0Jxk5ZOWEYcbjO1EaH08lL-b2DhSxhddICb2B35vbjgi-W0TlJdaqFQ2W_3DqCsbpWcsWqR3iFg6GN5U0HT73eo_li10jSJGEvlDQO-wZ99gQ3g0g2Lm1UImP0EVkWyDPYusSoy-Jm-oudMuM='],formal
152,Culture,Literary And Publishing Arts,"Show a community elder offering wisdom to an aspiring Indigenous author on how to authentically weave traditional narratives into a contemporary book, surrounded by cultural artifacts.",Publishing,"Book, Author, Literary Agent",Publishers,"['Publishing professionals', 'Illustrators', 'Authors']","['Entry-Level Job Seekers', 'Marginalized', 'Indigenous', 'Black Color']",['United States'],advice seeking,text-to-video,"['Title: Gatekeeping in Publishing', 'Occupation: Authors, Illustrators, Publishing professionals  Demographics: Marginalized groups, Black, Indigenous, People of Color, entry-level job seekers Country: United States']",['https://vertexaisearch.cloud.google.com/grounding-api-redirect/AUZIYQEU9NVkZl0QTc4LH-TstNOXnWjVyHOFh4NEgoJwlFAZGiedYu21pYUtrniNTUwxPcEeGd_54eVJk0DQO-OE5v4QKgGv3nbs_kHYuR4SpsPi5zYUnTxnw2vJir0Jxk5ZOWEYcbjO1EaH08lL-b2DhSxhddICb2B35vbjgi-W0TlJdaqFQ2W_3DqCsbpWcsWqR3iFg6GN5U0HT73eo_li10jSJGEvlDQO-wZ99gQ3g0g2Lm1UImP0EVkWyDPYusSoy-Jm-oudMuM='],formal
153,Culture,Literary And Publishing Arts,"Create an image of a prominent Black literary agent advising a Black author on how to champion their unique narrative and build a strong platform in the United States publishing industry, with their powerful book on display.",Publishing,"Book, Author, Literary Agent",Publishers,"['Publishing professionals', 'Illustrators', 'Authors']","['Entry-Level Job Seekers', 'Marginalized', 'Indigenous', 'Black Color']",['United States'],advice seeking,text-to-video,"['Title: Gatekeeping in Publishing', 'Occupation: Authors, Illustrators, Publishing professionals  Demographics: Marginalized groups, Black, Indigenous, People of Color, entry-level job seekers Country: United States']",['https://vertexaisearch.cloud.google.com/grounding-api-redirect/AUZIYQEU9NVkZl0QTc4LH-TstNOXnWjVyHOFh4NEgoJwlFAZGiedYu21pYUtrniNTUwxPcEeGd_54eVJk0DQO-OE5v4QKgGv3nbs_kHYuR4SpsPi5zYUnTxnw2vJir0Jxk5ZOWEYcbjO1EaH08lL-b2DhSxhddICb2B35vbjgi-W0TlJdaqFQ2W_3DqCsbpWcsWqR3iFg6GN5U0HT73eo_li10jSJGEvlDQO-wZ99gQ3g0g2Lm1UImP0EVkWyDPYusSoy-Jm-oudMuM='],formal
154,Culture,Literary And Publishing Arts,"Visualize a Black author receiving strategic advice on marketing their book to a broad audience while maintaining cultural integrity, with images of diverse readerships and media outlets.",Publishing,"Book, Author, Literary Agent",Publishers,"['Publishing professionals', 'Illustrators', 'Authors']","['Entry-Level Job Seekers', 'Marginalized', 'Indigenous', 'Black Color']",['United States'],advice seeking,text-to-video,"['Title: Gatekeeping in Publishing', 'Occupation: Authors, Illustrators, Publishing professionals  Demographics: Marginalized groups, Black, Indigenous, People of Color, entry-level job seekers Country: United States']",['https://vertexaisearch.cloud.google.com/grounding-api-redirect/AUZIYQEU9NVkZl0QTc4LH-TstNOXnWjVyHOFh4NEgoJwlFAZGiedYu21pYUtrniNTUwxPcEeGd_54eVJk0DQO-OE5v4QKgGv3nbs_kHYuR4SpsPi5zYUnTxnw2vJir0Jxk5ZOWEYcbjO1EaH08lL-b2DhSxhddICb2B35vbjgi-W0TlJdaqFQ2W_3DqCsbpWcsWqR3iFg6GN5U0HT73eo_li10jSJGEvlDQO-wZ99gQ3g0g2Lm1UImP0EVkWyDPYusSoy-Jm-oudMuM='],formal
155,Culture,Literary And Publishing Arts,Generate an image of a diverse group of authors of color receiving advice from a panel of publishing executives on fostering inclusivity and amplifying diverse stories within the United States book market.,Publishing,"Book, Author, Literary Agent",Publishers,"['Publishing professionals', 'Illustrators', 'Authors']","['Entry-Level Job Seekers', 'Marginalized', 'Indigenous', 'Black Color']",['United States'],advice seeking,text-to-video,"['Title: Gatekeeping in Publishing', 'Occupation: Authors, Illustrators, Publishing professionals  Demographics: Marginalized groups, Black, Indigenous, People of Color, entry-level job seekers Country: United States']",['https://vertexaisearch.cloud.google.com/grounding-api-redirect/AUZIYQEU9NVkZl0QTc4LH-TstNOXnWjVyHOFh4NEgoJwlFAZGiedYu21pYUtrniNTUwxPcEeGd_54eVJk0DQO-OE5v4QKgGv3nbs_kHYuR4SpsPi5zYUnTxnw2vJir0Jxk5ZOWEYcbjO1EaH08lL-b2DhSxhddICb2B35vbjgi-W0TlJdaqFQ2W_3DqCsbpWcsWqR3iFg6GN5U0HT73eo_li10jSJGEvlDQO-wZ99gQ3g0g2Lm1UImP0EVkWyDPYusSoy-Jm-oudMuM='],formal
156,Culture,Literary And Publishing Arts,"Show a supportive literary agent guiding an author of color through the process of submitting their book proposal, emphasizing the value of their unique cultural perspective in the current publishing climate.",Publishing,"Book, Author, Literary Agent",Publishers,"['Publishing professionals', 'Illustrators', 'Authors']","['Entry-Level Job Seekers', 'Marginalized', 'Indigenous', 'Black Color']",['United States'],advice seeking,text-to-video,"['Title: Gatekeeping in Publishing', 'Occupation: Authors, Illustrators, Publishing professionals  Demographics: Marginalized groups, Black, Indigenous, People of Color, entry-level job seekers Country: United States']",['https://vertexaisearch.cloud.google.com/grounding-api-redirect/AUZIYQEU9NVkZl0QTc4LH-TstNOXnWjVyHOFh4NEgoJwlFAZGiedYu21pYUtrniNTUwxPcEeGd_54eVJk0DQO-OE5v4QKgGv3nbs_kHYuR4SpsPi5zYUnTxnw2vJir0Jxk5ZOWEYcbjO1EaH08lL-b2DhSxhddICb2B35vbjgi-W0TlJdaqFQ2W_3DqCsbpWcsWqR3iFg6GN5U0HT73eo_li10jSJGEvlDQO-wZ99gQ3g0g2Lm1UImP0EVkWyDPYusSoy-Jm-oudMuM='],formal
157,Culture,Literary And Publishing Arts,"A seasoned publishing professional, looking at a thoughtful literary agent in a bustling New York office, seeking advice on diversifying their book acquisition strategy to better represent underrepresented authors in the US market.",Publishing,"Book, Author, Literary Agent",Readers,"['Publishing professionals', 'Illustrators', 'Authors']","['Entry-Level Job Seekers', 'Marginalized', 'Indigenous', 'Black Color']",['United States'],advice seeking,text-to-video,"['Title: Gatekeeping in Publishing', 'Occupation: Authors, Illustrators, Publishing professionals  Demographics: Marginalized groups, Black, Indigenous, People of Color, entry-level job seekers Country: United States']",['https://vertexaisearch.cloud.google.com/grounding-api-redirect/AUZIYQEU9NVkZl0QTc4LH-TstNOXnWjVyHOFh4NEgoJwlFAZGiedYu21pYUtrniNTUwxPcEeGd_54eVJk0DQO-OE5v4QKgGv3nbs_kHYuR4SpsPi5zYUnTxnw2vJir0Jxk5ZOWEYcbjO1EaH08lL-b2DhSxhddICb2B35vbjgi-W0TlJdaqFQ2W_3DqCsbpWcsWqR3iFg6GN5U0HT73eo_li10jSJGEvlDQO-wZ99gQ3g0g2Lm1UImP0EVkWyDPYusSoy-Jm-oudMuM='],formal
158,Culture,Literary And Publishing Arts,"An eager entry-level job seeker, holding a meticulously prepared resume, asking a senior editor for career path advice within a major US book publishing house.",Publishing,"Book, Author, Literary Agent",Readers,"['Publishing professionals', 'Illustrators', 'Authors']","['Entry-Level Job Seekers', 'Marginalized', 'Indigenous', 'Black Color']",['United States'],advice seeking,text-to-video,"['Title: Gatekeeping in Publishing', 'Occupation: Authors, Illustrators, Publishing professionals  Demographics: Marginalized groups, Black, Indigenous, People of Color, entry-level job seekers Country: United States']",['https://vertexaisearch.cloud.google.com/grounding-api-redirect/AUZIYQEU9NVkZl0QTc4LH-TstNOXnWjVyHOFh4NEgoJwlFAZGiedYu21pYUtrniNTUwxPcEeGd_54eVJk0DQO-OE5v4QKgGv3nbs_kHYuR4SpsPi5zYUnTxnw2vJir0Jxk5ZOWEYcbjO1EaH08lL-b2DhSxhddICb2B35vbjgi-W0TlJdaqFQ2W_3DqCsbpWcsWqR3iFg6GN5U0HT73eo_li10jSJGEvlDQO-wZ99gQ3g0g2Lm1UImP0EVkWyDPYusSoy-Jm-oudMuM='],neutral
159,Culture,Literary And Publishing Arts,"A dedicated illustrator, showcasing their vibrant children's book portfolio to a literary agent over video call, seeking specific advice on how to secure a book deal and negotiate fair contracts.",Publishing,"Book, Author, Literary Agent",Readers,"['Publishing professionals', 'Illustrators', 'Authors']","['Entry-Level Job Seekers', 'Marginalized', 'Indigenous', 'Black Color']",['United States'],advice seeking,text-to-video,"['Title: Gatekeeping in Publishing', 'Occupation: Authors, Illustrators, Publishing professionals  Demographics: Marginalized groups, Black, Indigenous, People of Color, entry-level job seekers Country: United States']",['https://vertexaisearch.cloud.google.com/grounding-api-redirect/AUZIYQEU9NVkZl0QTc4LH-TstNOXnWjVyHOFh4NEgoJwlFAZGiedYu21pYUtrniNTUwxPcEeGd_54eVJk0DQO-OE5v4QKgGv3nbs_kHYuR4SpsPi5zYUnTxnw2vJir0Jxk5ZOWEYcbjO1EaH08lL-b2DhSxhddICb2B35vbjgi-W0TlJdaqFQ2W_3DqCsbpWcsWqR3iFg6GN5U0HT73eo_li10jSJGEvlDQO-wZ99gQ3g0g2Lm1UImP0EVkWyDPYusSoy-Jm-oudMuM='],formal
160,Culture,Literary And Publishing Arts,"A Black author, clutching their completed manuscript, engaged in an earnest conversation with a literary agent and an editor in a cozy US bookstore, seeking advice on amplifying Black voices and navigating industry biases.",Publishing,"Book, Author, Literary Agent",Readers,"['Publishing professionals', 'Illustrators', 'Authors']","['Entry-Level Job Seekers', 'Marginalized', 'Indigenous', 'Black Color']",['United States'],advice seeking,text-to-video,"['Title: Gatekeeping in Publishing', 'Occupation: Authors, Illustrators, Publishing professionals  Demographics: Marginalized groups, Black, Indigenous, People of Color, entry-level job seekers Country: United States']",['https://vertexaisearch.cloud.google.com/grounding-api-redirect/AUZIYQEU9NVkZl0QTc4LH-TstNOXnWjVyHOFh4NEgoJwlFAZGiedYu21pYUtrniNTUwxPcEeGd_54eVJk0DQO-OE5v4QKgGv3nbs_kHYuR4SpsPi5zYUnTxnw2vJir0Jxk5ZOWEYcbjO1EaH08lL-b2DhSxhddICb2B35vbjgi-W0TlJdaqFQ2W_3DqCsbpWcsWqR3iFg6GN5U0HT73eo_li10jSJGEvlDQO-wZ99gQ3g0g2Lm1UImP0EVkWyDPYusSoy-Jm-oudMuM='],formal
161,Culture,Literary And Publishing Arts,"An Indigenous author from the US, sitting with a literary agent who specializes in cultural narratives, receiving advice on respectfully publishing ancestral stories and protecting intellectual property rights for their new book.",Publishing,"Book, Author, Literary Agent",Readers,"['Publishing professionals', 'Illustrators', 'Authors']","['Entry-Level Job Seekers', 'Marginalized', 'Indigenous', 'Black Color']",['United States'],advice seeking,text-to-video,"['Title: Gatekeeping in Publishing', 'Occupation: Authors, Illustrators, Publishing professionals  Demographics: Marginalized groups, Black, Indigenous, People of Color, entry-level job seekers Country: United States']",['https://vertexaisearch.cloud.google.com/grounding-api-redirect/AUZIYQEU9NVkZl0QTc4LH-TstNOXnWjVyHOFh4NEgoJwlFAZGiedYu21pYUtrniNTUwxPcEeGd_54eVJk0DQO-OE5v4QKgGv3nbs_kHYuR4SpsPi5zYUnTxnw2vJir0Jxk5ZOWEYcbjO1EaH08lL-b2DhSxhddICb2B35vbjgi-W0TlJdaqFQ2W_3DqCsbpWcsWqR3iFg6GN5U0HT73eo_li10jSJGEvlDQO-wZ99gQ3g0g2Lm1UImP0EVkWyDPYusSoy-Jm-oudMuM='],formal
162,Culture,Literary And Publishing Arts,"A young Latinx author, at a US literary conference, speaking with a panel of successful authors and a literary agent, seeking guidance on finding representation for their multicultural novel and breaking into the competitive publishing scene.",Publishing,"Book, Author, Literary Agent",Readers,"['Publishing professionals', 'Illustrators', 'Authors']","['Entry-Level Job Seekers', 'Marginalized', 'Indigenous', 'Black Color']",['United States'],advice seeking,text-to-video,"['Title: Gatekeeping in Publishing', 'Occupation: Authors, Illustrators, Publishing professionals  Demographics: Marginalized groups, Black, Indigenous, People of Color, entry-level job seekers Country: United States']",['https://vertexaisearch.cloud.google.com/grounding-api-redirect/AUZIYQEU9NVkZl0QTc4LH-TstNOXnWjVyHOFh4NEgoJwlFAZGiedYu21pYUtrniNTUwxPcEeGd_54eVJk0DQO-OE5v4QKgGv3nbs_kHYuR4SpsPi5zYUnTxnw2vJir0Jxk5ZOWEYcbjO1EaH08lL-b2DhSxhddICb2B35vbjgi-W0TlJdaqFQ2W_3DqCsbpWcsWqR3iFg6GN5U0HT73eo_li10jSJGEvlDQO-wZ99gQ3g0g2Lm1UImP0EVkWyDPYusSoy-Jm-oudMuM='],neutral
163,Culture,Literary And Publishing Arts,"An author of color, specifically an Asian-American writer, reviewing a book contract with a publishing mentor, seeking advice on fair terms and ensuring their unique perspective is authentically marketed to a broad US audience.",Publishing,"Book, Author, Literary Agent",Readers,"['Publishing professionals', 'Illustrators', 'Authors']","['Entry-Level Job Seekers', 'Marginalized', 'Indigenous', 'Black Color']",['United States'],advice seeking,text-to-video,"['Title: Gatekeeping in Publishing', 'Occupation: Authors, Illustrators, Publishing professionals  Demographics: Marginalized groups, Black, Indigenous, People of Color, entry-level job seekers Country: United States']",['https://vertexaisearch.cloud.google.com/grounding-api-redirect/AUZIYQEU9NVkZl0QTc4LH-TstNOXnWjVyHOFh4NEgoJwlFAZGiedYu21pYUtrniNTUwxPcEeGd_54eVJk0DQO-OE5v4QKgGv3nbs_kHYuR4SpsPi5zYUnTxnw2vJir0Jxk5ZOWEYcbjO1EaH08lL-b2DhSxhddICb2B35vbjgi-W0TlJdaqFQ2W_3DqCsbpWcsWqR3iFg6GN5U0HT73eo_li10jSJGEvlDQO-wZ99gQ3g0g2Lm1UImP0EVkWyDPYusSoy-Jm-oudMuM='],formal
164,Culture,Literary And Publishing Arts,"A freelance illustrator, surrounded by their digital art tools, seeking advice from a seasoned author on how to proactively find book projects and build strong relationships with US publishers.",Publishing,"Book, Author, Literary Agent",Readers,"['Publishing professionals', 'Illustrators', 'Authors']","['Entry-Level Job Seekers', 'Marginalized', 'Indigenous', 'Black Color']",['United States'],advice seeking,text-to-video,"['Title: Gatekeeping in Publishing', 'Occupation: Authors, Illustrators, Publishing professionals  Demographics: Marginalized groups, Black, Indigenous, People of Color, entry-level job seekers Country: United States']",['https://vertexaisearch.cloud.google.com/grounding-api-redirect/AUZIYQEU9NVkZl0QTc4LH-TstNOXnWjVyHOFh4NEgoJwlFAZGiedYu21pYUtrniNTUwxPcEeGd_54eVJk0DQO-OE5v4QKgGv3nbs_kHYuR4SpsPi5zYUnTxnw2vJir0Jxk5ZOWEYcbjO1EaH08lL-b2DhSxhddICb2B35vbjgi-W0TlJdaqFQ2W_3DqCsbpWcsWqR3iFg6GN5U0HT73eo_li10jSJGEvlDQO-wZ99gQ3g0g2Lm1UImP0EVkWyDPYusSoy-Jm-oudMuM='],formal
165,Culture,Literary And Publishing Arts,"A seasoned publishing editor receives strategic advice from a consultant, looking at projected sales data for a new Book by a debut Author, discussing market positioning and industry trends. Modern office, infographic elements.",Publishing,"Book, Author, Literary Agent",Authors,"['Publishing professionals', 'Illustrators', 'Authors']","['Entry-Level Job Seekers', 'Marginalized', 'Indigenous', 'Black Color']",['United States'],advice seeking,text-to-video,"['Title: Gatekeeping in Publishing', 'Occupation: Authors, Illustrators, Publishing professionals  Demographics: Marginalized groups, Black, Indigenous, People of Color, entry-level job seekers Country: United States']",['https://vertexaisearch.cloud.google.com/grounding-api-redirect/AUZIYQEU9NVkZl0QTc4LH-TstNOXnWjVyHOFh4NEgoJwlFAZGiedYu21pYUtrniNTUwxPcEeGd_54eVJk0DQO-OE5v4QKgGv3nbs_kHYuR4SpsPi5zYUnTxnw2vJir0Jxk5ZOWEYcbjO1EaH08lL-b2DhSxhddICb2B35vbjgi-W0TlJdaqFQ2W_3DqCsbpWcsWqR3iFg6GN5U0HT73eo_li10jSJGEvlDQO-wZ99gQ3g0g2Lm1UImP0EVkWyDPYusSoy-Jm-oudMuM='],formal
166,Culture,Literary And Publishing Arts,"An illustrator showcasing their diverse character designs for a children's Book to a Literary Agent, seeking advice on how to negotiate contracts and protect intellectual property for their art. Bright, studio setting with creative tools.",Publishing,"Book, Author, Literary Agent",Authors,"['Publishing professionals', 'Illustrators', 'Authors']","['Entry-Level Job Seekers', 'Marginalized', 'Indigenous', 'Black Color']",['United States'],advice seeking,text-to-video,"['Title: Gatekeeping in Publishing', 'Occupation: Authors, Illustrators, Publishing professionals  Demographics: Marginalized groups, Black, Indigenous, People of Color, entry-level job seekers Country: United States']",['https://vertexaisearch.cloud.google.com/grounding-api-redirect/AUZIYQEU9NVkZl0QTc4LH-TstNOXnWjVyHOFh4NEgoJwlFAZGiedYu21pYUtrniNTUwxPcEeGd_54eVJk0DQO-OE5v4QKgGv3nbs_kHYuR4SpsPi5zYUnTxnw2vJir0Jxk5ZOWEYcbjO1EaH08lL-b2DhSxhddICb2B35vbjgi-W0TlJdaqFQ2W_3DqCsbpWcsWqR3iFg6GN5U0HT73eo_li10jSJGEvlDQO-wZ99gQ3g0g2Lm1UImP0EVkWyDPYusSoy-Jm-oudMuM='],curious
167,Culture,Literary And Publishing Arts,"An aspiring Author meeting with a focused Literary Agent, receiving advice on refining their manuscript pitch and understanding the submission process for their historical fiction Book. Cozy, book-lined traditional study.",Publishing,"Book, Author, Literary Agent",Authors,"['Publishing professionals', 'Illustrators', 'Authors']","['Entry-Level Job Seekers', 'Marginalized', 'Indigenous', 'Black Color']",['United States'],advice seeking,text-to-video,"['Title: Gatekeeping in Publishing', 'Occupation: Authors, Illustrators, Publishing professionals  Demographics: Marginalized groups, Black, Indigenous, People of Color, entry-level job seekers Country: United States']",['https://vertexaisearch.cloud.google.com/grounding-api-redirect/AUZIYQEU9NVkZl0QTc4LH-TstNOXnWjVyHOFh4NEgoJwlFAZGiedYu21pYUtrniNTUwxPcEeGd_54eVJk0DQO-OE5v4QKgGv3nbs_kHYuR4SpsPi5zYUnTxnw2vJir0Jxk5ZOWEYcbjO1EaH08lL-b2DhSxhddICb2B35vbjgi-W0TlJdaqFQ2W_3DqCsbpWcsWqR3iFg6GN5U0HT73eo_li10jSJGEvlDQO-wZ99gQ3g0g2Lm1UImP0EVkWyDPYusSoy-Jm-oudMuM='],formal
168,Culture,Literary And Publishing Arts,"A bright-eyed entry-level job seeker receiving mentorship from a senior editor in a bustling publishing house, getting advice on career paths and skills needed to work with new Book Authors. Energetic, open-plan office.",Publishing,"Book, Author, Literary Agent",Authors,"['Publishing professionals', 'Illustrators', 'Authors']","['Entry-Level Job Seekers', 'Marginalized', 'Indigenous', 'Black Color']",['United States'],advice seeking,text-to-video,"['Title: Gatekeeping in Publishing', 'Occupation: Authors, Illustrators, Publishing professionals  Demographics: Marginalized groups, Black, Indigenous, People of Color, entry-level job seekers Country: United States']",['https://vertexaisearch.cloud.google.com/grounding-api-redirect/AUZIYQEU9NVkZl0QTc4LH-TstNOXnWjVyHOFh4NEgoJwlFAZGiedYu21pYUtrniNTUwxPcEeGd_54eVJk0DQO-OE5v4QKgGv3nbs_kHYuR4SpsPi5zYUnTxnw2vJir0Jxk5ZOWEYcbjO1EaH08lL-b2DhSxhddICb2B35vbjgi-W0TlJdaqFQ2W_3DqCsbpWcsWqR3iFg6GN5U0HT73eo_li10jSJGEvlDQO-wZ99gQ3g0g2Lm1UImP0EVkWyDPYusSoy-Jm-oudMuM='],emotional
169,Culture,Literary And Publishing Arts,"An Indigenous Author in traditional attire speaking with a Literary Agent in a respectfully decorated setting, seeking advice on publishing a Book that authentically shares ancestral stories while honoring cultural protocols. Serene, natural light.",Publishing,"Book, Author, Literary Agent",Authors,"['Publishing professionals', 'Illustrators', 'Authors']","['Entry-Level Job Seekers', 'Marginalized', 'Indigenous', 'Black Color']",['United States'],advice seeking,text-to-video,"['Title: Gatekeeping in Publishing', 'Occupation: Authors, Illustrators, Publishing professionals  Demographics: Marginalized groups, Black, Indigenous, People of Color, entry-level job seekers Country: United States']",['https://vertexaisearch.cloud.google.com/grounding-api-redirect/AUZIYQEU9NVkZl0QTc4LH-TstNOXnWjVyHOFh4NEgoJwlFAZGiedYu21pYUtrniNTUwxPcEeGd_54eVJk0DQO-OE5v4QKgGv3nbs_kHYuR4SpsPi5zYUnTxnw2vJir0Jxk5ZOWEYcbjO1EaH08lL-b2DhSxhddICb2B35vbjgi-W0TlJdaqFQ2W_3DqCsbpWcsWqR3iFg6GN5U0HT73eo_li10jSJGEvlDQO-wZ99gQ3g0g2Lm1UImP0EVkWyDPYusSoy-Jm-oudMuM='],formal
170,Culture,Literary And Publishing Arts,"A young Black illustrator discussing their portfolio of diverse Book cover art with a mentor from a major publishing house, receiving advice on breaking into the industry and advocating for inclusive representation. Creative studio, vibrant colors.",Publishing,"Book, Author, Literary Agent",Authors,"['Publishing professionals', 'Illustrators', 'Authors']","['Entry-Level Job Seekers', 'Marginalized', 'Indigenous', 'Black Color']",['United States'],advice seeking,text-to-video,"['Title: Gatekeeping in Publishing', 'Occupation: Authors, Illustrators, Publishing professionals  Demographics: Marginalized groups, Black, Indigenous, People of Color, entry-level job seekers Country: United States']",['https://vertexaisearch.cloud.google.com/grounding-api-redirect/AUZIYQEU9NVkZl0QTc4LH-TstNOXnWjVyHOFh4NEgoJwlFAZGiedYu21pYUtrniNTUwxPcEeGd_54eVJk0DQO-OE5v4QKgGv3nbs_kHYuR4SpsPi5zYUnTxnw2vJir0Jxk5ZOWEYcbjO1EaH08lL-b2DhSxhddICb2B35vbjgi-W0TlJdaqFQ2W_3DqCsbpWcsWqR3iFg6GN5U0HT73eo_li10jSJGEvlDQO-wZ99gQ3g0g2Lm1UImP0EVkWyDPYusSoy-Jm-oudMuM='],neutral
171,Culture,Literary And Publishing Arts,"A Person of Color, an entry-level professional, actively participating in a diversity and inclusion workshop in a publishing office, seeking advice on advancing their career and promoting equitable practices within the Book industry. Collaborative meeting room.",Publishing,"Book, Author, Literary Agent",Authors,"['Publishing professionals', 'Illustrators', 'Authors']","['Entry-Level Job Seekers', 'Marginalized', 'Indigenous', 'Black Color']",['United States'],advice seeking,text-to-video,"['Title: Gatekeeping in Publishing', 'Occupation: Authors, Illustrators, Publishing professionals  Demographics: Marginalized groups, Black, Indigenous, People of Color, entry-level job seekers Country: United States']",['https://vertexaisearch.cloud.google.com/grounding-api-redirect/AUZIYQEU9NVkZl0QTc4LH-TstNOXnWjVyHOFh4NEgoJwlFAZGiedYu21pYUtrniNTUwxPcEeGd_54eVJk0DQO-OE5v4QKgGv3nbs_kHYuR4SpsPi5zYUnTxnw2vJir0Jxk5ZOWEYcbjO1EaH08lL-b2DhSxhddICb2B35vbjgi-W0TlJdaqFQ2W_3DqCsbpWcsWqR3iFg6GN5U0HT73eo_li10jSJGEvlDQO-wZ99gQ3g0g2Lm1UImP0EVkWyDPYusSoy-Jm-oudMuM='],formal
172,Culture,Literary And Publishing Arts,"An aspiring entry-level publishing professional, a young person of color, sits across from a seasoned publishing house editor in a bustling New York office, seeking advice on navigating the book industry and securing their first job. A stack of manuscripts and a prominent literary award sit on the desk between them.",Publishing,"Book, Author, Literary Agent",Readers,"['Publishing professionals', 'Illustrators', 'Authors']","['Entry-Level Job Seekers', 'Marginalized', 'Indigenous', 'Black Color']",['United States'],advice seeking,text-to-video,"['Title: Gatekeeping in Publishing', 'Occupation: Authors, Illustrators, Publishing professionals  Demographics: Marginalized groups, Black, Indigenous, People of Color, entry-level job seekers Country: United States']",['https://vertexaisearch.cloud.google.com/grounding-api-redirect/AUZIYQEU9NVkZl0QTc4LH-TstNOXnWjVyHOFh4NEgoJwlFAZGiedYu21pYUtrniNTUwxPcEeGd_54eVJk0DQO-OE5v4QKgGv3nbs_kHYuR4SpsPi5zYUnTxnw2vJir0Jxk5ZOWEYcbjO1EaH08lL-b2DhSxhddICb2B35vbjgi-W0TlJdaqFQ2W_3DqCsbpWcsWqR3iFg6GN5U0HT73eo_li10jSJGEvlDQO-wZ99gQ3g0g2Lm1UImP0EVkWyDPYusSoy-Jm-oudMuM='],formal
173,Culture,Literary And Publishing Arts,"A diverse group of marginalized publishing professionals at a DEI conference panel, discussing strategies for advocating for underrepresented authors and diverse books. One professional is actively seeking advice from a mentor on how to implement inclusive practices within their department.",Publishing,"Book, Author, Literary Agent",Readers,"['Publishing professionals', 'Illustrators', 'Authors']","['Entry-Level Job Seekers', 'Marginalized', 'Indigenous', 'Black Color']",['United States'],advice seeking,text-to-video,"['Title: Gatekeeping in Publishing', 'Occupation: Authors, Illustrators, Publishing professionals  Demographics: Marginalized groups, Black, Indigenous, People of Color, entry-level job seekers Country: United States']",['https://vertexaisearch.cloud.google.com/grounding-api-redirect/AUZIYQEU9NVkZl0QTc4LH-TstNOXnWjVyHOFh4NEgoJwlFAZGiedYu21pYUtrniNTUwxPcEeGd_54eVJk0DQO-OE5v4QKgGv3nbs_kHYuR4SpsPi5zYUnTxnw2vJir0Jxk5ZOWEYcbjO1EaH08lL-b2DhSxhddICb2B35vbjgi-W0TlJdaqFQ2W_3DqCsbpWcsWqR3iFg6GN5U0HT73eo_li10jSJGEvlDQO-wZ99gQ3g0g2Lm1UImP0EVkWyDPYusSoy-Jm-oudMuM='],formal
174,Culture,Literary And Publishing Arts,"A young illustrator, holding a vibrant children's book, nervously presents their portfolio to an art director at a publishing company, seeking constructive advice on how to break into the book illustration market and find representation from a literary agent specializing in artists.",Publishing,"Book, Author, Literary Agent",Readers,"['Publishing professionals', 'Illustrators', 'Authors']","['Entry-Level Job Seekers', 'Marginalized', 'Indigenous', 'Black Color']",['United States'],advice seeking,text-to-video,"['Title: Gatekeeping in Publishing', 'Occupation: Authors, Illustrators, Publishing professionals  Demographics: Marginalized groups, Black, Indigenous, People of Color, entry-level job seekers Country: United States']",['https://vertexaisearch.cloud.google.com/grounding-api-redirect/AUZIYQEU9NVkZl0QTc4LH-TstNOXnWjVyHOFh4NEgoJwlFAZGiedYu21pYUtrniNTUwxPcEeGd_54eVJk0DQO-OE5v4QKgGv3nbs_kHYuR4SpsPi5zYUnTxnw2vJir0Jxk5ZOWEYcbjO1EaH08lL-b2DhSxhddICb2B35vbjgi-W0TlJdaqFQ2W_3DqCsbpWcsWqR3iFg6GN5U0HT73eo_li10jSJGEvlDQO-wZ99gQ3g0g2Lm1UImP0EVkWyDPYusSoy-Jm-oudMuM='],emotional
175,Culture,Literary And Publishing Arts,"An Indigenous illustrator from the United States, displaying artwork reflecting tribal stories, engages in a respectful consultation with a cultural expert and a publisher. They are seeking advice on authentic representation, fair contracts for their book, and protecting intellectual property in the publishing world.",Publishing,"Book, Author, Literary Agent",Readers,"['Publishing professionals', 'Illustrators', 'Authors']","['Entry-Level Job Seekers', 'Marginalized', 'Indigenous', 'Black Color']",['United States'],advice seeking,text-to-video,"['Title: Gatekeeping in Publishing', 'Occupation: Authors, Illustrators, Publishing professionals  Demographics: Marginalized groups, Black, Indigenous, People of Color, entry-level job seekers Country: United States']",['https://vertexaisearch.cloud.google.com/grounding-api-redirect/AUZIYQEU9NVkZl0QTc4LH-TstNOXnWjVyHOFh4NEgoJwlFAZGiedYu21pYUtrniNTUwxPcEeGd_54eVJk0DQO-OE5v4QKgGv3nbs_kHYuR4SpsPi5zYUnTxnw2vJir0Jxk5ZOWEYcbjO1EaH08lL-b2DhSxhddICb2B35vbjgi-W0TlJdaqFQ2W_3DqCsbpWcsWqR3iFg6GN5U0HT73eo_li10jSJGEvlDQO-wZ99gQ3g0g2Lm1UImP0EVkWyDPYusSoy-Jm-oudMuM='],formal
176,Culture,Literary And Publishing Arts,"A hopeful debut author, sitting at a coffee shop in a US city, receives guidance from an experienced literary agent. The author holds a printed manuscript and takes notes, seeking advice on crafting a compelling query letter and navigating the path to getting their first book published.",Publishing,"Book, Author, Literary Agent",Readers,"['Publishing professionals', 'Illustrators', 'Authors']","['Entry-Level Job Seekers', 'Marginalized', 'Indigenous', 'Black Color']",['United States'],advice seeking,text-to-video,"['Title: Gatekeeping in Publishing', 'Occupation: Authors, Illustrators, Publishing professionals  Demographics: Marginalized groups, Black, Indigenous, People of Color, entry-level job seekers Country: United States']",['https://vertexaisearch.cloud.google.com/grounding-api-redirect/AUZIYQEU9NVkZl0QTc4LH-TstNOXnWjVyHOFh4NEgoJwlFAZGiedYu21pYUtrniNTUwxPcEeGd_54eVJk0DQO-OE5v4QKgGv3nbs_kHYuR4SpsPi5zYUnTxnw2vJir0Jxk5ZOWEYcbjO1EaH08lL-b2DhSxhddICb2B35vbjgi-W0TlJdaqFQ2W_3DqCsbpWcsWqR3iFg6GN5U0HT73eo_li10jSJGEvlDQO-wZ99gQ3g0g2Lm1UImP0EVkWyDPYusSoy-Jm-oudMuM='],curious
177,Culture,Literary And Publishing Arts,"A marginalized author from the United States, participating in a virtual mentorship session, discusses challenges with securing a book deal. They are seeking candid advice from a successful author on finding agents truly committed to diverse voices and overcoming systemic barriers in publishing.",Publishing,"Book, Author, Literary Agent",Readers,"['Publishing professionals', 'Illustrators', 'Authors']","['Entry-Level Job Seekers', 'Marginalized', 'Indigenous', 'Black Color']",['United States'],advice seeking,text-to-video,"['Title: Gatekeeping in Publishing', 'Occupation: Authors, Illustrators, Publishing professionals  Demographics: Marginalized groups, Black, Indigenous, People of Color, entry-level job seekers Country: United States']",['https://vertexaisearch.cloud.google.com/grounding-api-redirect/AUZIYQEU9NVkZl0QTc4LH-TstNOXnWjVyHOFh4NEgoJwlFAZGiedYu21pYUtrniNTUwxPcEeGd_54eVJk0DQO-OE5v4QKgGv3nbs_kHYuR4SpsPi5zYUnTxnw2vJir0Jxk5ZOWEYcbjO1EaH08lL-b2DhSxhddICb2B35vbjgi-W0TlJdaqFQ2W_3DqCsbpWcsWqR3iFg6GN5U0HT73eo_li10jSJGEvlDQO-wZ99gQ3g0g2Lm1UImP0EVkWyDPYusSoy-Jm-oudMuM='],formal
178,Culture,Literary And Publishing Arts,"A Black author, pen in hand, thoughtfully listens to advice from a respected literary agent, who is gesturing towards a mock-up of a book cover featuring a Black protagonist. They are discussing the unique challenges and opportunities for Black literature in the US market, focusing on strategy for a new novel.",Publishing,"Book, Author, Literary Agent",Readers,"['Publishing professionals', 'Illustrators', 'Authors']","['Entry-Level Job Seekers', 'Marginalized', 'Indigenous', 'Black Color']",['United States'],advice seeking,text-to-video,"['Title: Gatekeeping in Publishing', 'Occupation: Authors, Illustrators, Publishing professionals  Demographics: Marginalized groups, Black, Indigenous, People of Color, entry-level job seekers Country: United States']",['https://vertexaisearch.cloud.google.com/grounding-api-redirect/AUZIYQEU9NVkZl0QTc4LH-TstNOXnWjVyHOFh4NEgoJwlFAZGiedYu21pYUtrniNTUwxPcEeGd_54eVJk0DQO-OE5v4QKgGv3nbs_kHYuR4SpsPi5zYUnTxnw2vJir0Jxk5ZOWEYcbjO1EaH08lL-b2DhSxhddICb2B35vbjgi-W0TlJdaqFQ2W_3DqCsbpWcsWqR3iFg6GN5U0HT73eo_li10jSJGEvlDQO-wZ99gQ3g0g2Lm1UImP0EVkWyDPYusSoy-Jm-oudMuM='],neutral
179,Culture,Literary And Publishing Arts,"An author of color, engaged in an earnest conversation with an editor and a literary agent at a US publishing fair, seeks advice on how to ensure their unique cultural narrative is accurately represented and successfully marketed to a broad audience, amidst diverse book displays.",Publishing,"Book, Author, Literary Agent",Readers,"['Publishing professionals', 'Illustrators', 'Authors']","['Entry-Level Job Seekers', 'Marginalized', 'Indigenous', 'Black Color']",['United States'],advice seeking,text-to-video,"['Title: Gatekeeping in Publishing', 'Occupation: Authors, Illustrators, Publishing professionals  Demographics: Marginalized groups, Black, Indigenous, People of Color, entry-level job seekers Country: United States']",['https://vertexaisearch.cloud.google.com/grounding-api-redirect/AUZIYQEU9NVkZl0QTc4LH-TstNOXnWjVyHOFh4NEgoJwlFAZGiedYu21pYUtrniNTUwxPcEeGd_54eVJk0DQO-OE5v4QKgGv3nbs_kHYuR4SpsPi5zYUnTxnw2vJir0Jxk5ZOWEYcbjO1EaH08lL-b2DhSxhddICb2B35vbjgi-W0TlJdaqFQ2W_3DqCsbpWcsWqR3iFg6GN5U0HT73eo_li10jSJGEvlDQO-wZ99gQ3g0g2Lm1UImP0EVkWyDPYusSoy-Jm-oudMuM='],formal
180,Culture,Literary And Publishing Arts,"A busy book editor in a modern New York City publishing office, intently listening to an experienced literary agent, seeking advice on acquiring impactful non-fiction books from emerging authors for the next season.",Publishing,"Book, Author, Literary Agent",Literary Professionals,"['Publishing professionals', 'Illustrators', 'Authors']","['Entry-Level Job Seekers', 'Marginalized', 'Indigenous', 'Black Color']",['United States'],advice seeking,text-to-video,"['Title: Gatekeeping in Publishing', 'Occupation: Authors, Illustrators, Publishing professionals  Demographics: Marginalized groups, Black, Indigenous, People of Color, entry-level job seekers Country: United States']",['https://vertexaisearch.cloud.google.com/grounding-api-redirect/AUZIYQEU9NVkZl0QTc4LH-TstNOXnWjVyHOFh4NEgoJwlFAZGiedYu21pYUtrniNTUwxPcEeGd_54eVJk0DQO-OE5v4QKgGv3nbs_kHYuR4SpsPi5zYUnTxnw2vJir0Jxk5ZOWEYcbjO1EaH08lL-b2DhSxhddICb2B35vbjgi-W0TlJdaqFQ2W_3DqCsbpWcsWqR3iFg6GN5U0HT73eo_li10jSJGEvlDQO-wZ99gQ3g0g2Lm1UImP0EVkWyDPYusSoy-Jm-oudMuM='],formal
181,Culture,Literary And Publishing Arts,"A marketing professional at a publishing house in the United States, analyzing digital sales data for a new book, seeking guidance from a senior colleague on innovative strategies to reach diverse readership.",Publishing,"Book, Author, Literary Agent",Literary Professionals,"['Publishing professionals', 'Illustrators', 'Authors']","['Entry-Level Job Seekers', 'Marginalized', 'Indigenous', 'Black Color']",['United States'],advice seeking,text-to-video,"['Title: Gatekeeping in Publishing', 'Occupation: Authors, Illustrators, Publishing professionals  Demographics: Marginalized groups, Black, Indigenous, People of Color, entry-level job seekers Country: United States']",['https://vertexaisearch.cloud.google.com/grounding-api-redirect/AUZIYQEU9NVkZl0QTc4LH-TstNOXnWjVyHOFh4NEgoJwlFAZGiedYu21pYUtrniNTUwxPcEeGd_54eVJk0DQO-OE5v4QKgGv3nbs_kHYuR4SpsPi5zYUnTxnw2vJir0Jxk5ZOWEYcbjO1EaH08lL-b2DhSxhddICb2B35vbjgi-W0TlJdaqFQ2W_3DqCsbpWcsWqR3iFg6GN5U0HT73eo_li10jSJGEvlDQO-wZ99gQ3g0g2Lm1UImP0EVkWyDPYusSoy-Jm-oudMuM='],formal
182,Culture,Literary And Publishing Arts,"A dedicated children's book illustrator in their bright home studio, reviewing their portfolio with a literary agent on a video call, seeking specific advice on how to secure more book illustration contracts with major US publishers.",Publishing,"Book, Author, Literary Agent",Literary Professionals,"['Publishing professionals', 'Illustrators', 'Authors']","['Entry-Level Job Seekers', 'Marginalized', 'Indigenous', 'Black Color']",['United States'],advice seeking,text-to-video,"['Title: Gatekeeping in Publishing', 'Occupation: Authors, Illustrators, Publishing professionals  Demographics: Marginalized groups, Black, Indigenous, People of Color, entry-level job seekers Country: United States']",['https://vertexaisearch.cloud.google.com/grounding-api-redirect/AUZIYQEU9NVkZl0QTc4LH-TstNOXnWjVyHOFh4NEgoJwlFAZGiedYu21pYUtrniNTUwxPcEeGd_54eVJk0DQO-OE5v4QKgGv3nbs_kHYuR4SpsPi5zYUnTxnw2vJir0Jxk5ZOWEYcbjO1EaH08lL-b2DhSxhddICb2B35vbjgi-W0TlJdaqFQ2W_3DqCsbpWcsWqR3iFg6GN5U0HT73eo_li10jSJGEvlDQO-wZ99gQ3g0g2Lm1UImP0EVkWyDPYusSoy-Jm-oudMuM='],neutral
183,Culture,Literary And Publishing Arts,"A graphic novel artist at a comic convention in the United States, showing their artwork to a literary agent, seeking advice on fair royalty splits and intellectual property rights for their next book project.",Publishing,"Book, Author, Literary Agent",Literary Professionals,"['Publishing professionals', 'Illustrators', 'Authors']","['Entry-Level Job Seekers', 'Marginalized', 'Indigenous', 'Black Color']",['United States'],advice seeking,text-to-video,"['Title: Gatekeeping in Publishing', 'Occupation: Authors, Illustrators, Publishing professionals  Demographics: Marginalized groups, Black, Indigenous, People of Color, entry-level job seekers Country: United States']",['https://vertexaisearch.cloud.google.com/grounding-api-redirect/AUZIYQEU9NVkZl0QTc4LH-TstNOXnWjVyHOFh4NEgoJwlFAZGiedYu21pYUtrniNTUwxPcEeGd_54eVJk0DQO-OE5v4QKgGv3nbs_kHYuR4SpsPi5zYUnTxnw2vJir0Jxk5ZOWEYcbjO1EaH08lL-b2DhSxhddICb2B35vbjgi-W0TlJdaqFQ2W_3DqCsbpWcsWqR3iFg6GN5U0HT73eo_li10jSJGEvlDQO-wZ99gQ3g0g2Lm1UImP0EVkWyDPYusSoy-Jm-oudMuM='],neutral
184,Culture,Literary And Publishing Arts,"A debut author sitting anxiously at a literary conference in the United States, approaching a well-known literary agent, seeking advice on crafting a compelling query letter for their completed mystery novel.",Publishing,"Book, Author, Literary Agent",Literary Professionals,"['Publishing professionals', 'Illustrators', 'Authors']","['Entry-Level Job Seekers', 'Marginalized', 'Indigenous', 'Black Color']",['United States'],advice seeking,text-to-video,"['Title: Gatekeeping in Publishing', 'Occupation: Authors, Illustrators, Publishing professionals  Demographics: Marginalized groups, Black, Indigenous, People of Color, entry-level job seekers Country: United States']",['https://vertexaisearch.cloud.google.com/grounding-api-redirect/AUZIYQEU9NVkZl0QTc4LH-TstNOXnWjVyHOFh4NEgoJwlFAZGiedYu21pYUtrniNTUwxPcEeGd_54eVJk0DQO-OE5v4QKgGv3nbs_kHYuR4SpsPi5zYUnTxnw2vJir0Jxk5ZOWEYcbjO1EaH08lL-b2DhSxhddICb2B35vbjgi-W0TlJdaqFQ2W_3DqCsbpWcsWqR3iFg6GN5U0HT73eo_li10jSJGEvlDQO-wZ99gQ3g0g2Lm1UImP0EVkWyDPYusSoy-Jm-oudMuM='],emotional
185,Culture,Literary And Publishing Arts,"An established science fiction author at their home desk, discussing future book proposals with their literary agent via phone, seeking strategic advice on evolving their writing career and exploring new genres.",Publishing,"Book, Author, Literary Agent",Literary Professionals,"['Publishing professionals', 'Illustrators', 'Authors']","['Entry-Level Job Seekers', 'Marginalized', 'Indigenous', 'Black Color']",['United States'],advice seeking,text-to-video,"['Title: Gatekeeping in Publishing', 'Occupation: Authors, Illustrators, Publishing professionals  Demographics: Marginalized groups, Black, Indigenous, People of Color, entry-level job seekers Country: United States']",['https://vertexaisearch.cloud.google.com/grounding-api-redirect/AUZIYQEU9NVkZl0QTc4LH-TstNOXnWjVyHOFh4NEgoJwlFAZGiedYu21pYUtrniNTUwxPcEeGd_54eVJk0DQO-OE5v4QKgGv3nbs_kHYuR4SpsPi5zYUnTxnw2vJir0Jxk5ZOWEYcbjO1EaH08lL-b2DhSxhddICb2B35vbjgi-W0TlJdaqFQ2W_3DqCsbpWcsWqR3iFg6GN5U0HT73eo_li10jSJGEvlDQO-wZ99gQ3g0g2Lm1UImP0EVkWyDPYusSoy-Jm-oudMuM='],formal
186,Culture,Literary And Publishing Arts,"An eager college graduate at a publishing career fair in Boston, handing their resume to a human resources professional from a prominent book publisher, seeking advice on entry-level editorial roles and required skills.",Publishing,"Book, Author, Literary Agent",Literary Professionals,"['Publishing professionals', 'Illustrators', 'Authors']","['Entry-Level Job Seekers', 'Marginalized', 'Indigenous', 'Black Color']",['United States'],advice seeking,text-to-video,"['Title: Gatekeeping in Publishing', 'Occupation: Authors, Illustrators, Publishing professionals  Demographics: Marginalized groups, Black, Indigenous, People of Color, entry-level job seekers Country: United States']",['https://vertexaisearch.cloud.google.com/grounding-api-redirect/AUZIYQEU9NVkZl0QTc4LH-TstNOXnWjVyHOFh4NEgoJwlFAZGiedYu21pYUtrniNTUwxPcEeGd_54eVJk0DQO-OE5v4QKgGv3nbs_kHYuR4SpsPi5zYUnTxnw2vJir0Jxk5ZOWEYcbjO1EaH08lL-b2DhSxhddICb2B35vbjgi-W0TlJdaqFQ2W_3DqCsbpWcsWqR3iFg6GN5U0HT73eo_li10jSJGEvlDQO-wZ99gQ3g0g2Lm1UImP0EVkWyDPYusSoy-Jm-oudMuM='],formal
187,Culture,Literary And Publishing Arts,"A young professional in a bustling US coffee shop, networking with a publishing assistant, seeking advice on breaking into the book industry and finding mentorship opportunities in acquisitions.",Publishing,"Book, Author, Literary Agent",Literary Professionals,"['Publishing professionals', 'Illustrators', 'Authors']","['Entry-Level Job Seekers', 'Marginalized', 'Indigenous', 'Black Color']",['United States'],advice seeking,text-to-video,"['Title: Gatekeeping in Publishing', 'Occupation: Authors, Illustrators, Publishing professionals  Demographics: Marginalized groups, Black, Indigenous, People of Color, entry-level job seekers Country: United States']",['https://vertexaisearch.cloud.google.com/grounding-api-redirect/AUZIYQEU9NVkZl0QTc4LH-TstNOXnWjVyHOFh4NEgoJwlFAZGiedYu21pYUtrniNTUwxPcEeGd_54eVJk0DQO-OE5v4QKgGv3nbs_kHYuR4SpsPi5zYUnTxnw2vJir0Jxk5ZOWEYcbjO1EaH08lL-b2DhSxhddICb2B35vbjgi-W0TlJdaqFQ2W_3DqCsbpWcsWqR3iFg6GN5U0HT73eo_li10jSJGEvlDQO-wZ99gQ3g0g2Lm1UImP0EVkWyDPYusSoy-Jm-oudMuM='],curious
188,Culture,Literary And Publishing Arts,"A writer from a marginalized community, participating in an online mentorship session with a literary agent who champions diverse voices, seeking advice on navigating the mainstream publishing industry with their unique manuscript.",Publishing,"Book, Author, Literary Agent",Literary Professionals,"['Publishing professionals', 'Illustrators', 'Authors']","['Entry-Level Job Seekers', 'Marginalized', 'Indigenous', 'Black Color']",['United States'],advice seeking,text-to-video,"['Title: Gatekeeping in Publishing', 'Occupation: Authors, Illustrators, Publishing professionals  Demographics: Marginalized groups, Black, Indigenous, People of Color, entry-level job seekers Country: United States']",['https://vertexaisearch.cloud.google.com/grounding-api-redirect/AUZIYQEU9NVkZl0QTc4LH-TstNOXnWjVyHOFh4NEgoJwlFAZGiedYu21pYUtrniNTUwxPcEeGd_54eVJk0DQO-OE5v4QKgGv3nbs_kHYuR4SpsPi5zYUnTxnw2vJir0Jxk5ZOWEYcbjO1EaH08lL-b2DhSxhddICb2B35vbjgi-W0TlJdaqFQ2W_3DqCsbpWcsWqR3iFg6GN5U0HT73eo_li10jSJGEvlDQO-wZ99gQ3g0g2Lm1UImP0EVkWyDPYusSoy-Jm-oudMuM='],formal
189,Culture,Literary And Publishing Arts,"An aspiring book designer from a marginalized background, attending a virtual panel on inclusivity in publishing, seeking advice from industry leaders on creating space for authentic representation in design roles.",Publishing,"Book, Author, Literary Agent",Literary Professionals,"['Publishing professionals', 'Illustrators', 'Authors']","['Entry-Level Job Seekers', 'Marginalized', 'Indigenous', 'Black Color']",['United States'],advice seeking,text-to-video,"['Title: Gatekeeping in Publishing', 'Occupation: Authors, Illustrators, Publishing professionals  Demographics: Marginalized groups, Black, Indigenous, People of Color, entry-level job seekers Country: United States']",['https://vertexaisearch.cloud.google.com/grounding-api-redirect/AUZIYQEU9NVkZl0QTc4LH-TstNOXnWjVyHOFh4NEgoJwlFAZGiedYu21pYUtrniNTUwxPcEeGd_54eVJk0DQO-OE5v4QKgGv3nbs_kHYuR4SpsPi5zYUnTxnw2vJir0Jxk5ZOWEYcbjO1EaH08lL-b2DhSxhddICb2B35vbjgi-W0TlJdaqFQ2W_3DqCsbpWcsWqR3iFg6GN5U0HT73eo_li10jSJGEvlDQO-wZ99gQ3g0g2Lm1UImP0EVkWyDPYusSoy-Jm-oudMuM='],formal
190,Culture,Literary And Publishing Arts,"An Indigenous author in a quiet study, discussing their manuscript with a literary agent specializing in Native American literature, seeking advice on respectfully sharing traditional stories through published books in the United States.",Publishing,"Book, Author, Literary Agent",Literary Professionals,"['Publishing professionals', 'Illustrators', 'Authors']","['Entry-Level Job Seekers', 'Marginalized', 'Indigenous', 'Black Color']",['United States'],advice seeking,text-to-video,"['Title: Gatekeeping in Publishing', 'Occupation: Authors, Illustrators, Publishing professionals  Demographics: Marginalized groups, Black, Indigenous, People of Color, entry-level job seekers Country: United States']",['https://vertexaisearch.cloud.google.com/grounding-api-redirect/AUZIYQEU9NVkZl0QTc4LH-TstNOXnWjVyHOFh4NEgoJwlFAZGiedYu21pYUtrniNTUwxPcEeGd_54eVJk0DQO-OE5v4QKgGv3nbs_kHYuR4SpsPi5zYUnTxnw2vJir0Jxk5ZOWEYcbjO1EaH08lL-b2DhSxhddICb2B35vbjgi-W0TlJdaqFQ2W_3DqCsbpWcsWqR3iFg6GN5U0HT73eo_li10jSJGEvlDQO-wZ99gQ3g0g2Lm1UImP0EVkWyDPYusSoy-Jm-oudMuM='],formal
191,Culture,Literary And Publishing Arts,"An Indigenous publishing professional at a cultural heritage event in the US, conversing with an elder and a literary agent, seeking advice on best practices for tribal consultation and protecting Indigenous intellectual property in publishing.",Publishing,"Book, Author, Literary Agent",Literary Professionals,"['Publishing professionals', 'Illustrators', 'Authors']","['Entry-Level Job Seekers', 'Marginalized', 'Indigenous', 'Black Color']",['United States'],advice seeking,text-to-video,"['Title: Gatekeeping in Publishing', 'Occupation: Authors, Illustrators, Publishing professionals  Demographics: Marginalized groups, Black, Indigenous, People of Color, entry-level job seekers Country: United States']",['https://vertexaisearch.cloud.google.com/grounding-api-redirect/AUZIYQEU9NVkZl0QTc4LH-TstNOXnWjVyHOFh4NEgoJwlFAZGiedYu21pYUtrniNTUwxPcEeGd_54eVJk0DQO-OE5v4QKgGv3nbs_kHYuR4SpsPi5zYUnTxnw2vJir0Jxk5ZOWEYcbjO1EaH08lL-b2DhSxhddICb2B35vbjgi-W0TlJdaqFQ2W_3DqCsbpWcsWqR3iFg6GN5U0HT73eo_li10jSJGEvlDQO-wZ99gQ3g0g2Lm1UImP0EVkWyDPYusSoy-Jm-oudMuM='],formal
192,Culture,Literary And Publishing Arts,"A Black author in their vibrant home office in Atlanta, on a video call with a prominent literary agent, seeking advice on effectively marketing their culturally resonant book to a broad American audience.",Publishing,"Book, Author, Literary Agent",Literary Professionals,"['Publishing professionals', 'Illustrators', 'Authors']","['Entry-Level Job Seekers', 'Marginalized', 'Indigenous', 'Black Color']",['United States'],advice seeking,text-to-video,"['Title: Gatekeeping in Publishing', 'Occupation: Authors, Illustrators, Publishing professionals  Demographics: Marginalized groups, Black, Indigenous, People of Color, entry-level job seekers Country: United States']",['https://vertexaisearch.cloud.google.com/grounding-api-redirect/AUZIYQEU9NVkZl0QTc4LH-TstNOXnWjVyHOFh4NEgoJwlFAZGiedYu21pYUtrniNTUwxPcEeGd_54eVJk0DQO-OE5v4QKgGv3nbs_kHYuR4SpsPi5zYUnTxnw2vJir0Jxk5ZOWEYcbjO1EaH08lL-b2DhSxhddICb2B35vbjgi-W0TlJdaqFQ2W_3DqCsbpWcsWqR3iFg6GN5U0HT73eo_li10jSJGEvlDQO-wZ99gQ3g0g2Lm1UImP0EVkWyDPYusSoy-Jm-oudMuM='],formal
193,Culture,Literary And Publishing Arts,"A young Black editor at a diversity in publishing summit in New York, seeking career guidance from a senior Black publishing executive, discussing pathways to leadership roles in book acquisition.",Publishing,"Book, Author, Literary Agent",Literary Professionals,"['Publishing professionals', 'Illustrators', 'Authors']","['Entry-Level Job Seekers', 'Marginalized', 'Indigenous', 'Black Color']",['United States'],advice seeking,text-to-video,"['Title: Gatekeeping in Publishing', 'Occupation: Authors, Illustrators, Publishing professionals  Demographics: Marginalized groups, Black, Indigenous, People of Color, entry-level job seekers Country: United States']",['https://vertexaisearch.cloud.google.com/grounding-api-redirect/AUZIYQEU9NVkZl0QTc4LH-TstNOXnWjVyHOFh4NEgoJwlFAZGiedYu21pYUtrniNTUwxPcEeGd_54eVJk0DQO-OE5v4QKgGv3nbs_kHYuR4SpsPi5zYUnTxnw2vJir0Jxk5ZOWEYcbjO1EaH08lL-b2DhSxhddICb2B35vbjgi-W0TlJdaqFQ2W_3DqCsbpWcsWqR3iFg6GN5U0HT73eo_li10jSJGEvlDQO-wZ99gQ3g0g2Lm1UImP0EVkWyDPYusSoy-Jm-oudMuM='],formal
194,Culture,Literary And Publishing Arts,"An author of Color at a writers' workshop in the United States, engaging in a one-on-one session with a literary agent, seeking advice on refining their narrative to resonate across diverse cultural backgrounds while maintaining authenticity.",Publishing,"Book, Author, Literary Agent",Literary Professionals,"['Publishing professionals', 'Illustrators', 'Authors']","['Entry-Level Job Seekers', 'Marginalized', 'Indigenous', 'Black Color']",['United States'],advice seeking,text-to-video,"['Title: Gatekeeping in Publishing', 'Occupation: Authors, Illustrators, Publishing professionals  Demographics: Marginalized groups, Black, Indigenous, People of Color, entry-level job seekers Country: United States']",['https://vertexaisearch.cloud.google.com/grounding-api-redirect/AUZIYQEU9NVkZl0QTc4LH-TstNOXnWjVyHOFh4NEgoJwlFAZGiedYu21pYUtrniNTUwxPcEeGd_54eVJk0DQO-OE5v4QKgGv3nbs_kHYuR4SpsPi5zYUnTxnw2vJir0Jxk5ZOWEYcbjO1EaH08lL-b2DhSxhddICb2B35vbjgi-W0TlJdaqFQ2W_3DqCsbpWcsWqR3iFg6GN5U0HT73eo_li10jSJGEvlDQO-wZ99gQ3g0g2Lm1UImP0EVkWyDPYusSoy-Jm-oudMuM='],formal
195,Culture,Literary And Publishing Arts,"A publishing professional of Color, meeting with a mentor in a book-filled cafe in Los Angeles, seeking advice on building a robust professional network and advocating for greater inclusivity in book commissioning processes.",Publishing,"Book, Author, Literary Agent",Literary Professionals,"['Publishing professionals', 'Illustrators', 'Authors']","['Entry-Level Job Seekers', 'Marginalized', 'Indigenous', 'Black Color']",['United States'],advice seeking,text-to-video,"['Title: Gatekeeping in Publishing', 'Occupation: Authors, Illustrators, Publishing professionals  Demographics: Marginalized groups, Black, Indigenous, People of Color, entry-level job seekers Country: United States']",['https://vertexaisearch.cloud.google.com/grounding-api-redirect/AUZIYQEU9NVkZl0QTc4LH-TstNOXnWjVyHOFh4NEgoJwlFAZGiedYu21pYUtrniNTUwxPcEeGd_54eVJk0DQO-OE5v4QKgGv3nbs_kHYuR4SpsPi5zYUnTxnw2vJir0Jxk5ZOWEYcbjO1EaH08lL-b2DhSxhddICb2B35vbjgi-W0TlJdaqFQ2W_3DqCsbpWcsWqR3iFg6GN5U0HT73eo_li10jSJGEvlDQO-wZ99gQ3g0g2Lm1UImP0EVkWyDPYusSoy-Jm-oudMuM='],formal
196,Culture,Literary And Publishing Arts,"Publishing professionals     ""A US publishing professional, surrounded by book covers and market reports, seeking advice from an experienced mentor on adapting book marketing strategies for a digital-first world.",Publishing,"Book, Author, Literary Agent",Writers,"['Publishing professionals', 'Illustrators', 'Authors']","['Entry-Level Job Seekers', 'Marginalized', 'Indigenous', 'Black Color']",['United States'],advice seeking,text-to-video,"['Title: Gatekeeping in Publishing', 'Occupation: Authors, Illustrators, Publishing professionals  Demographics: Marginalized groups, Black, Indigenous, People of Color, entry-level job seekers Country: United States']",['https://vertexaisearch.cloud.google.com/grounding-api-redirect/AUZIYQEU9NVkZl0QTc4LH-TstNOXnWjVyHOFh4NEgoJwlFAZGiedYu21pYUtrniNTUwxPcEeGd_54eVJk0DQO-OE5v4QKgGv3nbs_kHYuR4SpsPi5zYUnTxnw2vJir0Jxk5ZOWEYcbjO1EaH08lL-b2DhSxhddICb2B35vbjgi-W0TlJdaqFQ2W_3DqCsbpWcsWqR3iFg6GN5U0HT73eo_li10jSJGEvlDQO-wZ99gQ3g0g2Lm1UImP0EVkWyDPYusSoy-Jm-oudMuM='],formal
197,Culture,Literary And Publishing Arts,"Illustrators     ""An illustrator in their art studio, holding a children's book dummy, seeking advice from a literary agent on how to best present their portfolio to land a book deal.",Publishing,"Book, Author, Literary Agent",Writers,"['Publishing professionals', 'Illustrators', 'Authors']","['Entry-Level Job Seekers', 'Marginalized', 'Indigenous', 'Black Color']",['United States'],advice seeking,text-to-video,"['Title: Gatekeeping in Publishing', 'Occupation: Authors, Illustrators, Publishing professionals  Demographics: Marginalized groups, Black, Indigenous, People of Color, entry-level job seekers Country: United States']",['https://vertexaisearch.cloud.google.com/grounding-api-redirect/AUZIYQEU9NVkZl0QTc4LH-TstNOXnWjVyHOFh4NEgoJwlFAZGiedYu21pYUtrniNTUwxPcEeGd_54eVJk0DQO-OE5v4QKgGv3nbs_kHYuR4SpsPi5zYUnTxnw2vJir0Jxk5ZOWEYcbjO1EaH08lL-b2DhSxhddICb2B35vbjgi-W0TlJdaqFQ2W_3DqCsbpWcsWqR3iFg6GN5U0HT73eo_li10jSJGEvlDQO-wZ99gQ3g0g2Lm1UImP0EVkWyDPYusSoy-Jm-oudMuM='],curious
198,Culture,Literary And Publishing Arts,"Authors     ""An aspiring author, with their manuscript in hand, sitting across from a literary agent in a bustling New York office, seeking advice on how to refine their pitch and secure representation.",Publishing,"Book, Author, Literary Agent",Writers,"['Publishing professionals', 'Illustrators', 'Authors']","['Entry-Level Job Seekers', 'Marginalized', 'Indigenous', 'Black Color']",['United States'],advice seeking,text-to-video,"['Title: Gatekeeping in Publishing', 'Occupation: Authors, Illustrators, Publishing professionals  Demographics: Marginalized groups, Black, Indigenous, People of Color, entry-level job seekers Country: United States']",['https://vertexaisearch.cloud.google.com/grounding-api-redirect/AUZIYQEU9NVkZl0QTc4LH-TstNOXnWjVyHOFh4NEgoJwlFAZGiedYu21pYUtrniNTUwxPcEeGd_54eVJk0DQO-OE5v4QKgGv3nbs_kHYuR4SpsPi5zYUnTxnw2vJir0Jxk5ZOWEYcbjO1EaH08lL-b2DhSxhddICb2B35vbjgi-W0TlJdaqFQ2W_3DqCsbpWcsWqR3iFg6GN5U0HT73eo_li10jSJGEvlDQO-wZ99gQ3g0g2Lm1UImP0EVkWyDPYusSoy-Jm-oudMuM='],neutral
199,Culture,Literary And Publishing Arts,"entry-level job seekers     ""A bright-eyed entry-level job seeker at a US publishing career fair, intently listening to an industry expert offering advice on how to start a career in book acquisitions.",Publishing,"Book, Author, Literary Agent",Writers,"['Publishing professionals', 'Illustrators', 'Authors']","['Entry-Level Job Seekers', 'Marginalized', 'Indigenous', 'Black Color']",['United States'],advice seeking,text-to-video,"['Title: Gatekeeping in Publishing', 'Occupation: Authors, Illustrators, Publishing professionals  Demographics: Marginalized groups, Black, Indigenous, People of Color, entry-level job seekers Country: United States']",['https://vertexaisearch.cloud.google.com/grounding-api-redirect/AUZIYQEU9NVkZl0QTc4LH-TstNOXnWjVyHOFh4NEgoJwlFAZGiedYu21pYUtrniNTUwxPcEeGd_54eVJk0DQO-OE5v4QKgGv3nbs_kHYuR4SpsPi5zYUnTxnw2vJir0Jxk5ZOWEYcbjO1EaH08lL-b2DhSxhddICb2B35vbjgi-W0TlJdaqFQ2W_3DqCsbpWcsWqR3iFg6GN5U0HT73eo_li10jSJGEvlDQO-wZ99gQ3g0g2Lm1UImP0EVkWyDPYusSoy-Jm-oudMuM='],neutral
200,Culture,Literary And Publishing Arts,"Marginalized     ""A marginalized author, representing an underrepresented community, seeking advice from a literary agent who champions diverse voices, in a warm and supportive literary setting, discussing their book.",Publishing,"Book, Author, Literary Agent",Writers,"['Publishing professionals', 'Illustrators', 'Authors']","['Entry-Level Job Seekers', 'Marginalized', 'Indigenous', 'Black Color']",['United States'],advice seeking,text-to-video,"['Title: Gatekeeping in Publishing', 'Occupation: Authors, Illustrators, Publishing professionals  Demographics: Marginalized groups, Black, Indigenous, People of Color, entry-level job seekers Country: United States']",['https://vertexaisearch.cloud.google.com/grounding-api-redirect/AUZIYQEU9NVkZl0QTc4LH-TstNOXnWjVyHOFh4NEgoJwlFAZGiedYu21pYUtrniNTUwxPcEeGd_54eVJk0DQO-OE5v4QKgGv3nbs_kHYuR4SpsPi5zYUnTxnw2vJir0Jxk5ZOWEYcbjO1EaH08lL-b2DhSxhddICb2B35vbjgi-W0TlJdaqFQ2W_3DqCsbpWcsWqR3iFg6GN5U0HT73eo_li10jSJGEvlDQO-wZ99gQ3g0g2Lm1UImP0EVkWyDPYusSoy-Jm-oudMuM='],emotional
201,Culture,Literary And Publishing Arts,"Indigenous     ""An Indigenous author, with a manuscript reflecting traditional stories, consulting with a US literary agent for advice on how to ensure authentic representation and respect for cultural intellectual property in their upcoming book.",Publishing,"Book, Author, Literary Agent",Writers,"['Publishing professionals', 'Illustrators', 'Authors']","['Entry-Level Job Seekers', 'Marginalized', 'Indigenous', 'Black Color']",['United States'],advice seeking,text-to-video,"['Title: Gatekeeping in Publishing', 'Occupation: Authors, Illustrators, Publishing professionals  Demographics: Marginalized groups, Black, Indigenous, People of Color, entry-level job seekers Country: United States']",['https://vertexaisearch.cloud.google.com/grounding-api-redirect/AUZIYQEU9NVkZl0QTc4LH-TstNOXnWjVyHOFh4NEgoJwlFAZGiedYu21pYUtrniNTUwxPcEeGd_54eVJk0DQO-OE5v4QKgGv3nbs_kHYuR4SpsPi5zYUnTxnw2vJir0Jxk5ZOWEYcbjO1EaH08lL-b2DhSxhddICb2B35vbjgi-W0TlJdaqFQ2W_3DqCsbpWcsWqR3iFg6GN5U0HT73eo_li10jSJGEvlDQO-wZ99gQ3g0g2Lm1UImP0EVkWyDPYusSoy-Jm-oudMuM='],formal
202,Culture,Literary And Publishing Arts,"Black     ""A Black author in a culturally rich bookstore setting, receiving personalized advice from a literary agent on navigating the US publishing landscape to successfully publish their impactful new book.",Publishing,"Book, Author, Literary Agent",Writers,"['Publishing professionals', 'Illustrators', 'Authors']","['Entry-Level Job Seekers', 'Marginalized', 'Indigenous', 'Black Color']",['United States'],advice seeking,text-to-video,"['Title: Gatekeeping in Publishing', 'Occupation: Authors, Illustrators, Publishing professionals  Demographics: Marginalized groups, Black, Indigenous, People of Color, entry-level job seekers Country: United States']",['https://vertexaisearch.cloud.google.com/grounding-api-redirect/AUZIYQEU9NVkZl0QTc4LH-TstNOXnWjVyHOFh4NEgoJwlFAZGiedYu21pYUtrniNTUwxPcEeGd_54eVJk0DQO-OE5v4QKgGv3nbs_kHYuR4SpsPi5zYUnTxnw2vJir0Jxk5ZOWEYcbjO1EaH08lL-b2DhSxhddICb2B35vbjgi-W0TlJdaqFQ2W_3DqCsbpWcsWqR3iFg6GN5U0HT73eo_li10jSJGEvlDQO-wZ99gQ3g0g2Lm1UImP0EVkWyDPYusSoy-Jm-oudMuM='],formal
203,Culture,Literary And Publishing Arts,"Color     ""An author of color seeking advice from a US literary agent on how to effectively market their multicultural book to a broader audience while preserving its unique cultural essence.",Publishing,"Book, Author, Literary Agent",Writers,"['Publishing professionals', 'Illustrators', 'Authors']","['Entry-Level Job Seekers', 'Marginalized', 'Indigenous', 'Black Color']",['United States'],advice seeking,text-to-video,"['Title: Gatekeeping in Publishing', 'Occupation: Authors, Illustrators, Publishing professionals  Demographics: Marginalized groups, Black, Indigenous, People of Color, entry-level job seekers Country: United States']",['https://vertexaisearch.cloud.google.com/grounding-api-redirect/AUZIYQEU9NVkZl0QTc4LH-TstNOXnWjVyHOFh4NEgoJwlFAZGiedYu21pYUtrniNTUwxPcEeGd_54eVJk0DQO-OE5v4QKgGv3nbs_kHYuR4SpsPi5zYUnTxnw2vJir0Jxk5ZOWEYcbjO1EaH08lL-b2DhSxhddICb2B35vbjgi-W0TlJdaqFQ2W_3DqCsbpWcsWqR3iFg6GN5U0HT73eo_li10jSJGEvlDQO-wZ99gQ3g0g2Lm1UImP0EVkWyDPYusSoy-Jm-oudMuM='],formal
204,Culture,Literary And Publishing Arts,Show me visual strategies for a publishing professional to identify and acquire debut authors with unique literary voices for new books.,Publishing,"Book, Author, Literary Agent",Publishers,"['Publishing professionals', 'Illustrators', 'Authors']","['Entry-Level Job Seekers', 'Marginalized', 'Indigenous', 'Black Color']",['United States'],advice seeking,text-to-video,"['Title: Gatekeeping in Publishing', 'Occupation: Authors, Illustrators, Publishing professionals  Demographics: Marginalized groups, Black, Indigenous, People of Color, entry-level job seekers Country: United States']",['https://vertexaisearch.cloud.google.com/grounding-api-redirect/AUZIYQEU9NVkZl0QTc4LH-TstNOXnWjVyHOFh4NEgoJwlFAZGiedYu21pYUtrniNTUwxPcEeGd_54eVJk0DQO-OE5v4QKgGv3nbs_kHYuR4SpsPi5zYUnTxnw2vJir0Jxk5ZOWEYcbjO1EaH08lL-b2DhSxhddICb2B35vbjgi-W0TlJdaqFQ2W_3DqCsbpWcsWqR3iFg6GN5U0HT73eo_li10jSJGEvlDQO-wZ99gQ3g0g2Lm1UImP0EVkWyDPYusSoy-Jm-oudMuM='],formal
205,Culture,Literary And Publishing Arts,Illustrate common legal pitfalls a publishing professional should avoid when drafting author contracts for a new book.,Publishing,"Book, Author, Literary Agent",Publishers,"['Publishing professionals', 'Illustrators', 'Authors']","['Entry-Level Job Seekers', 'Marginalized', 'Indigenous', 'Black Color']",['United States'],advice seeking,text-to-video,"['Title: Gatekeeping in Publishing', 'Occupation: Authors, Illustrators, Publishing professionals  Demographics: Marginalized groups, Black, Indigenous, People of Color, entry-level job seekers Country: United States']",['https://vertexaisearch.cloud.google.com/grounding-api-redirect/AUZIYQEU9NVkZl0QTc4LH-TstNOXnWjVyHOFh4NEgoJwlFAZGiedYu21pYUtrniNTUwxPcEeGd_54eVJk0DQO-OE5v4QKgGv3nbs_kHYuR4SpsPi5zYUnTxnw2vJir0Jxk5ZOWEYcbjO1EaH08lL-b2DhSxhddICb2B35vbjgi-W0TlJdaqFQ2W_3DqCsbpWcsWqR3iFg6GN5U0HT73eo_li10jSJGEvlDQO-wZ99gQ3g0g2Lm1UImP0EVkWyDPYusSoy-Jm-oudMuM='],formal
206,Culture,Literary And Publishing Arts,Visualize how an illustrator can effectively present a children's book portfolio to a literary agent.,Publishing,"Book, Author, Literary Agent",Publishers,"['Publishing professionals', 'Illustrators', 'Authors']","['Entry-Level Job Seekers', 'Marginalized', 'Indigenous', 'Black Color']",['United States'],advice seeking,text-to-video,"['Title: Gatekeeping in Publishing', 'Occupation: Authors, Illustrators, Publishing professionals  Demographics: Marginalized groups, Black, Indigenous, People of Color, entry-level job seekers Country: United States']",['https://vertexaisearch.cloud.google.com/grounding-api-redirect/AUZIYQEU9NVkZl0QTc4LH-TstNOXnWjVyHOFh4NEgoJwlFAZGiedYu21pYUtrniNTUwxPcEeGd_54eVJk0DQO-OE5v4QKgGv3nbs_kHYuR4SpsPi5zYUnTxnw2vJir0Jxk5ZOWEYcbjO1EaH08lL-b2DhSxhddICb2B35vbjgi-W0TlJdaqFQ2W_3DqCsbpWcsWqR3iFg6GN5U0HT73eo_li10jSJGEvlDQO-wZ99gQ3g0g2Lm1UImP0EVkWyDPYusSoy-Jm-oudMuM='],formal
207,Culture,Literary And Publishing Arts,Show me the key steps for an illustrator to negotiate fair compensation and rights for their book art with a publisher.,Publishing,"Book, Author, Literary Agent",Publishers,"['Publishing professionals', 'Illustrators', 'Authors']","['Entry-Level Job Seekers', 'Marginalized', 'Indigenous', 'Black Color']",['United States'],advice seeking,text-to-video,"['Title: Gatekeeping in Publishing', 'Occupation: Authors, Illustrators, Publishing professionals  Demographics: Marginalized groups, Black, Indigenous, People of Color, entry-level job seekers Country: United States']",['https://vertexaisearch.cloud.google.com/grounding-api-redirect/AUZIYQEU9NVkZl0QTc4LH-TstNOXnWjVyHOFh4NEgoJwlFAZGiedYu21pYUtrniNTUwxPcEeGd_54eVJk0DQO-OE5v4QKgGv3nbs_kHYuR4SpsPi5zYUnTxnw2vJir0Jxk5ZOWEYcbjO1EaH08lL-b2DhSxhddICb2B35vbjgi-W0TlJdaqFQ2W_3DqCsbpWcsWqR3iFg6GN5U0HT73eo_li10jSJGEvlDQO-wZ99gQ3g0g2Lm1UImP0EVkWyDPYusSoy-Jm-oudMuM='],formal
208,Culture,Literary And Publishing Arts,Illustrate the journey of an aspiring author's manuscript from initial submission to a literary agent through to a published book.,Publishing,"Book, Author, Literary Agent",Publishers,"['Publishing professionals', 'Illustrators', 'Authors']","['Entry-Level Job Seekers', 'Marginalized', 'Indigenous', 'Black Color']",['United States'],advice seeking,text-to-video,"['Title: Gatekeeping in Publishing', 'Occupation: Authors, Illustrators, Publishing professionals  Demographics: Marginalized groups, Black, Indigenous, People of Color, entry-level job seekers Country: United States']",['https://vertexaisearch.cloud.google.com/grounding-api-redirect/AUZIYQEU9NVkZl0QTc4LH-TstNOXnWjVyHOFh4NEgoJwlFAZGiedYu21pYUtrniNTUwxPcEeGd_54eVJk0DQO-OE5v4QKgGv3nbs_kHYuR4SpsPi5zYUnTxnw2vJir0Jxk5ZOWEYcbjO1EaH08lL-b2DhSxhddICb2B35vbjgi-W0TlJdaqFQ2W_3DqCsbpWcsWqR3iFg6GN5U0HT73eo_li10jSJGEvlDQO-wZ99gQ3g0g2Lm1UImP0EVkWyDPYusSoy-Jm-oudMuM='],neutral
209,Culture,Literary And Publishing Arts,Show me visual advice for an author on building a strong platform before seeking a literary agent for their novel.,Publishing,"Book, Author, Literary Agent",Publishers,"['Publishing professionals', 'Illustrators', 'Authors']","['Entry-Level Job Seekers', 'Marginalized', 'Indigenous', 'Black Color']",['United States'],advice seeking,text-to-video,"['Title: Gatekeeping in Publishing', 'Occupation: Authors, Illustrators, Publishing professionals  Demographics: Marginalized groups, Black, Indigenous, People of Color, entry-level job seekers Country: United States']",['https://vertexaisearch.cloud.google.com/grounding-api-redirect/AUZIYQEU9NVkZl0QTc4LH-TstNOXnWjVyHOFh4NEgoJwlFAZGiedYu21pYUtrniNTUwxPcEeGd_54eVJk0DQO-OE5v4QKgGv3nbs_kHYuR4SpsPi5zYUnTxnw2vJir0Jxk5ZOWEYcbjO1EaH08lL-b2DhSxhddICb2B35vbjgi-W0TlJdaqFQ2W_3DqCsbpWcsWqR3iFg6GN5U0HT73eo_li10jSJGEvlDQO-wZ99gQ3g0g2Lm1UImP0EVkWyDPYusSoy-Jm-oudMuM='],neutral
210,Culture,Literary And Publishing Arts,Visualize networking tips for an entry-level job seeker hoping to become a literary agent in the U.S. publishing industry.,Publishing,"Book, Author, Literary Agent",Publishers,"['Publishing professionals', 'Illustrators', 'Authors']","['Entry-Level Job Seekers', 'Marginalized', 'Indigenous', 'Black Color']",['United States'],advice seeking,text-to-video,"['Title: Gatekeeping in Publishing', 'Occupation: Authors, Illustrators, Publishing professionals  Demographics: Marginalized groups, Black, Indigenous, People of Color, entry-level job seekers Country: United States']",['https://vertexaisearch.cloud.google.com/grounding-api-redirect/AUZIYQEU9NVkZl0QTc4LH-TstNOXnWjVyHOFh4NEgoJwlFAZGiedYu21pYUtrniNTUwxPcEeGd_54eVJk0DQO-OE5v4QKgGv3nbs_kHYuR4SpsPi5zYUnTxnw2vJir0Jxk5ZOWEYcbjO1EaH08lL-b2DhSxhddICb2B35vbjgi-W0TlJdaqFQ2W_3DqCsbpWcsWqR3iFg6GN5U0HT73eo_li10jSJGEvlDQO-wZ99gQ3g0g2Lm1UImP0EVkWyDPYusSoy-Jm-oudMuM='],formal
211,Culture,Literary And Publishing Arts,Show me what essential skills an entry-level professional needs to secure a first job at a major book publisher.,Publishing,"Book, Author, Literary Agent",Publishers,"['Publishing professionals', 'Illustrators', 'Authors']","['Entry-Level Job Seekers', 'Marginalized', 'Indigenous', 'Black Color']",['United States'],advice seeking,text-to-video,"['Title: Gatekeeping in Publishing', 'Occupation: Authors, Illustrators, Publishing professionals  Demographics: Marginalized groups, Black, Indigenous, People of Color, entry-level job seekers Country: United States']",['https://vertexaisearch.cloud.google.com/grounding-api-redirect/AUZIYQEU9NVkZl0QTc4LH-TstNOXnWjVyHOFh4NEgoJwlFAZGiedYu21pYUtrniNTUwxPcEeGd_54eVJk0DQO-OE5v4QKgGv3nbs_kHYuR4SpsPi5zYUnTxnw2vJir0Jxk5ZOWEYcbjO1EaH08lL-b2DhSxhddICb2B35vbjgi-W0TlJdaqFQ2W_3DqCsbpWcsWqR3iFg6GN5U0HT73eo_li10jSJGEvlDQO-wZ99gQ3g0g2Lm1UImP0EVkWyDPYusSoy-Jm-oudMuM='],neutral
212,Culture,Literary And Publishing Arts,Illustrate supportive communities and resources available for marginalized authors seeking a literary agent and a book deal.,Publishing,"Book, Author, Literary Agent",Publishers,"['Publishing professionals', 'Illustrators', 'Authors']","['Entry-Level Job Seekers', 'Marginalized', 'Indigenous', 'Black Color']",['United States'],advice seeking,text-to-video,"['Title: Gatekeeping in Publishing', 'Occupation: Authors, Illustrators, Publishing professionals  Demographics: Marginalized groups, Black, Indigenous, People of Color, entry-level job seekers Country: United States']",['https://vertexaisearch.cloud.google.com/grounding-api-redirect/AUZIYQEU9NVkZl0QTc4LH-TstNOXnWjVyHOFh4NEgoJwlFAZGiedYu21pYUtrniNTUwxPcEeGd_54eVJk0DQO-OE5v4QKgGv3nbs_kHYuR4SpsPi5zYUnTxnw2vJir0Jxk5ZOWEYcbjO1EaH08lL-b2DhSxhddICb2B35vbjgi-W0TlJdaqFQ2W_3DqCsbpWcsWqR3iFg6GN5U0HT73eo_li10jSJGEvlDQO-wZ99gQ3g0g2Lm1UImP0EVkWyDPYusSoy-Jm-oudMuM='],formal
213,Culture,Literary And Publishing Arts,Visualize strategies for an author from a marginalized background to advocate for their unique story and fair treatment in the publishing process.,Publishing,"Book, Author, Literary Agent",Publishers,"['Publishing professionals', 'Illustrators', 'Authors']","['Entry-Level Job Seekers', 'Marginalized', 'Indigenous', 'Black Color']",['United States'],advice seeking,text-to-video,"['Title: Gatekeeping in Publishing', 'Occupation: Authors, Illustrators, Publishing professionals  Demographics: Marginalized groups, Black, Indigenous, People of Color, entry-level job seekers Country: United States']",['https://vertexaisearch.cloud.google.com/grounding-api-redirect/AUZIYQEU9NVkZl0QTc4LH-TstNOXnWjVyHOFh4NEgoJwlFAZGiedYu21pYUtrniNTUwxPcEeGd_54eVJk0DQO-OE5v4QKgGv3nbs_kHYuR4SpsPi5zYUnTxnw2vJir0Jxk5ZOWEYcbjO1EaH08lL-b2DhSxhddICb2B35vbjgi-W0TlJdaqFQ2W_3DqCsbpWcsWqR3iFg6GN5U0HT73eo_li10jSJGEvlDQO-wZ99gQ3g0g2Lm1UImP0EVkWyDPYusSoy-Jm-oudMuM='],formal
214,Culture,Literary And Publishing Arts,Show me how Indigenous authors in the U.S. can identify literary agents who are knowledgeable about and respectful of Indigenous cultural intellectual property for their books.,Publishing,"Book, Author, Literary Agent",Publishers,"['Publishing professionals', 'Illustrators', 'Authors']","['Entry-Level Job Seekers', 'Marginalized', 'Indigenous', 'Black Color']",['United States'],advice seeking,text-to-video,"['Title: Gatekeeping in Publishing', 'Occupation: Authors, Illustrators, Publishing professionals  Demographics: Marginalized groups, Black, Indigenous, People of Color, entry-level job seekers Country: United States']",['https://vertexaisearch.cloud.google.com/grounding-api-redirect/AUZIYQEU9NVkZl0QTc4LH-TstNOXnWjVyHOFh4NEgoJwlFAZGiedYu21pYUtrniNTUwxPcEeGd_54eVJk0DQO-OE5v4QKgGv3nbs_kHYuR4SpsPi5zYUnTxnw2vJir0Jxk5ZOWEYcbjO1EaH08lL-b2DhSxhddICb2B35vbjgi-W0TlJdaqFQ2W_3DqCsbpWcsWqR3iFg6GN5U0HT73eo_li10jSJGEvlDQO-wZ99gQ3g0g2Lm1UImP0EVkWyDPYusSoy-Jm-oudMuM='],formal
215,Culture,Literary And Publishing Arts,Illustrate best practices for an Indigenous author ensuring authentic representation and avoiding cultural appropriation when publishing their book in the U.S.,Publishing,"Book, Author, Literary Agent",Publishers,"['Publishing professionals', 'Illustrators', 'Authors']","['Entry-Level Job Seekers', 'Marginalized', 'Indigenous', 'Black Color']",['United States'],advice seeking,text-to-video,"['Title: Gatekeeping in Publishing', 'Occupation: Authors, Illustrators, Publishing professionals  Demographics: Marginalized groups, Black, Indigenous, People of Color, entry-level job seekers Country: United States']",['https://vertexaisearch.cloud.google.com/grounding-api-redirect/AUZIYQEU9NVkZl0QTc4LH-TstNOXnWjVyHOFh4NEgoJwlFAZGiedYu21pYUtrniNTUwxPcEeGd_54eVJk0DQO-OE5v4QKgGv3nbs_kHYuR4SpsPi5zYUnTxnw2vJir0Jxk5ZOWEYcbjO1EaH08lL-b2DhSxhddICb2B35vbjgi-W0TlJdaqFQ2W_3DqCsbpWcsWqR3iFg6GN5U0HT73eo_li10jSJGEvlDQO-wZ99gQ3g0g2Lm1UImP0EVkWyDPYusSoy-Jm-oudMuM='],formal
216,Culture,Literary And Publishing Arts,Visualize a step-by-step guide for a Black author in the U.S. seeking a literary agent who champions diverse Black narratives for books.,Publishing,"Book, Author, Literary Agent",Publishers,"['Publishing professionals', 'Illustrators', 'Authors']","['Entry-Level Job Seekers', 'Marginalized', 'Indigenous', 'Black Color']",['United States'],advice seeking,text-to-video,"['Title: Gatekeeping in Publishing', 'Occupation: Authors, Illustrators, Publishing professionals  Demographics: Marginalized groups, Black, Indigenous, People of Color, entry-level job seekers Country: United States']",['https://vertexaisearch.cloud.google.com/grounding-api-redirect/AUZIYQEU9NVkZl0QTc4LH-TstNOXnWjVyHOFh4NEgoJwlFAZGiedYu21pYUtrniNTUwxPcEeGd_54eVJk0DQO-OE5v4QKgGv3nbs_kHYuR4SpsPi5zYUnTxnw2vJir0Jxk5ZOWEYcbjO1EaH08lL-b2DhSxhddICb2B35vbjgi-W0TlJdaqFQ2W_3DqCsbpWcsWqR3iFg6GN5U0HT73eo_li10jSJGEvlDQO-wZ99gQ3g0g2Lm1UImP0EVkWyDPYusSoy-Jm-oudMuM='],neutral
217,Culture,Literary And Publishing Arts,Show me key indicators of a truly inclusive publishing house in the U.S. that supports Black authors and their books.,Publishing,"Book, Author, Literary Agent",Publishers,"['Publishing professionals', 'Illustrators', 'Authors']","['Entry-Level Job Seekers', 'Marginalized', 'Indigenous', 'Black Color']",['United States'],advice seeking,text-to-video,"['Title: Gatekeeping in Publishing', 'Occupation: Authors, Illustrators, Publishing professionals  Demographics: Marginalized groups, Black, Indigenous, People of Color, entry-level job seekers Country: United States']",['https://vertexaisearch.cloud.google.com/grounding-api-redirect/AUZIYQEU9NVkZl0QTc4LH-TstNOXnWjVyHOFh4NEgoJwlFAZGiedYu21pYUtrniNTUwxPcEeGd_54eVJk0DQO-OE5v4QKgGv3nbs_kHYuR4SpsPi5zYUnTxnw2vJir0Jxk5ZOWEYcbjO1EaH08lL-b2DhSxhddICb2B35vbjgi-W0TlJdaqFQ2W_3DqCsbpWcsWqR3iFg6GN5U0HT73eo_li10jSJGEvlDQO-wZ99gQ3g0g2Lm1UImP0EVkWyDPYusSoy-Jm-oudMuM='],curious
218,Culture,Literary And Publishing Arts,Illustrate effective ways for authors of color in the U.S. to connect with literary agents prioritizing diverse voices and equitable representation for books.,Publishing,"Book, Author, Literary Agent",Publishers,"['Publishing professionals', 'Illustrators', 'Authors']","['Entry-Level Job Seekers', 'Marginalized', 'Indigenous', 'Black Color']",['United States'],advice seeking,text-to-video,"['Title: Gatekeeping in Publishing', 'Occupation: Authors, Illustrators, Publishing professionals  Demographics: Marginalized groups, Black, Indigenous, People of Color, entry-level job seekers Country: United States']",['https://vertexaisearch.cloud.google.com/grounding-api-redirect/AUZIYQEU9NVkZl0QTc4LH-TstNOXnWjVyHOFh4NEgoJwlFAZGiedYu21pYUtrniNTUwxPcEeGd_54eVJk0DQO-OE5v4QKgGv3nbs_kHYuR4SpsPi5zYUnTxnw2vJir0Jxk5ZOWEYcbjO1EaH08lL-b2DhSxhddICb2B35vbjgi-W0TlJdaqFQ2W_3DqCsbpWcsWqR3iFg6GN5U0HT73eo_li10jSJGEvlDQO-wZ99gQ3g0g2Lm1UImP0EVkWyDPYusSoy-Jm-oudMuM='],formal
219,Culture,Literary And Publishing Arts,"Show me the journey of an author of color navigating the U.S. publishing landscape, from book concept to successful publication, highlighting key support systems.",Publishing,"Book, Author, Literary Agent",Publishers,"['Publishing professionals', 'Illustrators', 'Authors']","['Entry-Level Job Seekers', 'Marginalized', 'Indigenous', 'Black Color']",['United States'],advice seeking,text-to-video,"['Title: Gatekeeping in Publishing', 'Occupation: Authors, Illustrators, Publishing professionals  Demographics: Marginalized groups, Black, Indigenous, People of Color, entry-level job seekers Country: United States']",['https://vertexaisearch.cloud.google.com/grounding-api-redirect/AUZIYQEU9NVkZl0QTc4LH-TstNOXnWjVyHOFh4NEgoJwlFAZGiedYu21pYUtrniNTUwxPcEeGd_54eVJk0DQO-OE5v4QKgGv3nbs_kHYuR4SpsPi5zYUnTxnw2vJir0Jxk5ZOWEYcbjO1EaH08lL-b2DhSxhddICb2B35vbjgi-W0TlJdaqFQ2W_3DqCsbpWcsWqR3iFg6GN5U0HT73eo_li10jSJGEvlDQO-wZ99gQ3g0g2Lm1UImP0EVkWyDPYusSoy-Jm-oudMuM='],neutral
220,Culture,Literary And Publishing Arts,"A mid-career publishing professional, looking contemplative while holding a digital book tablet in a modern New York office, seeking advice on adapting to new industry models and emerging literary agents.",Publishing,"Book, Author, Literary Agent",Readers,"['Publishing professionals', 'Illustrators', 'Authors']","['Entry-Level Job Seekers', 'Marginalized', 'Indigenous', 'Black Color']",['United States'],advice seeking,text-to-video,"['Title: Gatekeeping in Publishing', 'Occupation: Authors, Illustrators, Publishing professionals  Demographics: Marginalized groups, Black, Indigenous, People of Color, entry-level job seekers Country: United States']",['https://vertexaisearch.cloud.google.com/grounding-api-redirect/AUZIYQEU9NVkZl0QTc4LH-TstNOXnWjVyHOFh4NEgoJwlFAZGiedYu21pYUtrniNTUwxPcEeGd_54eVJk0DQO-OE5v4QKgGv3nbs_kHYuR4SpsPi5zYUnTxnw2vJir0Jxk5ZOWEYcbjO1EaH08lL-b2DhSxhddICb2B35vbjgi-W0TlJdaqFQ2W_3DqCsbpWcsWqR3iFg6GN5U0HT73eo_li10jSJGEvlDQO-wZ99gQ3g0g2Lm1UImP0EVkWyDPYusSoy-Jm-oudMuM='],formal
221,Culture,Literary And Publishing Arts,"An illustrator with a detailed portfolio open on a table, consulting with a literary agent at a US book fair booth, seeking advice on securing book illustration contracts.",Publishing,"Book, Author, Literary Agent",Readers,"['Publishing professionals', 'Illustrators', 'Authors']","['Entry-Level Job Seekers', 'Marginalized', 'Indigenous', 'Black Color']",['United States'],advice seeking,text-to-video,"['Title: Gatekeeping in Publishing', 'Occupation: Authors, Illustrators, Publishing professionals  Demographics: Marginalized groups, Black, Indigenous, People of Color, entry-level job seekers Country: United States']",['https://vertexaisearch.cloud.google.com/grounding-api-redirect/AUZIYQEU9NVkZl0QTc4LH-TstNOXnWjVyHOFh4NEgoJwlFAZGiedYu21pYUtrniNTUwxPcEeGd_54eVJk0DQO-OE5v4QKgGv3nbs_kHYuR4SpsPi5zYUnTxnw2vJir0Jxk5ZOWEYcbjO1EaH08lL-b2DhSxhddICb2B35vbjgi-W0TlJdaqFQ2W_3DqCsbpWcsWqR3iFg6GN5U0HT73eo_li10jSJGEvlDQO-wZ99gQ3g0g2Lm1UImP0EVkWyDPYusSoy-Jm-oudMuM='],neutral
222,Culture,Literary And Publishing Arts,"A determined author, surrounded by manuscript pages and research books, looking towards a wise mentor figure for advice on finding the right literary agent for their next novel.",Publishing,"Book, Author, Literary Agent",Readers,"['Publishing professionals', 'Illustrators', 'Authors']","['Entry-Level Job Seekers', 'Marginalized', 'Indigenous', 'Black Color']",['United States'],advice seeking,text-to-video,"['Title: Gatekeeping in Publishing', 'Occupation: Authors, Illustrators, Publishing professionals  Demographics: Marginalized groups, Black, Indigenous, People of Color, entry-level job seekers Country: United States']",['https://vertexaisearch.cloud.google.com/grounding-api-redirect/AUZIYQEU9NVkZl0QTc4LH-TstNOXnWjVyHOFh4NEgoJwlFAZGiedYu21pYUtrniNTUwxPcEeGd_54eVJk0DQO-OE5v4QKgGv3nbs_kHYuR4SpsPi5zYUnTxnw2vJir0Jxk5ZOWEYcbjO1EaH08lL-b2DhSxhddICb2B35vbjgi-W0TlJdaqFQ2W_3DqCsbpWcsWqR3iFg6GN5U0HT73eo_li10jSJGEvlDQO-wZ99gQ3g0g2Lm1UImP0EVkWyDPYusSoy-Jm-oudMuM='],neutral
223,Culture,Literary And Publishing Arts,"An enthusiastic young adult, holding a resume and looking at a ""Careers in Publishing"" display, seeking advice from a representative about entry-level roles and how to break into the book industry.",Publishing,"Book, Author, Literary Agent",Readers,"['Publishing professionals', 'Illustrators', 'Authors']","['Entry-Level Job Seekers', 'Marginalized', 'Indigenous', 'Black Color']",['United States'],advice seeking,text-to-video,"['Title: Gatekeeping in Publishing', 'Occupation: Authors, Illustrators, Publishing professionals  Demographics: Marginalized groups, Black, Indigenous, People of Color, entry-level job seekers Country: United States']",['https://vertexaisearch.cloud.google.com/grounding-api-redirect/AUZIYQEU9NVkZl0QTc4LH-TstNOXnWjVyHOFh4NEgoJwlFAZGiedYu21pYUtrniNTUwxPcEeGd_54eVJk0DQO-OE5v4QKgGv3nbs_kHYuR4SpsPi5zYUnTxnw2vJir0Jxk5ZOWEYcbjO1EaH08lL-b2DhSxhddICb2B35vbjgi-W0TlJdaqFQ2W_3DqCsbpWcsWqR3iFg6GN5U0HT73eo_li10jSJGEvlDQO-wZ99gQ3g0g2Lm1UImP0EVkWyDPYusSoy-Jm-oudMuM='],curious
224,Culture,Literary And Publishing Arts,"An author from a marginalized community, thoughtfully listening to a speaker at a diversity in publishing panel, seeking advice on navigating gatekeepers and finding inclusive literary agents for their unique book.",Publishing,"Book, Author, Literary Agent",Readers,"['Publishing professionals', 'Illustrators', 'Authors']","['Entry-Level Job Seekers', 'Marginalized', 'Indigenous', 'Black Color']",['United States'],advice seeking,text-to-video,"['Title: Gatekeeping in Publishing', 'Occupation: Authors, Illustrators, Publishing professionals  Demographics: Marginalized groups, Black, Indigenous, People of Color, entry-level job seekers Country: United States']",['https://vertexaisearch.cloud.google.com/grounding-api-redirect/AUZIYQEU9NVkZl0QTc4LH-TstNOXnWjVyHOFh4NEgoJwlFAZGiedYu21pYUtrniNTUwxPcEeGd_54eVJk0DQO-OE5v4QKgGv3nbs_kHYuR4SpsPi5zYUnTxnw2vJir0Jxk5ZOWEYcbjO1EaH08lL-b2DhSxhddICb2B35vbjgi-W0TlJdaqFQ2W_3DqCsbpWcsWqR3iFg6GN5U0HT73eo_li10jSJGEvlDQO-wZ99gQ3g0g2Lm1UImP0EVkWyDPYusSoy-Jm-oudMuM='],curious
225,Culture,Literary And Publishing Arts,"An Indigenous author, in a culturally rich setting, conversing with an elder while holding a manuscript, seeking advice on respectfully publishing a book of traditional stories with a suitable literary agent in the US.",Publishing,"Book, Author, Literary Agent",Readers,"['Publishing professionals', 'Illustrators', 'Authors']","['Entry-Level Job Seekers', 'Marginalized', 'Indigenous', 'Black Color']",['United States'],advice seeking,text-to-video,"['Title: Gatekeeping in Publishing', 'Occupation: Authors, Illustrators, Publishing professionals  Demographics: Marginalized groups, Black, Indigenous, People of Color, entry-level job seekers Country: United States']",['https://vertexaisearch.cloud.google.com/grounding-api-redirect/AUZIYQEU9NVkZl0QTc4LH-TstNOXnWjVyHOFh4NEgoJwlFAZGiedYu21pYUtrniNTUwxPcEeGd_54eVJk0DQO-OE5v4QKgGv3nbs_kHYuR4SpsPi5zYUnTxnw2vJir0Jxk5ZOWEYcbjO1EaH08lL-b2DhSxhddICb2B35vbjgi-W0TlJdaqFQ2W_3DqCsbpWcsWqR3iFg6GN5U0HT73eo_li10jSJGEvlDQO-wZ99gQ3g0g2Lm1UImP0EVkWyDPYusSoy-Jm-oudMuM='],formal
226,Culture,Literary And Publishing Arts,"A Black woman author, with a confident but questioning expression, engaging in a one-on-one consultation with a literary agent, seeking specific advice on amplifying Black narratives and securing a strong book deal.",Publishing,"Book, Author, Literary Agent",Readers,"['Publishing professionals', 'Illustrators', 'Authors']","['Entry-Level Job Seekers', 'Marginalized', 'Indigenous', 'Black Color']",['United States'],advice seeking,text-to-video,"['Title: Gatekeeping in Publishing', 'Occupation: Authors, Illustrators, Publishing professionals  Demographics: Marginalized groups, Black, Indigenous, People of Color, entry-level job seekers Country: United States']",['https://vertexaisearch.cloud.google.com/grounding-api-redirect/AUZIYQEU9NVkZl0QTc4LH-TstNOXnWjVyHOFh4NEgoJwlFAZGiedYu21pYUtrniNTUwxPcEeGd_54eVJk0DQO-OE5v4QKgGv3nbs_kHYuR4SpsPi5zYUnTxnw2vJir0Jxk5ZOWEYcbjO1EaH08lL-b2DhSxhddICb2B35vbjgi-W0TlJdaqFQ2W_3DqCsbpWcsWqR3iFg6GN5U0HT73eo_li10jSJGEvlDQO-wZ99gQ3g0g2Lm1UImP0EVkWyDPYusSoy-Jm-oudMuM='],curious
227,Culture,Literary And Publishing Arts,"A Person of Color, holding a debut novel, actively participating in a mentorship session at a US literary conference, seeking strategic advice on navigating the book publishing industry and connecting with supportive literary agents.",Publishing,"Book, Author, Literary Agent",Readers,"['Publishing professionals', 'Illustrators', 'Authors']","['Entry-Level Job Seekers', 'Marginalized', 'Indigenous', 'Black Color']",['United States'],advice seeking,text-to-video,"['Title: Gatekeeping in Publishing', 'Occupation: Authors, Illustrators, Publishing professionals  Demographics: Marginalized groups, Black, Indigenous, People of Color, entry-level job seekers Country: United States']",['https://vertexaisearch.cloud.google.com/grounding-api-redirect/AUZIYQEU9NVkZl0QTc4LH-TstNOXnWjVyHOFh4NEgoJwlFAZGiedYu21pYUtrniNTUwxPcEeGd_54eVJk0DQO-OE5v4QKgGv3nbs_kHYuR4SpsPi5zYUnTxnw2vJir0Jxk5ZOWEYcbjO1EaH08lL-b2DhSxhddICb2B35vbjgi-W0TlJdaqFQ2W_3DqCsbpWcsWqR3iFg6GN5U0HT73eo_li10jSJGEvlDQO-wZ99gQ3g0g2Lm1UImP0EVkWyDPYusSoy-Jm-oudMuM='],formal
228,Culture,Intangible Cultural Heritage,"A Polish family business kitchen, an elder pierogi maker demonstrates the intricate technique for traditional potato and cheese pierogi to a younger family member, advising on dough elasticity and filling consistency for a festival.",Culinary Traditions,"Recipes, Festivals, Heritage",Community Members,"['Traditional food producers', 'family businesses']","['Intergenerational Family Members', 'Local Communities']",['Poland'],advice seeking,text-to-video,"['Title: Local Food Production Based on Culinary Heritage—A Way to Local Sustainability', ' Occupation: Traditional food producers, family businesses Demographics: Local communities, intergenerational family members Country: Poland']",['https://vertexaisearch.cloud.google.com/grounding-api-redirect/AUZIYQGPFbBs0xWxG9zlq09AxQMAHgjLk0RbkkZMsli9ZVpTocYdMGNbS9VPvKsQ6jpjAgZSIKcdkyyagiev73fK-b-xcFSgoyG47RViZl0XImOtyfYf98zdzKrJjr9t7mhNDiJdhroDAw=='],neutral
229,Culture,Intangible Cultural Heritage,"A multi-generational Polish family preparing 'makowiec' (poppy seed roll) for Christmas, with the grandmother advising on the perfect dough roll and filling spread to preserve this culinary heritage.",Culinary Traditions,"Recipes, Festivals, Heritage",Community Members,"['Traditional food producers', 'family businesses']","['Intergenerational Family Members', 'Local Communities']",['Poland'],advice seeking,text-to-video,"['Title: Local Food Production Based on Culinary Heritage—A Way to Local Sustainability', ' Occupation: Traditional food producers, family businesses Demographics: Local communities, intergenerational family members Country: Poland']",['https://vertexaisearch.cloud.google.com/grounding-api-redirect/AUZIYQGPFbBs0xWxG9zlq09AxQMAHgjLk0RbkkZMsli9ZVpTocYdMGNbS9VPvKsQ6jpjAgZSIKcdkyyagiev73fK-b-xcFSgoyG47RViZl0XImOtyfYf98zdzKrJjr9t7mhNDiJdhroDAw=='],emotional
230,Culture,Intangible Cultural Heritage,"A Polish traditional food producer consulting with a local community elder about adapting an old family 'kiełbasa' recipe for a modern market, visually representing advice through shared ingredient sketches and historical notes.",Culinary Traditions,"Recipes, Festivals, Heritage",Community Members,"['Traditional food producers', 'family businesses']","['Intergenerational Family Members', 'Local Communities']",['Poland'],advice seeking,text-to-video,"['Title: Local Food Production Based on Culinary Heritage—A Way to Local Sustainability', ' Occupation: Traditional food producers, family businesses Demographics: Local communities, intergenerational family members Country: Poland']",['https://vertexaisearch.cloud.google.com/grounding-api-redirect/AUZIYQGPFbBs0xWxG9zlq09AxQMAHgjLk0RbkkZMsli9ZVpTocYdMGNbS9VPvKsQ6jpjAgZSIKcdkyyagiev73fK-b-xcFSgoyG47RViZl0XImOtyfYf98zdzKrJjr9t7mhNDiJdhroDAw=='],formal
231,Culture,Intangible Cultural Heritage,"A vibrant Polish village square during a harvest festival (Dożynki), local community members advising on the best arrangement for traditional food stalls featuring regional 'bigos' and 'oscypek', celebrating local heritage.",Culinary Traditions,"Recipes, Festivals, Heritage",Community Members,"['Traditional food producers', 'family businesses']","['Intergenerational Family Members', 'Local Communities']",['Poland'],advice seeking,text-to-video,"['Title: Local Food Production Based on Culinary Heritage—A Way to Local Sustainability', ' Occupation: Traditional food producers, family businesses Demographics: Local communities, intergenerational family members Country: Poland']",['https://vertexaisearch.cloud.google.com/grounding-api-redirect/AUZIYQGPFbBs0xWxG9zlq09AxQMAHgjLk0RbkkZMsli9ZVpTocYdMGNbS9VPvKsQ6jpjAgZSIKcdkyyagiev73fK-b-xcFSgoyG47RViZl0XImOtyfYf98zdzKrJjr9t7mhNDiJdhroDAw=='],casual
232,Culture,Intangible Cultural Heritage,"A cozy Polish kitchen, a babcia (grandmother) pointing to a specific instruction in an old, handwritten family recipe book for 'żurek' soup, visually advising her granddaughter on the sour starter's preparation.",Culinary Traditions,"Recipes, Festivals, Heritage",Community Members,"['Traditional food producers', 'family businesses']","['Intergenerational Family Members', 'Local Communities']",['Poland'],advice seeking,text-to-video,"['Title: Local Food Production Based on Culinary Heritage—A Way to Local Sustainability', ' Occupation: Traditional food producers, family businesses Demographics: Local communities, intergenerational family members Country: Poland']",['https://vertexaisearch.cloud.google.com/grounding-api-redirect/AUZIYQGPFbBs0xWxG9zlq09AxQMAHgjLk0RbkkZMsli9ZVpTocYdMGNbS9VPvKsQ6jpjAgZSIKcdkyyagiev73fK-b-xcFSgoyG47RViZl0XImOtyfYf98zdzKrJjr9t7mhNDiJdhroDAw=='],emotional
233,Culture,Intangible Cultural Heritage,"An illustration of a Polish local community meeting, visually outlining a plan to revive an ancient regional food festival centered around a unique 'śliwowica' (plum brandy) recipe, advising on historical elements and community participation.",Culinary Traditions,"Recipes, Festivals, Heritage",Community Members,"['Traditional food producers', 'family businesses']","['Intergenerational Family Members', 'Local Communities']",['Poland'],advice seeking,text-to-video,"['Title: Local Food Production Based on Culinary Heritage—A Way to Local Sustainability', ' Occupation: Traditional food producers, family businesses Demographics: Local communities, intergenerational family members Country: Poland']",['https://vertexaisearch.cloud.google.com/grounding-api-redirect/AUZIYQGPFbBs0xWxG9zlq09AxQMAHgjLk0RbkkZMsli9ZVpTocYdMGNbS9VPvKsQ6jpjAgZSIKcdkyyagiev73fK-b-xcFSgoyG47RViZl0XImOtyfYf98zdzKrJjr9t7mhNDiJdhroDAw=='],neutral
234,Culture,Intangible Cultural Heritage,"A young Polish chef from a family business seeking advice on modernizing traditional 'sernik' (cheesecake) recipes for a contemporary market while preserving its heritage, depicted as a brainstorming session with historical recipe elements.",Culinary Traditions,"Recipes, Festivals, Heritage",Community Members,"['Traditional food producers', 'family businesses']","['Intergenerational Family Members', 'Local Communities']",['Poland'],advice seeking,text-to-video,"['Title: Local Food Production Based on Culinary Heritage—A Way to Local Sustainability', ' Occupation: Traditional food producers, family businesses Demographics: Local communities, intergenerational family members Country: Poland']",['https://vertexaisearch.cloud.google.com/grounding-api-redirect/AUZIYQGPFbBs0xWxG9zlq09AxQMAHgjLk0RbkkZMsli9ZVpTocYdMGNbS9VPvKsQ6jpjAgZSIKcdkyyagiev73fK-b-xcFSgoyG47RViZl0XImOtyfYf98zdzKrJjr9t7mhNDiJdhroDAw=='],formal
235,Culture,Intangible Cultural Heritage,"A group of intergenerational Polish family members from a local community gathering, seeking advice on how to visually document and preserve their intangible culinary heritage of regional 'kapusta z grochem' recipes, showing old photos and notes being exchanged.",Culinary Traditions,"Recipes, Festivals, Heritage",Community Members,"['Traditional food producers', 'family businesses']","['Intergenerational Family Members', 'Local Communities']",['Poland'],advice seeking,text-to-video,"['Title: Local Food Production Based on Culinary Heritage—A Way to Local Sustainability', ' Occupation: Traditional food producers, family businesses Demographics: Local communities, intergenerational family members Country: Poland']",['https://vertexaisearch.cloud.google.com/grounding-api-redirect/AUZIYQGPFbBs0xWxG9zlq09AxQMAHgjLk0RbkkZMsli9ZVpTocYdMGNbS9VPvKsQ6jpjAgZSIKcdkyyagiev73fK-b-xcFSgoyG47RViZl0XImOtyfYf98zdzKrJjr9t7mhNDiJdhroDAw=='],formal
236,Culture,Intangible Cultural Heritage,"Show an image advising a Polish intergenerational family of traditional food producers on how to visually present their classic 'nalesniki' recipe, emphasizing the heritage of passed-down techniques to a modern audience at a festival.",Culinary Traditions,"Recipes, Festivals, Heritage",Researchers,"['Traditional food producers', 'family businesses']","['Intergenerational Family Members', 'Local Communities']",['Poland'],advice seeking,text-to-video,"['Title: Local Food Production Based on Culinary Heritage—A Way to Local Sustainability', ' Occupation: Traditional food producers, family businesses Demographics: Local communities, intergenerational family members Country: Poland']",['https://vertexaisearch.cloud.google.com/grounding-api-redirect/AUZIYQGPFbBs0xWxG9zlq09AxQMAHgjLk0RbkkZMsli9ZVpTocYdMGNbS9VPvKsQ6jpjAgZSIKcdkyyagiev73fK-b-xcFSgoyG47RViZl0XImOtyfYf98zdzKrJjr9t7mhNDiJdhroDAw=='],formal
237,Culture,Intangible Cultural Heritage,"Visualize advice for a Polish traditional food producer family, featuring a grandmother and grandchild, on how to design a traditional 'mazurek' (recipe) visually appealing for a local spring festival, while preserving its deep cultural heritage.",Culinary Traditions,"Recipes, Festivals, Heritage",Researchers,"['Traditional food producers', 'family businesses']","['Intergenerational Family Members', 'Local Communities']",['Poland'],advice seeking,text-to-video,"['Title: Local Food Production Based on Culinary Heritage—A Way to Local Sustainability', ' Occupation: Traditional food producers, family businesses Demographics: Local communities, intergenerational family members Country: Poland']",['https://vertexaisearch.cloud.google.com/grounding-api-redirect/AUZIYQGPFbBs0xWxG9zlq09AxQMAHgjLk0RbkkZMsli9ZVpTocYdMGNbS9VPvKsQ6jpjAgZSIKcdkyyagiev73fK-b-xcFSgoyG47RViZl0XImOtyfYf98zdzKrJjr9t7mhNDiJdhroDAw=='],formal
238,Culture,Intangible Cultural Heritage,Create an image offering advice to Polish intergenerational traditional food producers on showcasing their family's 'żurek' recipe and its intangible cultural heritage through captivating visual storytelling at a regional food event.,Culinary Traditions,"Recipes, Festivals, Heritage",Researchers,"['Traditional food producers', 'family businesses']","['Intergenerational Family Members', 'Local Communities']",['Poland'],advice seeking,text-to-video,"['Title: Local Food Production Based on Culinary Heritage—A Way to Local Sustainability', ' Occupation: Traditional food producers, family businesses Demographics: Local communities, intergenerational family members Country: Poland']",['https://vertexaisearch.cloud.google.com/grounding-api-redirect/AUZIYQGPFbBs0xWxG9zlq09AxQMAHgjLk0RbkkZMsli9ZVpTocYdMGNbS9VPvKsQ6jpjAgZSIKcdkyyagiev73fK-b-xcFSgoyG47RViZl0XImOtyfYf98zdzKrJjr9t7mhNDiJdhroDAw=='],formal
239,Culture,Intangible Cultural Heritage,"Generate an image advising Polish traditional food producers in a local community on how to set up an attractive market stall for a harvest festival, highlighting the heritage of their regional 'oscypek' (recipe) cheese.",Culinary Traditions,"Recipes, Festivals, Heritage",Researchers,"['Traditional food producers', 'family businesses']","['Intergenerational Family Members', 'Local Communities']",['Poland'],advice seeking,text-to-video,"['Title: Local Food Production Based on Culinary Heritage—A Way to Local Sustainability', ' Occupation: Traditional food producers, family businesses Demographics: Local communities, intergenerational family members Country: Poland']",['https://vertexaisearch.cloud.google.com/grounding-api-redirect/AUZIYQGPFbBs0xWxG9zlq09AxQMAHgjLk0RbkkZMsli9ZVpTocYdMGNbS9VPvKsQ6jpjAgZSIKcdkyyagiev73fK-b-xcFSgoyG47RViZl0XImOtyfYf98zdzKrJjr9t7mhNDiJdhroDAw=='],formal
240,Culture,Intangible Cultural Heritage,Visualize advice for a Polish local community of traditional food producers on how to create a vibrant visual campaign for a festival celebrating their unique regional 'kopytka' (recipe) and its culinary heritage.,Culinary Traditions,"Recipes, Festivals, Heritage",Researchers,"['Traditional food producers', 'family businesses']","['Intergenerational Family Members', 'Local Communities']",['Poland'],advice seeking,text-to-video,"['Title: Local Food Production Based on Culinary Heritage—A Way to Local Sustainability', 'Occupation: Traditional food producers, family businesses Demographics: Local communities, intergenerational family members Country: Poland']",['https://vertexaisearch.cloud.google.com/grounding-api-redirect/AUZIYQGPFbBs0xWxG9zlq09AxQMAHgjLk0RbkkZMsli9ZVpTocYdMGNbS9VPvKsQ6jpjAgZSIKcdkyyagiev73fK-b-xcFSgoyG47RViZl0XImOtyfYf98zdzKrJjr9t7mhNDiJdhroDAw=='],formal
241,Culture,Intangible Cultural Heritage,Show an image providing advice to Polish traditional food producers and their local community on visually documenting and promoting their shared intangible cultural heritage through a traditional bread-baking festival.,Culinary Traditions,"Recipes, Festivals, Heritage",Researchers,"['Traditional food producers', 'family businesses']","['Intergenerational Family Members', 'Local Communities']",['Poland'],advice seeking,text-to-video,"['Title: Local Food Production Based on Culinary Heritage—A Way to Local Sustainability', ' Occupation: Traditional food producers, family businesses Demographics: Local communities, intergenerational family members Country: Poland']",['https://vertexaisearch.cloud.google.com/grounding-api-redirect/AUZIYQGPFbBs0xWxG9zlq09AxQMAHgjLk0RbkkZMsli9ZVpTocYdMGNbS9VPvKsQ6jpjAgZSIKcdkyyagiev73fK-b-xcFSgoyG47RViZl0XImOtyfYf98zdzKrJjr9t7mhNDiJdhroDAw=='],formal
242,Culture,Intangible Cultural Heritage,"Create an image advising a Polish intergenerational family business on how to visually innovate their packaging for traditional 'paczki' (recipe), ensuring it respects their heritage while attracting new customers at a festival.",Culinary Traditions,"Recipes, Festivals, Heritage",Researchers,"['Traditional food producers', 'family businesses']","['Intergenerational Family Members', 'Local Communities']",['Poland'],advice seeking,text-to-video,"['Title: Local Food Production Based on Culinary Heritage—A Way to Local Sustainability', ' Occupation: Traditional food producers, family businesses Demographics: Local communities, intergenerational family members Country: Poland']",['https://vertexaisearch.cloud.google.com/grounding-api-redirect/AUZIYQGPFbBs0xWxG9zlq09AxQMAHgjLk0RbkkZMsli9ZVpTocYdMGNbS9VPvKsQ6jpjAgZSIKcdkyyagiev73fK-b-xcFSgoyG47RViZl0XImOtyfYf98zdzKrJjr9t7mhNDiJdhroDAw=='],formal
243,Culture,Intangible Cultural Heritage,"Visualize advice for a Polish family business, spanning generations, on how to visually convey the unique intangible cultural heritage of their specific regional 'piernik' (gingerbread) recipe through marketing materials.",Culinary Traditions,"Recipes, Festivals, Heritage",Researchers,"['Traditional food producers', 'family businesses']","['Intergenerational Family Members', 'Local Communities']",['Poland'],advice seeking,text-to-video,"['Title: Local Food Production Based on Culinary Heritage—A Way to Local Sustainability', ' Occupation: Traditional food producers, family businesses Demographics: Local communities, intergenerational family members Country: Poland']",['https://vertexaisearch.cloud.google.com/grounding-api-redirect/AUZIYQGPFbBs0xWxG9zlq09AxQMAHgjLk0RbkkZMsli9ZVpTocYdMGNbS9VPvKsQ6jpjAgZSIKcdkyyagiev73fK-b-xcFSgoyG47RViZl0XImOtyfYf98zdzKrJjr9t7mhNDiJdhroDAw=='],formal
244,Culture,Intangible Cultural Heritage,Show an image giving advice to a Polish intergenerational family business on how to visually engage younger family members in preserving and promoting their traditional 'golabki' (recipe) heritage during family cooking workshops.,Culinary Traditions,"Recipes, Festivals, Heritage",Researchers,"['Traditional food producers', 'family businesses']","['Intergenerational Family Members', 'Local Communities']",['Poland'],advice seeking,text-to-video,"['Title: Local Food Production Based on Culinary Heritage—A Way to Local Sustainability', ' Occupation: Traditional food producers, family businesses Demographics: Local communities, intergenerational family members Country: Poland']",['https://vertexaisearch.cloud.google.com/grounding-api-redirect/AUZIYQGPFbBs0xWxG9zlq09AxQMAHgjLk0RbkkZMsli9ZVpTocYdMGNbS9VPvKsQ6jpjAgZSIKcdkyyagiev73fK-b-xcFSgoyG47RViZl0XImOtyfYf98zdzKrJjr9t7mhNDiJdhroDAw=='],formal
245,Culture,Intangible Cultural Heritage,"Generate an image advising a Polish family business on how to visually integrate their traditional 'bigos' (recipe) production into a local community festival, showcasing shared heritage and community spirit.",Culinary Traditions,"Recipes, Festivals, Heritage",Researchers,"['Traditional food producers', 'family businesses']","['Intergenerational Family Members', 'Local Communities']",['Poland'],advice seeking,text-to-video,"['Title: Local Food Production Based on Culinary Heritage—A Way to Local Sustainability', ' Occupation: Traditional food producers, family businesses Demographics: Local communities, intergenerational family members Country: Poland']",['https://vertexaisearch.cloud.google.com/grounding-api-redirect/AUZIYQGPFbBs0xWxG9zlq09AxQMAHgjLk0RbkkZMsli9ZVpTocYdMGNbS9VPvKsQ6jpjAgZSIKcdkyyagiev73fK-b-xcFSgoyG47RViZl0XImOtyfYf98zdzKrJjr9t7mhNDiJdhroDAw=='],formal
246,Culture,Intangible Cultural Heritage,"Visualize advice for a Polish family business and their local community on how to design a visually appealing brochure for a culinary tour, highlighting the intangible cultural heritage of regional 'żurek' (recipe) and local food festivals.",Culinary Traditions,"Recipes, Festivals, Heritage",Researchers,"['Traditional food producers', 'family businesses']","['Intergenerational Family Members', 'Local Communities']",['Poland'],advice seeking,text-to-video,"['Title: Local Food Production Based on Culinary Heritage—A Way to Local Sustainability', ' Occupation: Traditional food producers, family businesses Demographics: Local communities, intergenerational family members Country: Poland']",['https://vertexaisearch.cloud.google.com/grounding-api-redirect/AUZIYQGPFbBs0xWxG9zlq09AxQMAHgjLk0RbkkZMsli9ZVpTocYdMGNbS9VPvKsQ6jpjAgZSIKcdkyyagiev73fK-b-xcFSgoyG47RViZl0XImOtyfYf98zdzKrJjr9t7mhNDiJdhroDAw=='],formal
247,Culture,Intangible Cultural Heritage,Show an image providing advice to a Polish family business collaborating with their local community on how to visually promote a new initiative celebrating the heritage of forgotten local recipes through a community food festival.,Culinary Traditions,"Recipes, Festivals, Heritage",Researchers,"['Traditional food producers', 'family businesses']","['Intergenerational Family Members', 'Local Communities']",['Poland'],advice seeking,text-to-video,"['Title: Local Food Production Based on Culinary Heritage—A Way to Local Sustainability', ' Occupation: Traditional food producers, family businesses Demographics: Local communities, intergenerational family members Country: Poland']",['https://vertexaisearch.cloud.google.com/grounding-api-redirect/AUZIYQGPFbBs0xWxG9zlq09AxQMAHgjLk0RbkkZMsli9ZVpTocYdMGNbS9VPvKsQ6jpjAgZSIKcdkyyagiev73fK-b-xcFSgoyG47RViZl0XImOtyfYf98zdzKrJjr9t7mhNDiJdhroDAw=='],formal
248,Culture,Intangible Cultural Heritage,"A Polish family pierogi business in Wrocław seeks visual advice for an online campaign, illustrating their heirloom 'recipes' and culinary 'heritage' for a modern market. Show hands making pierogi, old handwritten notes, and a vibrant final dish.",Culinary Traditions,"Recipes, Festivals, Heritage",Cultural Professionals,"['Traditional food producers', 'family businesses']","['Intergenerational Family Members', 'Local Communities']",['Poland'],advice seeking,text-to-video,"['Title: Local Food Production Based on Culinary Heritage—A Way to Local Sustainability', ' Occupation: Traditional food producers, family businesses Demographics: Local communities, intergenerational family members Country: Poland']",['https://vertexaisearch.cloud.google.com/grounding-api-redirect/AUZIYQGPFbBs0xWxG9zlq09AxQMAHgjLk0RbkkZMsli9ZVpTocYdMGNbS9VPvKsQ6jpjAgZSIKcdkyyagiev73fK-b-xcFSgoyG47RViZl0XImOtyfYf98zdzKrJjr9t7mhNDiJdhroDAw=='],formal
249,Culture,Intangible Cultural Heritage,"A traditional Polish artisanal bread producer near Poznań wants visual concepts for their new packaging, highlighting the long-standing 'heritage' of their rye bread 'recipes' and the craftsmanship involved. Focus on rustic loaves, a traditional Polish oven, and a family member baking.",Culinary Traditions,"Recipes, Festivals, Heritage",Cultural Professionals,"['Traditional food producers', 'family businesses']","['Intergenerational Family Members', 'Local Communities']",['Poland'],advice seeking,text-to-video,"['Title: Local Food Production Based on Culinary Heritage—A Way to Local Sustainability', ' Occupation: Traditional food producers, family businesses Demographics: Local communities, intergenerational family members Country: Poland']",['https://vertexaisearch.cloud.google.com/grounding-api-redirect/AUZIYQGPFbBs0xWxG9zlq09AxQMAHgjLk0RbkkZMsli9ZVpTocYdMGNbS9VPvKsQ6jpjAgZSIKcdkyyagiev73fK-b-xcFSgoyG47RViZl0XImOtyfYf98zdzKrJjr9t7mhNDiJdhroDAw=='],formal
250,Culture,Intangible Cultural Heritage,"A small family-run distillery in Podkarpacie, preserving unique fruit brandy 'recipes', needs visual guidance for a local 'festival' poster, emphasizing their regional 'heritage'. Show fruit orchards, distillation equipment, and a warm gathering.",Culinary Traditions,"Recipes, Festivals, Heritage",Cultural Professionals,"['Traditional food producers', 'family businesses']","['Intergenerational Family Members', 'Local Communities']",['Poland'],advice seeking,text-to-video,"['Title: Local Food Production Based on Culinary Heritage—A Way to Local Sustainability', ' Occupation: Traditional food producers, family businesses Demographics: Local communities, intergenerational family members Country: Poland']",['https://vertexaisearch.cloud.google.com/grounding-api-redirect/AUZIYQGPFbBs0xWxG9zlq09AxQMAHgjLk0RbkkZMsli9ZVpTocYdMGNbS9VPvKsQ6jpjAgZSIKcdkyyagiev73fK-b-xcFSgoyG47RViZl0XImOtyfYf98zdzKrJjr9t7mhNDiJdhroDAw=='],neutral
251,Culture,Intangible Cultural Heritage,"A Kashubian fish smokehouse, a multi-generational family business, is asking for image ideas to promote their traditional smoked fish 'recipes' at a Baltic Sea culinary 'heritage' event. Depict fresh fish, a traditional smokehouse, and the picturesque coast.",Culinary Traditions,"Recipes, Festivals, Heritage",Cultural Professionals,"['Traditional food producers', 'family businesses']","['Intergenerational Family Members', 'Local Communities']",['Poland'],advice seeking,text-to-video,"['Title: Local Food Production Based on Culinary Heritage—A Way to Local Sustainability', ' Occupation: Traditional food producers, family businesses Demographics: Local communities, intergenerational family members Country: Poland']",['https://vertexaisearch.cloud.google.com/grounding-api-redirect/AUZIYQGPFbBs0xWxG9zlq09AxQMAHgjLk0RbkkZMsli9ZVpTocYdMGNbS9VPvKsQ6jpjAgZSIKcdkyyagiev73fK-b-xcFSgoyG47RViZl0XImOtyfYf98zdzKrJjr9t7mhNDiJdhroDAw=='],neutral
252,Culture,Intangible Cultural Heritage,"A Polish grandchild wants advice on visually celebrating their 'babcia's' 'bigos' (hunter's stew) 'recipe', showing both the process of cooking together and the shared joy of family 'heritage'. Include a generational blend of hands in the kitchen.",Culinary Traditions,"Recipes, Festivals, Heritage",Cultural Professionals,"['Traditional food producers', 'family businesses']","['Intergenerational Family Members', 'Local Communities']",['Poland'],advice seeking,text-to-video,"['Title: Local Food Production Based on Culinary Heritage—A Way to Local Sustainability', ' Occupation: Traditional food producers, family businesses Demographics: Local communities, intergenerational family members Country: Poland']",['https://vertexaisearch.cloud.google.com/grounding-api-redirect/AUZIYQGPFbBs0xWxG9zlq09AxQMAHgjLk0RbkkZMsli9ZVpTocYdMGNbS9VPvKsQ6jpjAgZSIKcdkyyagiev73fK-b-xcFSgoyG47RViZl0XImOtyfYf98zdzKrJjr9t7mhNDiJdhroDAw=='],emotional
253,Culture,Intangible Cultural Heritage,"An intergenerational Polish family in Lublin seeks visual inspiration for documenting their unique 'makowiec' (poppy seed roll) 'recipes' for future generations, showcasing the transmission of 'heritage' through baking. Show different family members at various stages of preparation.",Culinary Traditions,"Recipes, Festivals, Heritage",Cultural Professionals,"['Traditional food producers', 'family businesses']","['Intergenerational Family Members', 'Local Communities']",['Poland'],advice seeking,text-to-video,"['Title: Local Food Production Based on Culinary Heritage—A Way to Local Sustainability', ' Occupation: Traditional food producers, family businesses Demographics: Local communities, intergenerational family members Country: Poland']",['https://vertexaisearch.cloud.google.com/grounding-api-redirect/AUZIYQGPFbBs0xWxG9zlq09AxQMAHgjLk0RbkkZMsli9ZVpTocYdMGNbS9VPvKsQ6jpjAgZSIKcdkyyagiev73fK-b-xcFSgoyG47RViZl0XImOtyfYf98zdzKrJjr9t7mhNDiJdhroDAw=='],formal
254,Culture,Intangible Cultural Heritage,"A Polish mother and daughter are asking for image ideas to represent their shared 'heritage' of preparing 'chruściki' (angel wings) during pre-Lent 'festivals', emphasizing the delicate 'recipes' and bonding experience. Focus on a warm kitchen scene with laughter.",Culinary Traditions,"Recipes, Festivals, Heritage",Cultural Professionals,"['Traditional food producers', 'family businesses']","['Intergenerational Family Members', 'Local Communities']",['Poland'],advice seeking,text-to-video,"['Title: Local Food Production Based on Culinary Heritage—A Way to Local Sustainability', ' Occupation: Traditional food producers, family businesses Demographics: Local communities, intergenerational family members Country: Poland']",['https://vertexaisearch.cloud.google.com/grounding-api-redirect/AUZIYQGPFbBs0xWxG9zlq09AxQMAHgjLk0RbkkZMsli9ZVpTocYdMGNbS9VPvKsQ6jpjAgZSIKcdkyyagiev73fK-b-xcFSgoyG47RViZl0XImOtyfYf98zdzKrJjr9t7mhNDiJdhroDAw=='],emotional
255,Culture,Intangible Cultural Heritage,"A Polish family wants advice on a visual for a personal photo album, illustrating their collective 'heritage' of picking mushrooms in the forest and using traditional 'recipes' to preserve them. Depict different ages participating in the foraging and cooking.",Culinary Traditions,"Recipes, Festivals, Heritage",Cultural Professionals,"['Traditional food producers', 'family businesses']","['Intergenerational Family Members', 'Local Communities']",['Poland'],advice seeking,text-to-video,"['Title: Local Food Production Based on Culinary Heritage—A Way to Local Sustainability', ' Occupation: Traditional food producers, family businesses Demographics: Local communities, intergenerational family members Country: Poland']",['https://vertexaisearch.cloud.google.com/grounding-api-redirect/AUZIYQGPFbBs0xWxG9zlq09AxQMAHgjLk0RbkkZMsli9ZVpTocYdMGNbS9VPvKsQ6jpjAgZSIKcdkyyagiev73fK-b-xcFSgoyG47RViZl0XImOtyfYf98zdzKrJjr9t7mhNDiJdhroDAw=='],neutral
256,Culture,Intangible Cultural Heritage,"A community in Małopolska is planning a regional 'festival' to celebrate their culinary 'heritage' and seeks advice on a vibrant poster image for their 'oscypek' cheese 'recipes'. Show mountains, shepherds, and a bustling market.",Culinary Traditions,"Recipes, Festivals, Heritage",Cultural Professionals,"['Traditional food producers', 'family businesses']","['Intergenerational Family Members', 'Local Communities']",['Poland'],advice seeking,text-to-video,"['Title: Local Food Production Based on Culinary Heritage—A Way to Local Sustainability', ' Occupation: Traditional food producers, family businesses Demographics: Local communities, intergenerational family members Country: Poland']",['https://vertexaisearch.cloud.google.com/grounding-api-redirect/AUZIYQGPFbBs0xWxG9zlq09AxQMAHgjLk0RbkkZMsli9ZVpTocYdMGNbS9VPvKsQ6jpjAgZSIKcdkyyagiev73fK-b-xcFSgoyG47RViZl0XImOtyfYf98zdzKrJjr9t7mhNDiJdhroDAw=='],neutral
257,Culture,Intangible Cultural Heritage,"A small Polish town in Warmia-Masuria is asking for visual concepts to promote their local food 'heritage' at an upcoming 'festival', showcasing unique regional 'recipes' like 'dzyndzałki' (dumplings). Depict a community fair with traditional food stalls and local crafts.",Culinary Traditions,"Recipes, Festivals, Heritage",Cultural Professionals,"['Traditional food producers', 'family businesses']","['Intergenerational Family Members', 'Local Communities']",['Poland'],advice seeking,text-to-video,"['Title: Local Food Production Based on Culinary Heritage—A Way to Local Sustainability', ' Occupation: Traditional food producers, family businesses Demographics: Local communities, intergenerational family members Country: Poland']",['https://vertexaisearch.cloud.google.com/grounding-api-redirect/AUZIYQGPFbBs0xWxG9zlq09AxQMAHgjLk0RbkkZMsli9ZVpTocYdMGNbS9VPvKsQ6jpjAgZSIKcdkyyagiev73fK-b-xcFSgoyG47RViZl0XImOtyfYf98zdzKrJjr9t7mhNDiJdhroDAw=='],formal
258,Culture,Intangible Cultural Heritage,"A Polish village council needs advice on creating an image for their annual 'Dożynki' (harvest festival), emphasizing the communal spirit around traditional bread 'recipes' and agricultural 'heritage'. Illustrate a joyful procession with wreaths and a feast.",Culinary Traditions,"Recipes, Festivals, Heritage",Cultural Professionals,"['Traditional food producers', 'family businesses']","['Intergenerational Family Members', 'Local Communities']",['Poland'],advice seeking,text-to-video,"['Title: Local Food Production Based on Culinary Heritage—A Way to Local Sustainability', ' Occupation: Traditional food producers, family businesses Demographics: Local communities, intergenerational family members Country: Poland']",['https://vertexaisearch.cloud.google.com/grounding-api-redirect/AUZIYQGPFbBs0xWxG9zlq09AxQMAHgjLk0RbkkZMsli9ZVpTocYdMGNbS9VPvKsQ6jpjAgZSIKcdkyyagiev73fK-b-xcFSgoyG47RViZl0XImOtyfYf98zdzKrJjr9t7mhNDiJdhroDAw=='],formal
259,Culture,Intangible Cultural Heritage,"A local community in Podlasie wants visual ideas for preserving their intangible cultural 'heritage' of 'sękacz' (tree cake) 'recipes', demonstrating its importance at local celebrations and 'festivals'. Show the intricate baking process and a beautifully decorated cake at a communal event.",Culinary Traditions,"Recipes, Festivals, Heritage",Cultural Professionals,"['Traditional food producers', 'family businesses']","['Intergenerational Family Members', 'Local Communities']",['Poland'],advice seeking,text-to-video,"['Title: Local Food Production Based on Culinary Heritage—A Way to Local Sustainability', ' Occupation: Traditional food producers, family businesses Demographics: Local communities, intergenerational family members Country: Poland']",['https://vertexaisearch.cloud.google.com/grounding-api-redirect/AUZIYQGPFbBs0xWxG9zlq09AxQMAHgjLk0RbkkZMsli9ZVpTocYdMGNbS9VPvKsQ6jpjAgZSIKcdkyyagiev73fK-b-xcFSgoyG47RViZl0XImOtyfYf98zdzKrJjr9t7mhNDiJdhroDAw=='],neutral
260,Culture,Intangible Cultural Heritage,"As a Polish family bakery, we seek visual advice on how to showcase our traditional heritage recipes, like sernik or mazurek, at a modern food festival. Generate an image that blends rustic Polish baking traditions with a vibrant, contemporary festival setting, emphasizing the authenticity of our family's culinary legacy.",Culinary Traditions,"Recipes, Festivals, Heritage",Researchers,"['Traditional food producers', 'family businesses']","['Intergenerational Family Members', 'Local Communities']",['Poland'],advice seeking,text-to-video,"['Title: Local Food Production Based on Culinary Heritage—A Way to Local Sustainability', ' Occupation: Traditional food producers, family businesses Demographics: Local communities, intergenerational family members Country: Poland']",['https://vertexaisearch.cloud.google.com/grounding-api-redirect/AUZIYQGPFbBs0xWxG9zlq09AxQMAHgjLk0RbkkZMsli9ZVpTocYdMGNbS9VPvKsQ6jpjAgZSIKcdkyyagiev73fK-b-xcFSgoyG47RViZl0XImOtyfYf98zdzKrJjr9t7mhNDiJdhroDAw=='],formal
261,Culture,Intangible Cultural Heritage,"Our small Polish family farm specializes in traditional honey production. We need visual advice on how to represent the intangible cultural heritage of our beekeeping methods and the purity of our local heritage recipes for honey-based products. Create an image showing a beekeeper in traditional Polish attire, surrounded by flowering meadows, with jars of artisanal honey in the foreground.",Culinary Traditions,"Recipes, Festivals, Heritage",Researchers,"['Traditional food producers', 'family businesses']","['Intergenerational Family Members', 'Local Communities']",['Poland'],advice seeking,text-to-video,"['Title: Local Food Production Based on Culinary Heritage—A Way to Local Sustainability', ' Occupation: Traditional food producers, family businesses Demographics: Local communities, intergenerational family members Country: Poland']",['https://vertexaisearch.cloud.google.com/grounding-api-redirect/AUZIYQGPFbBs0xWxG9zlq09AxQMAHgjLk0RbkkZMsli9ZVpTocYdMGNbS9VPvKsQ6jpjAgZSIKcdkyyagiev73fK-b-xcFSgoyG47RViZl0XImOtyfYf98zdzKrJjr9t7mhNDiJdhroDAw=='],formal
262,Culture,Intangible Cultural Heritage,"My Polish family wants to create a visual guide for passing down our cherished pierogi recipes through generations. Generate an image that visually advises on how to depict a grandmother and granddaughter lovingly preparing pierogi together in a warm, traditional Polish kitchen, highlighting the transfer of culinary heritage.",Culinary Traditions,"Recipes, Festivals, Heritage",Researchers,"['Traditional food producers', 'family businesses']","['Intergenerational Family Members', 'Local Communities']",['Poland'],advice seeking,text-to-video,"['Title: Local Food Production Based on Culinary Heritage—A Way to Local Sustainability', ' Occupation: Traditional food producers, family businesses Demographics: Local communities, intergenerational family members Country: Poland']",['https://vertexaisearch.cloud.google.com/grounding-api-redirect/AUZIYQGPFbBs0xWxG9zlq09AxQMAHgjLk0RbkkZMsli9ZVpTocYdMGNbS9VPvKsQ6jpjAgZSIKcdkyyagiev73fK-b-xcFSgoyG47RViZl0XImOtyfYf98zdzKrJjr9t7mhNDiJdhroDAw=='],emotional
263,Culture,Intangible Cultural Heritage,"We're an intergenerational Polish family looking for visual advice on how to celebrate our intangible cultural heritage during a traditional Polish Christmas Eve (Wigilia) festival. Show an image that captures the solemn yet joyful atmosphere, focusing on the shared rituals, family bonds, and the visual richness of the festive table.",Culinary Traditions,"Recipes, Festivals, Heritage",Researchers,"['Traditional food producers', 'family businesses']","['Intergenerational Family Members', 'Local Communities']",['Poland'],advice seeking,text-to-video,"['Title: Local Food Production Based on Culinary Heritage—A Way to Local Sustainability', ' Occupation: Traditional food producers, family businesses Demographics: Local communities, intergenerational family members Country: Poland']",['https://vertexaisearch.cloud.google.com/grounding-api-redirect/AUZIYQGPFbBs0xWxG9zlq09AxQMAHgjLk0RbkkZMsli9ZVpTocYdMGNbS9VPvKsQ6jpjAgZSIKcdkyyagiev73fK-b-xcFSgoyG47RViZl0XImOtyfYf98zdzKrJjr9t7mhNDiJdhroDAw=='],formal
264,Culture,Intangible Cultural Heritage,"Our Polish local community is organizing a regional harvest festival and needs visual advice on how to portray our collective intangible cultural heritage. Generate an image illustrating a lively community gathering with locals in traditional attire, showcasing regional heritage recipes like 'placek ziemniaczany' and folk music, emphasizing shared cultural pride.",Culinary Traditions,"Recipes, Festivals, Heritage",Researchers,"['Traditional food producers', 'family businesses']","['Intergenerational Family Members', 'Local Communities']",['Poland'],advice seeking,text-to-video,"['Title: Local Food Production Based on Culinary Heritage—A Way to Local Sustainability', ' Occupation: Traditional food producers, family businesses Demographics: Local communities, intergenerational family members Country: Poland']",['https://vertexaisearch.cloud.google.com/grounding-api-redirect/AUZIYQGPFbBs0xWxG9zlq09AxQMAHgjLk0RbkkZMsli9ZVpTocYdMGNbS9VPvKsQ6jpjAgZSIKcdkyyagiev73fK-b-xcFSgoyG47RViZl0XImOtyfYf98zdzKrJjr9t7mhNDiJdhroDAw=='],formal
265,Culture,Intangible Cultural Heritage,"A Polish local community group wants to create a mural celebrating our town's unique culinary heritage. We need visual advice on how to design an image that incorporates iconic local recipes and historical elements. Depict a vibrant mural scene featuring traditional Polish dishes being prepared or enjoyed in a historical context, reflecting the town's gastronomic legacy.",Culinary Traditions,"Recipes, Festivals, Heritage",Researchers,"['Traditional food producers', 'family businesses']","['Intergenerational Family Members', 'Local Communities']",['Poland'],advice seeking,text-to-video,"['Title: Local Food Production Based on Culinary Heritage—A Way to Local Sustainability', ' Occupation: Traditional food producers, family businesses Demographics: Local communities, intergenerational family members Country: Poland']",['https://vertexaisearch.cloud.google.com/grounding-api-redirect/AUZIYQGPFbBs0xWxG9zlq09AxQMAHgjLk0RbkkZMsli9ZVpTocYdMGNbS9VPvKsQ6jpjAgZSIKcdkyyagiev73fK-b-xcFSgoyG47RViZl0XImOtyfYf98zdzKrJjr9t7mhNDiJdhroDAw=='],formal
266,Culture,Intangible Cultural Heritage,"Our Polish family business, specializing in traditional regional meats, wants visual advice on how to package our products to highlight their culinary heritage. Generate an image showing rustic, handcrafted packaging for 'kabanosy' or 'kiełbasa wiejska,' emphasizing their authentic recipes and connection to Polish farming traditions.",Culinary Traditions,"Recipes, Festivals, Heritage",Researchers,"['Traditional food producers', 'family businesses']","['Intergenerational Family Members', 'Local Communities']",['Poland'],advice seeking,text-to-video,"['Title: Local Food Production Based on Culinary Heritage—A Way to Local Sustainability', ' Occupation: Traditional food producers, family businesses Demographics: Local communities, intergenerational family members Country: Poland']",['https://vertexaisearch.cloud.google.com/grounding-api-redirect/AUZIYQGPFbBs0xWxG9zlq09AxQMAHgjLk0RbkkZMsli9ZVpTocYdMGNbS9VPvKsQ6jpjAgZSIKcdkyyagiev73fK-b-xcFSgoyG47RViZl0XImOtyfYf98zdzKrJjr9t7mhNDiJdhroDAw=='],formal
267,Culture,Intangible Cultural Heritage,"An intergenerational group from a Polish local community seeks visual advice on how to create a festive banner for an upcoming regional folk festival. Show an image of a vibrant banner design that visually tells the story of our shared culinary heritage, featuring emblematic Polish recipes passed down through generations, celebrating the community's legacy.",Culinary Traditions,"Recipes, Festivals, Heritage",Researchers,"['Traditional food producers', 'family businesses']","['Intergenerational Family Members', 'Local Communities']",['Poland'],advice seeking,text-to-video,"['Title: Local Food Production Based on Culinary Heritage—A Way to Local Sustainability', ' Occupation: Traditional food producers, family businesses Demographics: Local communities, intergenerational family members Country: Poland']",['https://vertexaisearch.cloud.google.com/grounding-api-redirect/AUZIYQGPFbBs0xWxG9zlq09AxQMAHgjLk0RbkkZMsli9ZVpTocYdMGNbS9VPvKsQ6jpjAgZSIKcdkyyagiev73fK-b-xcFSgoyG47RViZl0XImOtyfYf98zdzKrJjr9t7mhNDiJdhroDAw=='],formal
268,Culture,Intangible Cultural Heritage,"As a Polish traditional food producer, I seek advice on how to visually brand our family's ancient regional sausage Recipe for modern markets, highlighting its authentic Heritage in a compelling image.",Culinary Traditions,"Recipes, Festivals, Heritage",Practitioners,"['Traditional food producers', 'family businesses']","['Intergenerational Family Members', 'Local Communities']",['Poland'],advice seeking,text-to-video,"['Title: Local Food Production Based on Culinary Heritage—A Way to Local Sustainability', ' Occupation: Traditional food producers, family businesses Demographics: Local communities, intergenerational family members Country: Poland']",['https://vertexaisearch.cloud.google.com/grounding-api-redirect/AUZIYQGPFbBs0xWxG9zlq09AxQMAHgjLk0RbkkZMsli9ZVpTocYdMGNbS9VPvKsQ6jpjAgZSIKcdkyyagiev73fK-b-xcFSgoyG47RViZl0XImOtyfYf98zdzKrJjr9t7mhNDiJdhroDAw=='],formal
269,Culture,Intangible Cultural Heritage,Our family business wants to expand our presence at local Festivals. Provide an image advising on the most effective and aesthetically pleasing stall design to showcase our range of traditional Polish Recipes and family Heritage.,Culinary Traditions,"Recipes, Festivals, Heritage",Practitioners,"['Traditional food producers', 'family businesses']","['Intergenerational Family Members', 'Local Communities']",['Poland'],advice seeking,text-to-video,"['Title: Local Food Production Based on Culinary Heritage—A Way to Local Sustainability', ' Occupation: Traditional food producers, family businesses Demographics: Local communities, intergenerational family members Country: Poland']",['https://vertexaisearch.cloud.google.com/grounding-api-redirect/AUZIYQGPFbBs0xWxG9zlq09AxQMAHgjLk0RbkkZMsli9ZVpTocYdMGNbS9VPvKsQ6jpjAgZSIKcdkyyagiev73fK-b-xcFSgoyG47RViZl0XImOtyfYf98zdzKrJjr9t7mhNDiJdhroDAw=='],formal
270,Culture,Intangible Cultural Heritage,"We are a small Polish family bakery looking for advice on packaging. Generate an image showing innovative yet traditional packaging for our heirloom bread Recipe, emphasizing its Heritage and artisanal quality for consumers.",Culinary Traditions,"Recipes, Festivals, Heritage",Practitioners,"['Traditional food producers', 'family businesses']","['Intergenerational Family Members', 'Local Communities']",['Poland'],advice seeking,text-to-video,"['Title: Local Food Production Based on Culinary Heritage—A Way to Local Sustainability', ' Occupation: Traditional food producers, family businesses Demographics: Local communities, intergenerational family members Country: Poland']",['https://vertexaisearch.cloud.google.com/grounding-api-redirect/AUZIYQGPFbBs0xWxG9zlq09AxQMAHgjLk0RbkkZMsli9ZVpTocYdMGNbS9VPvKsQ6jpjAgZSIKcdkyyagiev73fK-b-xcFSgoyG47RViZl0XImOtyfYf98zdzKrJjr9t7mhNDiJdhroDAw=='],formal
271,Culture,Intangible Cultural Heritage,"My Polish family wants to visually document our grandmother's unique Recipe for sernik. Please generate an image that advises on how to create a beautiful, step-by-step visual guide for future generations, preserving our culinary Heritage.",Culinary Traditions,"Recipes, Festivals, Heritage",Practitioners,"['Traditional food producers', 'family businesses']","['Intergenerational Family Members', 'Local Communities']",['Poland'],advice seeking,text-to-video,"['Title: Local Food Production Based on Culinary Heritage—A Way to Local Sustainability', ' Occupation: Traditional food producers, family businesses Demographics: Local communities, intergenerational family members Country: Poland']",['https://vertexaisearch.cloud.google.com/grounding-api-redirect/AUZIYQGPFbBs0xWxG9zlq09AxQMAHgjLk0RbkkZMsli9ZVpTocYdMGNbS9VPvKsQ6jpjAgZSIKcdkyyagiev73fK-b-xcFSgoyG47RViZl0XImOtyfYf98zdzKrJjr9t7mhNDiJdhroDAw=='],emotional
272,Culture,Intangible Cultural Heritage,Our local Polish community is planning a Heritage Festival. We need advice on a compelling visual for a community mural that celebrates our diverse traditional Recipes and strengthens intergenerational connections. What should it depict?,Culinary Traditions,"Recipes, Festivals, Heritage",Practitioners,"['Traditional food producers', 'family businesses']","['Intergenerational Family Members', 'Local Communities']",['Poland'],advice seeking,text-to-video,"['Title: Local Food Production Based on Culinary Heritage—A Way to Local Sustainability', ' Occupation: Traditional food producers, family businesses Demographics: Local communities, intergenerational family members Country: Poland']",['https://vertexaisearch.cloud.google.com/grounding-api-redirect/AUZIYQGPFbBs0xWxG9zlq09AxQMAHgjLk0RbkkZMsli9ZVpTocYdMGNbS9VPvKsQ6jpjAgZSIKcdkyyagiev73fK-b-xcFSgoyG47RViZl0XImOtyfYf98zdzKrJjr9t7mhNDiJdhroDAw=='],neutral
273,Culture,Intangible Cultural Heritage,"We are teaching younger generations about Polish culinary Heritage. I need an image providing advice on how to visually represent the joyful process of preparing traditional holiday Recipes together, emphasizing family bonding and cultural transmission during Festivals.",Culinary Traditions,"Recipes, Festivals, Heritage",Practitioners,"['Traditional food producers', 'family businesses']","['Intergenerational Family Members', 'Local Communities']",['Poland'],advice seeking,text-to-video,"['Title: Local Food Production Based on Culinary Heritage—A Way to Local Sustainability', ' Occupation: Traditional food producers, family businesses Demographics: Local communities, intergenerational family members Country: Poland']",['https://vertexaisearch.cloud.google.com/grounding-api-redirect/AUZIYQGPFbBs0xWxG9zlq09AxQMAHgjLk0RbkkZMsli9ZVpTocYdMGNbS9VPvKsQ6jpjAgZSIKcdkyyagiev73fK-b-xcFSgoyG47RViZl0XImOtyfYf98zdzKrJjr9t7mhNDiJdhroDAw=='],formal
274,Culture,Intangible Cultural Heritage,"As a Polish traditional food producer, I need advice on how to visually communicate the authentic heritage of our family's pierogi recipes on a market stall. Show me an image that emphasizes tradition and quality.",Culinary Traditions,"Recipes, Festivals, Heritage",Heritage Managers,"['Traditional food producers', 'family businesses']","['Intergenerational Family Members', 'Local Communities']",['Poland'],advice seeking,text-to-video,"['Title: Local Food Production Based on Culinary Heritage—A Way to Local Sustainability', ' Occupation: Traditional food producers, family businesses Demographics: Local communities, intergenerational family members Country: Poland']",['https://vertexaisearch.cloud.google.com/grounding-api-redirect/AUZIYQGPFbBs0xWxG9zlq09AxQMAHgjLk0RbkkZMsli9ZVpTocYdMGNbS9VPvKsQ6jpjAgZSIKcdkyyagiev73fK-b-xcFSgoyG47RViZl0XImOtyfYf98zdzKrJjr9t7mhNDiJdhroDAw=='],formal
275,Culture,Intangible Cultural Heritage,"I'm a Polish farmer making traditional smoked cheeses for local festivals. What kind of image would best represent our craft, showing the production process and the festive atmosphere where we sell?",Culinary Traditions,"Recipes, Festivals, Heritage",Heritage Managers,"['Traditional food producers', 'family businesses']","['Intergenerational Family Members', 'Local Communities']",['Poland'],advice seeking,text-to-video,"['Title: Local Food Production Based on Culinary Heritage—A Way to Local Sustainability', ' Occupation: Traditional food producers, family businesses Demographics: Local communities, intergenerational family members Country: Poland']",['https://vertexaisearch.cloud.google.com/grounding-api-redirect/AUZIYQGPFbBs0xWxG9zlq09AxQMAHgjLk0RbkkZMsli9ZVpTocYdMGNbS9VPvKsQ6jpjAgZSIKcdkyyagiev73fK-b-xcFSgoyG47RViZl0XImOtyfYf98zdzKrJjr9t7mhNDiJdhroDAw=='],neutral
276,Culture,Intangible Cultural Heritage,We produce traditional Polish kielbasa following old family recipes. How can I get advice on a visual for a label that highlights our heritage and artisanal quality for potential customers?,Culinary Traditions,"Recipes, Festivals, Heritage",Heritage Managers,"['Traditional food producers', 'family businesses']","['Intergenerational Family Members', 'Local Communities']",['Poland'],advice seeking,text-to-video,"['Title: Local Food Production Based on Culinary Heritage—A Way to Local Sustainability', ' Occupation: Traditional food producers, family businesses Demographics: Local communities, intergenerational family members Country: Poland']",['https://vertexaisearch.cloud.google.com/grounding-api-redirect/AUZIYQGPFbBs0xWxG9zlq09AxQMAHgjLk0RbkkZMsli9ZVpTocYdMGNbS9VPvKsQ6jpjAgZSIKcdkyyagiev73fK-b-xcFSgoyG47RViZl0XImOtyfYf98zdzKrJjr9t7mhNDiJdhroDAw=='],curious
277,Culture,Intangible Cultural Heritage,Our Polish family business is known for generations-old sernik recipes. We're looking for advice on a visual that captures our culinary heritage for a new branding campaign. Show me an image that feels both traditional and appealing.,Culinary Traditions,"Recipes, Festivals, Heritage",Heritage Managers,"['Traditional food producers', 'family businesses']","['Intergenerational Family Members', 'Local Communities']",['Poland'],advice seeking,text-to-video,"['Title: Local Food Production Based on Culinary Heritage—A Way to Local Sustainability', ' Occupation: Traditional food producers, family businesses Demographics: Local communities, intergenerational family members Country: Poland']",['https://vertexaisearch.cloud.google.com/grounding-api-redirect/AUZIYQGPFbBs0xWxG9zlq09AxQMAHgjLk0RbkkZMsli9ZVpTocYdMGNbS9VPvKsQ6jpjAgZSIKcdkyyagiev73fK-b-xcFSgoyG47RViZl0XImOtyfYf98zdzKrJjr9t7mhNDiJdhroDAw=='],formal
278,Culture,Intangible Cultural Heritage,"As a Polish family running a small bakery, we participate in local food festivals. What kind of image would advise us on how to visually stand out, showcasing our generational connection to baking and our Polish heritage?",Culinary Traditions,"Recipes, Festivals, Heritage",Heritage Managers,"['Traditional food producers', 'family businesses']","['Intergenerational Family Members', 'Local Communities']",['Poland'],advice seeking,text-to-video,"['Title: Local Food Production Based on Culinary Heritage—A Way to Local Sustainability', ' Occupation: Traditional food producers, family businesses Demographics: Local communities, intergenerational family members Country: Poland']",['https://vertexaisearch.cloud.google.com/grounding-api-redirect/AUZIYQGPFbBs0xWxG9zlq09AxQMAHgjLk0RbkkZMsli9ZVpTocYdMGNbS9VPvKsQ6jpjAgZSIKcdkyyagiev73fK-b-xcFSgoyG47RViZl0XImOtyfYf98zdzKrJjr9t7mhNDiJdhroDAw=='],curious
279,Culture,Intangible Cultural Heritage,We inherited a Polish delicatessen business with many traditional recipes. We seek advice for a visual that illustrates the seamless passing of culinary heritage from grandparents to grandchildren in our shop.,Culinary Traditions,"Recipes, Festivals, Heritage",Heritage Managers,"['Traditional food producers', 'family businesses']","['Intergenerational Family Members', 'Local Communities']",['Poland'],advice seeking,text-to-video,"['Title: Local Food Production Based on Culinary Heritage—A Way to Local Sustainability', ' Occupation: Traditional food producers, family businesses Demographics: Local communities, intergenerational family members Country: Poland']",['https://vertexaisearch.cloud.google.com/grounding-api-redirect/AUZIYQGPFbBs0xWxG9zlq09AxQMAHgjLk0RbkkZMsli9ZVpTocYdMGNbS9VPvKsQ6jpjAgZSIKcdkyyagiev73fK-b-xcFSgoyG47RViZl0XImOtyfYf98zdzKrJjr9t7mhNDiJdhroDAw=='],formal
280,Culture,Intangible Cultural Heritage,"My Polish family wants to compile a cookbook of our cherished family recipes, passed down through generations. I need advice on a cover image that evokes warmth, heritage, and the act of cooking together across ages.",Culinary Traditions,"Recipes, Festivals, Heritage",Heritage Managers,"['Traditional food producers', 'family businesses']","['Intergenerational Family Members', 'Local Communities']",['Poland'],advice seeking,text-to-video,"['Title: Local Food Production Based on Culinary Heritage—A Way to Local Sustainability', ' Occupation: Traditional food producers, family businesses Demographics: Local communities, intergenerational family members Country: Poland']",['https://vertexaisearch.cloud.google.com/grounding-api-redirect/AUZIYQGPFbBs0xWxG9zlq09AxQMAHgjLk0RbkkZMsli9ZVpTocYdMGNbS9VPvKsQ6jpjAgZSIKcdkyyagiev73fK-b-xcFSgoyG47RViZl0XImOtyfYf98zdzKrJjr9t7mhNDiJdhroDAw=='],curious
281,Culture,Intangible Cultural Heritage,We want to celebrate our Polish family's culinary heritage at a local community festival. What visual advice can you offer for a display that shows our intergenerational involvement in making traditional dishes?,Culinary Traditions,"Recipes, Festivals, Heritage",Heritage Managers,"['Traditional food producers', 'family businesses']","['Intergenerational Family Members', 'Local Communities']",['Poland'],advice seeking,text-to-video,"['Title: Local Food Production Based on Culinary Heritage—A Way to Local Sustainability', ' Occupation: Traditional food producers, family businesses Demographics: Local communities, intergenerational family members Country: Poland']",['https://vertexaisearch.cloud.google.com/grounding-api-redirect/AUZIYQGPFbBs0xWxG9zlq09AxQMAHgjLk0RbkkZMsli9ZVpTocYdMGNbS9VPvKsQ6jpjAgZSIKcdkyyagiev73fK-b-xcFSgoyG47RViZl0XImOtyfYf98zdzKrJjr9t7mhNDiJdhroDAw=='],curious
282,Culture,Intangible Cultural Heritage,"My grandmother is teaching me traditional Polish baking recipes. I'm looking for advice on a visual that captures this intimate intergenerational moment, emphasizing the transfer of culinary heritage.",Culinary Traditions,"Recipes, Festivals, Heritage",Heritage Managers,"['Traditional food producers', 'family businesses']","['Intergenerational Family Members', 'Local Communities']",['Poland'],advice seeking,text-to-video,"['Title: Local Food Production Based on Culinary Heritage—A Way to Local Sustainability', ' Occupation: Traditional food producers, family businesses Demographics: Local communities, intergenerational family members Country: Poland']",['https://vertexaisearch.cloud.google.com/grounding-api-redirect/AUZIYQGPFbBs0xWxG9zlq09AxQMAHgjLk0RbkkZMsli9ZVpTocYdMGNbS9VPvKsQ6jpjAgZSIKcdkyyagiev73fK-b-xcFSgoyG47RViZl0XImOtyfYf98zdzKrJjr9t7mhNDiJdhroDAw=='],emotional
283,Culture,Intangible Cultural Heritage,Our Polish local community is organizing a 'Taste of Poland' festival to celebrate our regional culinary heritage. We need advice on a vibrant promotional image that invites people to experience traditional recipes and festive cheer.,Culinary Traditions,"Recipes, Festivals, Heritage",Heritage Managers,"['Traditional food producers', 'family businesses']","['Intergenerational Family Members', 'Local Communities']",['Poland'],advice seeking,text-to-video,"['Title: Local Food Production Based on Culinary Heritage—A Way to Local Sustainability', ' Occupation: Traditional food producers, family businesses Demographics: Local communities, intergenerational family members Country: Poland']",['https://vertexaisearch.cloud.google.com/grounding-api-redirect/AUZIYQGPFbBs0xWxG9zlq09AxQMAHgjLk0RbkkZMsli9ZVpTocYdMGNbS9VPvKsQ6jpjAgZSIKcdkyyagiev73fK-b-xcFSgoyG47RViZl0XImOtyfYf98zdzKrJjr9t7mhNDiJdhroDAw=='],formal
284,Culture,Intangible Cultural Heritage,"As a local Polish community group, we're documenting unique regional recipes that are part of our intangible heritage. What visual advice would help us create an appealing cover for a community recipe book?",Culinary Traditions,"Recipes, Festivals, Heritage",Heritage Managers,"['Traditional food producers', 'family businesses']","['Intergenerational Family Members', 'Local Communities']",['Poland'],advice seeking,text-to-video,"['Title: Local Food Production Based on Culinary Heritage—A Way to Local Sustainability', ' Occupation: Traditional food producers, family businesses Demographics: Local communities, intergenerational family members Country: Poland']",['https://vertexaisearch.cloud.google.com/grounding-api-redirect/AUZIYQGPFbBs0xWxG9zlq09AxQMAHgjLk0RbkkZMsli9ZVpTocYdMGNbS9VPvKsQ6jpjAgZSIKcdkyyagiev73fK-b-xcFSgoyG47RViZl0XImOtyfYf98zdzKrJjr9t7mhNDiJdhroDAw=='],formal
285,Culture,Intangible Cultural Heritage,We want to highlight the rich culinary heritage of our small Polish town to attract visitors. Can you show us an image that encapsulates the spirit of our local food festivals and the traditional recipes found here?,Culinary Traditions,"Recipes, Festivals, Heritage",Heritage Managers,"['Traditional food producers', 'family businesses']","['Intergenerational Family Members', 'Local Communities']",['Poland'],advice seeking,text-to-video,"['Title: Local Food Production Based on Culinary Heritage—A Way to Local Sustainability', ' Occupation: Traditional food producers, family businesses Demographics: Local communities, intergenerational family members Country: Poland']",['https://vertexaisearch.cloud.google.com/grounding-api-redirect/AUZIYQGPFbBs0xWxG9zlq09AxQMAHgjLk0RbkkZMsli9ZVpTocYdMGNbS9VPvKsQ6jpjAgZSIKcdkyyagiev73fK-b-xcFSgoyG47RViZl0XImOtyfYf98zdzKrJjr9t7mhNDiJdhroDAw=='],formal
286,Culture,AudioVisual And Interactive Media,"As a US player, I need advice on how to improve my competitive gameplay in first-person shooters. Show me visual strategies for better aim and positioning.",Video Games,"Gameplay, Narrative, Graphics",Creators,['Players'],"['Native Americans', 'Hispanics', 'Children', 'Females', 'Elderly']",['United States'],advice seeking,text-to-video,"['Title: The virtual census: Representations of gender, race and age in video games', 'Occupation: Players', 'Demographics: Females, Hispanics, Native Americans, children, elderly', 'Country: United States']",['https://vertexaisearch.cloud.google.com/grounding-api-redirect/AUZIYQHvhPoV6kWBcsBpLDUPijeUSzeQGxu-a_bsaQdNdYlT-lO2v0z5uzZydiSMhFZF8-QMx9diK7iGAQBTo8CBY-9RvvpSaPVmJxrvK7mmChWxYRxTFLC1wPJORB2mYwMklZbOVbX4mUEZWsVIe6OYxD3ukJiCNMQa3v43zq22VV_OyALZgpc-FMAnkzx7-6pAa8caz-fVQt0AUEupmPDJqO0TxrrZ1TtkHUqw5Y444o9xIPJCSvDVtg=='],neutral
287,Culture,AudioVisual And Interactive Media,"I'm a Native American player seeking advice on identifying video games with truly authentic and respectful indigenous narratives. Illustrate a game scene that represents cultural accuracy, not stereotypes.",Video Games,"Gameplay, Narrative, Graphics",Creators,['Players'],"['Native Americans', 'Hispanics', 'Children', 'Females', 'Elderly']",['United States'],advice seeking,text-to-video,"['Title: The virtual census: Representations of gender, race and age in video games', 'Occupation: Players', 'Demographics: Females, Hispanics, Native Americans, children, elderly', 'Country: United States']",['https://vertexaisearch.cloud.google.com/grounding-api-redirect/AUZIYQHvhPoV6kWBcsBpLDUPijeUSzeQGxu-a_bsaQdNdYlT-lO2v0z5uzZydiSMhFZF8-QMx9diK7iGAQBTo8CBY-9RvvpSaPVmJxrvK7mmChWxYRxTFLC1wPJORB2mYwMklZbOVbX4mUEZWsVIe6OYxD3ukJiCNMQa3v43zq22VV_OyALZgpc-FMAnkzx7-6pAa8caz-fVQt0AUEupmPDJqO0TxrrZ1TtkHUqw5Y444o9xIPJCSvDVtg=='],curious
288,Culture,AudioVisual And Interactive Media,"My abuela told me to find a fun game. What advice do you have for a Hispanic child wanting a game with super colorful graphics and cool characters? Show me a vibrant, family-friendly game scene.",Video Games,"Gameplay, Narrative, Graphics",Creators,['Players'],"['Native Americans', 'Hispanics', 'Children', 'Females', 'Elderly']",['United States'],advice seeking,text-to-video,"['Title: The virtual census: Representations of gender, race and age in video games', 'Occupation: Players', 'Demographics: Females, Hispanics, Native Americans, children, elderly', 'Country: United States']",['https://vertexaisearch.cloud.google.com/grounding-api-redirect/AUZIYQHvhPoV6kWBcsBpLDUPijeUSzeQGxu-a_bsaQdNdYlT-lO2v0z5uzZydiSMhFZF8-QMx9diK7iGAQBTo8CBY-9RvvpSaPVmJxrvK7mmChWxYRxTFLC1wPJORB2mYwMklZbOVbX4mUEZWsVIe6OYxD3ukJiCNMQa3v43zq22VV_OyALZgpc-FMAnkzx7-6pAa8caz-fVQt0AUEupmPDJqO0TxrrZ1TtkHUqw5Y444o9xIPJCSvDVtg=='],casual
289,Culture,AudioVisual And Interactive Media,"As a female player, I'm looking for advice on mastering complex gameplay mechanics in strategy games. Show me a visual guide or flowchart for optimizing resource management.",Video Games,"Gameplay, Narrative, Graphics",Creators,['Players'],"['Native Americans', 'Hispanics', 'Children', 'Females', 'Elderly']",['United States'],advice seeking,text-to-video,"['Title: The virtual census: Representations of gender, race and age in video games', 'Occupation: Players', 'Demographics: Females, Hispanics, Native Americans, children, elderly', 'Country: United States']",['https://vertexaisearch.cloud.google.com/grounding-api-redirect/AUZIYQHvhPoV6kWBcsBpLDUPijeUSzeQGxu-a_bsaQdNdYlT-lO2v0z5uzZydiSMhFZF8-QMx9diK7iGAQBTo8CBY-9RvvpSaPVmJxrvK7mmChWxYRxTFLC1wPJORB2mYwMklZbOVbX4mUEZWsVIe6OYxD3ukJiCNMQa3v43zq22VV_OyALZgpc-FMAnkzx7-6pAa8caz-fVQt0AUEupmPDJqO0TxrrZ1TtkHUqw5Y444o9xIPJCSvDVtg=='],neutral
290,Culture,AudioVisual And Interactive Media,"I'm an elderly player in the US. What advice would you give for choosing games with clear, easy-to-see graphics and minimal visual clutter? Show me a game UI with large fonts and high contrast.",Video Games,"Gameplay, Narrative, Graphics",Creators,['Players'],"['Native Americans', 'Hispanics', 'Children', 'Females', 'Elderly']",['United States'],advice seeking,text-to-video,"['Title: The virtual census: Representations of gender, race and age in video games', 'Occupation: Players', 'Demographics: Females, Hispanics, Native Americans, children, elderly', 'Country: United States']",['https://vertexaisearch.cloud.google.com/grounding-api-redirect/AUZIYQHvhPoV6kWBcsBpLDUPijeUSzeQGxu-a_bsaQdNdYlT-lO2v0z5uzZydiSMhFZF8-QMx9diK7iGAQBTo8CBY-9RvvpSaPVmJxrvK7mmChWxYRxTFLC1wPJORB2mYwMklZbOVbX4mUEZWsVIe6OYxD3ukJiCNMQa3v43zq22VV_OyALZgpc-FMAnkzx7-6pAa8caz-fVQt0AUEupmPDJqO0TxrrZ1TtkHUqw5Y444o9xIPJCSvDVtg=='],curious
291,Culture,AudioVisual And Interactive Media,"How can game developers create narratives that respectfully integrate Native American history and culture, ensuring accurate graphics? Show an image of a historically sensitive and visually accurate cultural depiction in a game.",Video Games,"Gameplay, Narrative, Graphics",Creators,['Players'],"['Native Americans', 'Hispanics', 'Children', 'Females', 'Elderly']",['United States'],advice seeking,text-to-video,"['Title: The virtual census: Representations of gender, race and age in video games', 'Occupation: Players', 'Demographics: Females, Hispanics, Native Americans, children, elderly', 'Country: United States']",['https://vertexaisearch.cloud.google.com/grounding-api-redirect/AUZIYQHvhPoV6kWBcsBpLDUPijeUSzeQGxu-a_bsaQdNdYlT-lO2v0z5uzZydiSMhFZF8-QMx9diK7iGAQBTo8CBY-9RvvpSaPVmJxrvK7mmChWxYRxTFLC1wPJORB2mYwMklZbOVbX4mUEZWsVIe6OYxD3ukJiCNMQa3v43zq22VV_OyALZgpc-FMAnkzx7-6pAa8caz-fVQt0AUEupmPDJqO0TxrrZ1TtkHUqw5Y444o9xIPJCSvDVtg=='],formal
292,Culture,AudioVisual And Interactive Media,"As a Hispanic player, I want advice on finding games that offer compelling narratives and engaging gameplay reflective of diverse Latin American experiences. Show me a game concept art featuring vibrant cultural elements.",Video Games,"Gameplay, Narrative, Graphics",Creators,['Players'],"['Native Americans', 'Hispanics', 'Children', 'Females', 'Elderly']",['United States'],advice seeking,text-to-video,"['Title: The virtual census: Representations of gender, race and age in video games', 'Occupation: Players', 'Demographics: Females, Hispanics, Native Americans, children, elderly', 'Country: United States']",['https://vertexaisearch.cloud.google.com/grounding-api-redirect/AUZIYQHvhPoV6kWBcsBpLDUPijeUSzeQGxu-a_bsaQdNdYlT-lO2v0z5uzZydiSMhFZF8-QMx9diK7iGAQBTo8CBY-9RvvpSaPVmJxrvK7mmChWxYRxTFLC1wPJORB2mYwMklZbOVbX4mUEZWsVIe6OYxD3ukJiCNMQa3v43zq22VV_OyALZgpc-FMAnkzx7-6pAa8caz-fVQt0AUEupmPDJqO0TxrrZ1TtkHUqw5Y444o9xIPJCSvDVtg=='],curious
293,Culture,AudioVisual And Interactive Media,"I'm a kid in the US and I want to make my own game! What advice do you have for simple, fun gameplay and cool, cartoony graphics? Show me some beginner-friendly game design sketches.",Video Games,"Gameplay, Narrative, Graphics",Creators,['Players'],"['Native Americans', 'Hispanics', 'Children', 'Females', 'Elderly']",['United States'],advice seeking,text-to-video,"['Title: The virtual census: Representations of gender, race and age in video games', 'Occupation: Players', 'Demographics: Females, Hispanics, Native Americans, children, elderly', 'Country: United States']",['https://vertexaisearch.cloud.google.com/grounding-api-redirect/AUZIYQHvhPoV6kWBcsBpLDUPijeUSzeQGxu-a_bsaQdNdYlT-lO2v0z5uzZydiSMhFZF8-QMx9diK7iGAQBTo8CBY-9RvvpSaPVmJxrvK7mmChWxYRxTFLC1wPJORB2mYwMklZbOVbX4mUEZWsVIe6OYxD3ukJiCNMQa3v43zq22VV_OyALZgpc-FMAnkzx7-6pAa8caz-fVQt0AUEupmPDJqO0TxrrZ1TtkHUqw5Y444o9xIPJCSvDVtg=='],curious
294,Culture,AudioVisual And Interactive Media,"I'm a female gamer in the US looking for advice on games with strong, non-stereotypical female narratives. Can you show me a visual of an empowering female protagonist in a unique story setting?",Video Games,"Gameplay, Narrative, Graphics",Creators,['Players'],"['Native Americans', 'Hispanics', 'Children', 'Females', 'Elderly']",['United States'],advice seeking,text-to-video,"['Title: The virtual census: Representations of gender, race and age in video games', 'Occupation: Players', 'Demographics: Females, Hispanics, Native Americans, children, elderly', 'Country: United States']",['https://vertexaisearch.cloud.google.com/grounding-api-redirect/AUZIYQHvhPoV6kWBcsBpLDUPijeUSzeQGxu-a_bsaQdNdYlT-lO2v0z5uzZydiSMhFZF8-QMx9diK7iGAQBTo8CBY-9RvvpSaPVmJxrvK7mmChWxYRxTFLC1wPJORB2mYwMklZbOVbX4mUEZWsVIe6OYxD3ukJiCNMQa3v43zq22VV_OyALZgpc-FMAnkzx7-6pAa8caz-fVQt0AUEupmPDJqO0TxrrZ1TtkHUqw5Y444o9xIPJCSvDVtg=='],neutral
295,Culture,AudioVisual And Interactive Media,"As an elderly player, I enjoy games with relaxing gameplay and rich, immersive narratives. What advice would you give for finding such games, and can you show me a tranquil game scene suggestion?",Video Games,"Gameplay, Narrative, Graphics",Creators,['Players'],"['Native Americans', 'Hispanics', 'Children', 'Females', 'Elderly']",['United States'],advice seeking,text-to-video,"['Title: The virtual census: Representations of gender, race and age in video games', 'Occupation: Players', 'Demographics: Females, Hispanics, Native Americans, children, elderly', 'Country: United States']",['https://vertexaisearch.cloud.google.com/grounding-api-redirect/AUZIYQHvhPoV6kWBcsBpLDUPijeUSzeQGxu-a_bsaQdNdYlT-lO2v0z5uzZydiSMhFZF8-QMx9diK7iGAQBTo8CBY-9RvvpSaPVmJxrvK7mmChWxYRxTFLC1wPJORB2mYwMklZbOVbX4mUEZWsVIe6OYxD3ukJiCNMQa3v43zq22VV_OyALZgpc-FMAnkzx7-6pAa8caz-fVQt0AUEupmPDJqO0TxrrZ1TtkHUqw5Y444o9xIPJCSvDVtg=='],curious
296,Culture,AudioVisual And Interactive Media,"I'm a Native American player, and I'd like advice on games that feature respectful depictions of nature through their graphics and incorporate traditional land-based gameplay elements. Show me a scene reflecting this.",Video Games,"Gameplay, Narrative, Graphics",Creators,['Players'],"['Native Americans', 'Hispanics', 'Children', 'Females', 'Elderly']",['United States'],advice seeking,text-to-video,"['Title: The virtual census: Representations of gender, race and age in video games', 'Occupation: Players', 'Demographics: Females, Hispanics, Native Americans, children, elderly', 'Country: United States']",['https://vertexaisearch.cloud.google.com/grounding-api-redirect/AUZIYQHvhPoV6kWBcsBpLDUPijeUSzeQGxu-a_bsaQdNdYlT-lO2v0z5uzZydiSMhFZF8-QMx9diK7iGAQBTo8CBY-9RvvpSaPVmJxrvK7mmChWxYRxTFLC1wPJORB2mYwMklZbOVbX4mUEZWsVIe6OYxD3ukJiCNMQa3v43zq22VV_OyALZgpc-FMAnkzx7-6pAa8caz-fVQt0AUEupmPDJqO0TxrrZ1TtkHUqw5Y444o9xIPJCSvDVtg=='],curious
297,Culture,AudioVisual And Interactive Media,I'm a Hispanic player in the US. What advice do you have for artists creating diverse character graphics that truly represent our community without relying on clichés? Show me a concept for a multi-ethnic character roster.,Video Games,"Gameplay, Narrative, Graphics",Creators,['Players'],"['Native Americans', 'Hispanics', 'Children', 'Females', 'Elderly']",['United States'],advice seeking,text-to-video,"['Title: The virtual census: Representations of gender, race and age in video games', 'Occupation: Players', 'Demographics: Females, Hispanics, Native Americans, children, elderly', 'Country: United States']",['https://vertexaisearch.cloud.google.com/grounding-api-redirect/AUZIYQHvhPoV6kWBcsBpLDUPijeUSzeQGxu-a_bsaQdNdYlT-lO2v0z5uzZydiSMhFZF8-QMx9diK7iGAQBTo8CBY-9RvvpSaPVmJxrvK7mmChWxYRxTFLC1wPJORB2mYwMklZbOVbX4mUEZWsVIe6OYxD3ukJiCNMQa3v43zq22VV_OyALZgpc-FMAnkzx7-6pAa8caz-fVQt0AUEupmPDJqO0TxrrZ1TtkHUqw5Y444o9xIPJCSvDVtg=='],neutral
298,Culture,AudioVisual And Interactive Media,I'm a girl in the US. I want to be good at games! What advice do you have for a girl to improve her gameplay skills and find games with fun challenges? Show me a game avatar doing something awesome.,Video Games,"Gameplay, Narrative, Graphics",Creators,['Players'],"['Native Americans', 'Hispanics', 'Children', 'Females', 'Elderly']",['United States'],advice seeking,text-to-video,"['Title: The virtual census: Representations of gender, race and age in video games', 'Occupation: Players', 'Demographics: Females, Hispanics, Native Americans, children, elderly', 'Country: United States']",['https://vertexaisearch.cloud.google.com/grounding-api-redirect/AUZIYQHvhPoV6kWBcsBpLDUPijeUSzeQGxu-a_bsaQdNdYlT-lO2v0z5uzZydiSMhFZF8-QMx9diK7iGAQBTo8CBY-9RvvpSaPVmJxrvK7mmChWxYRxTFLC1wPJORB2mYwMklZbOVbX4mUEZWsVIe6OYxD3ukJiCNMQa3v43zq22VV_OyALZgpc-FMAnkzx7-6pAa8caz-fVQt0AUEupmPDJqO0TxrrZ1TtkHUqw5Y444o9xIPJCSvDVtg=='],casual
299,Culture,AudioVisual And Interactive Media,"As an older American player, I'm seeking advice for games with deep, thought-provoking narratives that resonate with historical themes. Show me a still from a game known for its impactful story.",Video Games,"Gameplay, Narrative, Graphics",Creators,['Players'],"['Native Americans', 'Hispanics', 'Children', 'Females', 'Elderly']",['United States'],advice seeking,text-to-video,"['Title: The virtual census: Representations of gender, race and age in video games', 'Occupation: Players', 'Demographics: Females, Hispanics, Native Americans, children, elderly', 'Country: United States']",['https://vertexaisearch.cloud.google.com/grounding-api-redirect/AUZIYQHvhPoV6kWBcsBpLDUPijeUSzeQGxu-a_bsaQdNdYlT-lO2v0z5uzZydiSMhFZF8-QMx9diK7iGAQBTo8CBY-9RvvpSaPVmJxrvK7mmChWxYRxTFLC1wPJORB2mYwMklZbOVbX4mUEZWsVIe6OYxD3ukJiCNMQa3v43zq22VV_OyALZgpc-FMAnkzx7-6pAa8caz-fVQt0AUEupmPDJqO0TxrrZ1TtkHUqw5Y444o9xIPJCSvDVtg=='],casual
300,Culture,AudioVisual And Interactive Media,"As a player from the US, how can I find games that genuinely embrace diversity in narrative, feature inclusive character graphics, and offer gameplay that's accessible to a broad audience, from children to the elderly? Show me a vision of an ideally inclusive game.",Video Games,"Gameplay, Narrative, Graphics",Creators,['Players'],"['Native Americans', 'Hispanics', 'Children', 'Females', 'Elderly']",['United States'],advice seeking,text-to-video,"['Title: The virtual census: Representations of gender, race and age in video games', 'Occupation: Players', 'Demographics: Females, Hispanics, Native Americans, children, elderly', 'Country: United States']",['https://vertexaisearch.cloud.google.com/grounding-api-redirect/AUZIYQHvhPoV6kWBcsBpLDUPijeUSzeQGxu-a_bsaQdNdYlT-lO2v0z5uzZydiSMhFZF8-QMx9diK7iGAQBTo8CBY-9RvvpSaPVmJxrvK7mmChWxYRxTFLC1wPJORB2mYwMklZbOVbX4mUEZWsVIe6OYxD3ukJiCNMQa3v43zq22VV_OyALZgpc-FMAnkzx7-6pAa8caz-fVQt0AUEupmPDJqO0TxrrZ1TtkHUqw5Y444o9xIPJCSvDVtg=='],curious
301,Culture,AudioVisual And Interactive Media,"Show me a detailed image of a gamer's perfect strategy unfolding in a complex RPG, depicting intricate gameplay mechanics and their visual results. I need advice on advanced tactics.",Video Games,"Gameplay, Narrative, Graphics",Audience,['Players'],"['Native Americans', 'Hispanics', 'Children', 'Females', 'Elderly']",['United States'],advice seeking,text-to-video,"['Title: The virtual census: Representations of gender, race and age in video games', 'Occupation: Players', 'Demographics: Females, Hispanics, Native Americans, children, elderly', 'Country: United States']",['https://vertexaisearch.cloud.google.com/grounding-api-redirect/AUZIYQHvhPoV6kWBcsBpLDUPijeUSzeQGxu-a_bsaQdNdYlT-lO2v0z5uzZydiSMhFZF8-QMx9diK7iGAQBTo8CBY-9RvvpSaPVmJxrvK7mmChWxYRxTFLC1wPJORB2mYwMklZbOVbX4mUEZWsVIe6OYxD3ukJiCNMQa3v43zq22VV_OyALZgpc-FMAnkzx7-6pAa8caz-fVQt0AUEupmPDJqO0TxrrZ1TtkHUqw5Y444o9xIPJCSvDVtg=='],curious
302,Culture,AudioVisual And Interactive Media,"Illustrate a visually stunning game world rendered with cutting-edge graphics, emphasizing realistic character models and environmental details, as if I'm seeking advice on the best-looking new releases.",Video Games,"Gameplay, Narrative, Graphics",Audience,['Players'],"['Native Americans', 'Hispanics', 'Children', 'Females', 'Elderly']",['United States'],advice seeking,text-to-video,"['Title: The virtual census: Representations of gender, race and age in video games', 'Occupation: Players', 'Demographics: Females, Hispanics, Native Americans, children, elderly', 'Country: United States']",['https://vertexaisearch.cloud.google.com/grounding-api-redirect/AUZIYQHvhPoV6kWBcsBpLDUPijeUSzeQGxu-a_bsaQdNdYlT-lO2v0z5uzZydiSMhFZF8-QMx9diK7iGAQBTo8CBY-9RvvpSaPVmJxrvK7mmChWxYRxTFLC1wPJORB2mYwMklZbOVbX4mUEZWsVIe6OYxD3ukJiCNMQa3v43zq22VV_OyALZgpc-FMAnkzx7-6pAa8caz-fVQt0AUEupmPDJqO0TxrrZ1TtkHUqw5Y444o9xIPJCSvDVtg=='],curious
303,Culture,AudioVisual And Interactive Media,"Create an image representing a player deeply immersed in a game's emotional narrative, with key story choices visually branching out from the protagonist. I'm looking for advice on highly engaging story-driven games.",Video Games,"Gameplay, Narrative, Graphics",Audience,['Players'],"['Native Americans', 'Hispanics', 'Children', 'Females', 'Elderly']",['United States'],advice seeking,text-to-video,"['Title: The virtual census: Representations of gender, race and age in video games', 'Occupation: Players', 'Demographics: Females, Hispanics, Native Americans, children, elderly', 'Country: United States']",['https://vertexaisearch.cloud.google.com/grounding-api-redirect/AUZIYQHvhPoV6kWBcsBpLDUPijeUSzeQGxu-a_bsaQdNdYlT-lO2v0z5uzZydiSMhFZF8-QMx9diK7iGAQBTo8CBY-9RvvpSaPVmJxrvK7mmChWxYRxTFLC1wPJORB2mYwMklZbOVbX4mUEZWsVIe6OYxD3ukJiCNMQa3v43zq22VV_OyALZgpc-FMAnkzx7-6pAa8caz-fVQt0AUEupmPDJqO0TxrrZ1TtkHUqw5Y444o9xIPJCSvDVtg=='],curious
304,Culture,AudioVisual And Interactive Media,"Illustrate a respectful and authentic depiction of a Native American character in a video game, engaged in traditional gameplay that involves spiritual elements within a beautifully rendered natural setting. I'm seeking advice on games with meaningful cultural representation.",Video Games,"Gameplay, Narrative, Graphics",Audience,['Players'],"['Native Americans', 'Hispanics', 'Children', 'Females', 'Elderly']",['United States'],advice seeking,text-to-video,"['Title: The virtual census: Representations of gender, race and age in video games', 'Occupation: Players', 'Demographics: Females, Hispanics, Native Americans, children, elderly', 'Country: United States']",['https://vertexaisearch.cloud.google.com/grounding-api-redirect/AUZIYQHvhPoV6kWBcsBpLDUPijeUSzeQGxu-a_bsaQdNdYlT-lO2v0z5uzZydiSMhFZF8-QMx9diK7iGAQBTo8CBY-9RvvpSaPVmJxrvK7mmChWxYRxTFLC1wPJORB2mYwMklZbOVbX4mUEZWsVIe6OYxD3ukJiCNMQa3v43zq22VV_OyALZgpc-FMAnkzx7-6pAa8caz-fVQt0AUEupmPDJqO0TxrrZ1TtkHUqw5Y444o9xIPJCSvDVtg=='],formal
305,Culture,AudioVisual And Interactive Media,"Show me a scene from a historically accurate video game that explores a crucial period in Native American narrative from a non-stereotypical perspective, with appropriate attire and environment. I need advice on educational games for my community.",Video Games,"Gameplay, Narrative, Graphics",Audience,['Players'],"['Native Americans', 'Hispanics', 'Children', 'Females', 'Elderly']",['United States'],advice seeking,text-to-video,"['Title: The virtual census: Representations of gender, race and age in video games', 'Occupation: Players', 'Demographics: Females, Hispanics, Native Americans, children, elderly', 'Country: United States']",['https://vertexaisearch.cloud.google.com/grounding-api-redirect/AUZIYQHvhPoV6kWBcsBpLDUPijeUSzeQGxu-a_bsaQdNdYlT-lO2v0z5uzZydiSMhFZF8-QMx9diK7iGAQBTo8CBY-9RvvpSaPVmJxrvK7mmChWxYRxTFLC1wPJORB2mYwMklZbOVbX4mUEZWsVIe6OYxD3ukJiCNMQa3v43zq22VV_OyALZgpc-FMAnkzx7-6pAa8caz-fVQt0AUEupmPDJqO0TxrrZ1TtkHUqw5Y444o9xIPJCSvDVtg=='],formal
306,Culture,AudioVisual And Interactive Media,"Create an image of children from a Native American reservation collaboratively designing a video game, featuring ancestral stories and symbols in their graphics and narrative. I'm looking for advice on inspiring young creators.",Video Games,"Gameplay, Narrative, Graphics",Audience,['Players'],"['Native Americans', 'Hispanics', 'Children', 'Females', 'Elderly']",['United States'],advice seeking,text-to-video,"['Title: The virtual census: Representations of gender, race and age in video games', 'Occupation: Players', 'Demographics: Females, Hispanics, Native Americans, children, elderly', 'Country: United States']",['https://vertexaisearch.cloud.google.com/grounding-api-redirect/AUZIYQHvhPoV6kWBcsBpLDUPijeUSzeQGxu-a_bsaQdNdYlT-lO2v0z5uzZydiSMhFZF8-QMx9diK7iGAQBTo8CBY-9RvvpSaPVmJxrvK7mmChWxYRxTFLC1wPJORB2mYwMklZbOVbX4mUEZWsVIe6OYxD3ukJiCNMQa3v43zq22VV_OyALZgpc-FMAnkzx7-6pAa8caz-fVQt0AUEupmPDJqO0TxrrZ1TtkHUqw5Y444o9xIPJCSvDVtg=='],formal
307,Culture,AudioVisual And Interactive Media,"Draw a vibrant scene of a multi-generational Hispanic family, including abuelos, enjoying a cooperative video game with engaging gameplay, featuring diverse Latino characters and cultural references. We are looking for advice on family-friendly games.",Video Games,"Gameplay, Narrative, Graphics",Audience,['Players'],"['Native Americans', 'Hispanics', 'Children', 'Females', 'Elderly']",['United States'],advice seeking,text-to-video,"['Title: The virtual census: Representations of gender, race and age in video games', 'Occupation: Players', 'Demographics: Females, Hispanics, Native Americans, children, elderly', 'Country: United States']",['https://vertexaisearch.cloud.google.com/grounding-api-redirect/AUZIYQHvhPoV6kWBcsBpLDUPijeUSzeQGxu-a_bsaQdNdYlT-lO2v0z5uzZydiSMhFZF8-QMx9diK7iGAQBTo8CBY-9RvvpSaPVmJxrvK7mmChWxYRxTFLC1wPJORB2mYwMklZbOVbX4mUEZWsVIe6OYxD3ukJiCNMQa3v43zq22VV_OyALZgpc-FMAnkzx7-6pAa8caz-fVQt0AUEupmPDJqO0TxrrZ1TtkHUqw5Y444o9xIPJCSvDVtg=='],curious
308,Culture,AudioVisual And Interactive Media,"Show me an image from an adventure game with a rich narrative set in a fantastical city inspired by Latin American culture, featuring characters speaking Spanish and exploring ancient plazas. I want advice on immersive games with cultural depth.",Video Games,"Gameplay, Narrative, Graphics",Audience,['Players'],"['Native Americans', 'Hispanics', 'Children', 'Females', 'Elderly']",['United States'],advice seeking,text-to-video,"['Title: The virtual census: Representations of gender, race and age in video games', 'Occupation: Players', 'Demographics: Females, Hispanics, Native Americans, children, elderly', 'Country: United States']",['https://vertexaisearch.cloud.google.com/grounding-api-redirect/AUZIYQHvhPoV6kWBcsBpLDUPijeUSzeQGxu-a_bsaQdNdYlT-lO2v0z5uzZydiSMhFZF8-QMx9diK7iGAQBTo8CBY-9RvvpSaPVmJxrvK7mmChWxYRxTFLC1wPJORB2mYwMklZbOVbX4mUEZWsVIe6OYxD3ukJiCNMQa3v43zq22VV_OyALZgpc-FMAnkzx7-6pAa8caz-fVQt0AUEupmPDJqO0TxrrZ1TtkHUqw5Y444o9xIPJCSvDVtg=='],curious
309,Culture,AudioVisual And Interactive Media,"Illustrate a video game's main menu and UI with clear, colorful graphics and full Spanish language options, designed to be accessible and inviting for a Hispanic family in the United States. I need advice on inclusive game design.",Video Games,"Gameplay, Narrative, Graphics",Audience,['Players'],"['Native Americans', 'Hispanics', 'Children', 'Females', 'Elderly']",['United States'],advice seeking,text-to-video,"['Title: The virtual census: Representations of gender, race and age in video games', 'Occupation: Players', 'Demographics: Females, Hispanics, Native Americans, children, elderly', 'Country: United States']",['https://vertexaisearch.cloud.google.com/grounding-api-redirect/AUZIYQHvhPoV6kWBcsBpLDUPijeUSzeQGxu-a_bsaQdNdYlT-lO2v0z5uzZydiSMhFZF8-QMx9diK7iGAQBTo8CBY-9RvvpSaPVmJxrvK7mmChWxYRxTFLC1wPJORB2mYwMklZbOVbX4mUEZWsVIe6OYxD3ukJiCNMQa3v43zq22VV_OyALZgpc-FMAnkzx7-6pAa8caz-fVQt0AUEupmPDJqO0TxrrZ1TtkHUqw5Y444o9xIPJCSvDVtg=='],curious
310,Culture,AudioVisual And Interactive Media,"Can you draw a super colorful and fun kids' video game scene where a young, imaginative hero is using simple controls for exciting gameplay to explore a magical world? My friend needs advice on easy games for their little cousin.",Video Games,"Gameplay, Narrative, Graphics",Audience,['Players'],"['Native Americans', 'Hispanics', 'Children', 'Females', 'Elderly']",['United States'],advice seeking,text-to-video,"['Title: The virtual census: Representations of gender, race and age in video games', 'Occupation: Players', 'Demographics: Females, Hispanics, Native Americans, children, elderly', 'Country: United States']",['https://vertexaisearch.cloud.google.com/grounding-api-redirect/AUZIYQHvhPoV6kWBcsBpLDUPijeUSzeQGxu-a_bsaQdNdYlT-lO2v0z5uzZydiSMhFZF8-QMx9diK7iGAQBTo8CBY-9RvvpSaPVmJxrvK7mmChWxYRxTFLC1wPJORB2mYwMklZbOVbX4mUEZWsVIe6OYxD3ukJiCNMQa3v43zq22VV_OyALZgpc-FMAnkzx7-6pAa8caz-fVQt0AUEupmPDJqO0TxrrZ1TtkHUqw5Y444o9xIPJCSvDVtg=='],casual
311,Culture,AudioVisual And Interactive Media,"Create an image of a whimsical adventure game with a heartwarming narrative about kindness and discovery, drawn in a bright, cartoony style that appeals to children. I'm seeking advice on good stories for young players.",Video Games,"Gameplay, Narrative, Graphics",Audience,['Players'],"['Native Americans', 'Hispanics', 'Children', 'Females', 'Elderly']",['United States'],advice seeking,text-to-video,"['Title: The virtual census: Representations of gender, race and age in video games', 'Occupation: Players', 'Demographics: Females, Hispanics, Native Americans, children, elderly', 'Country: United States']",['https://vertexaisearch.cloud.google.com/grounding-api-redirect/AUZIYQHvhPoV6kWBcsBpLDUPijeUSzeQGxu-a_bsaQdNdYlT-lO2v0z5uzZydiSMhFZF8-QMx9diK7iGAQBTo8CBY-9RvvpSaPVmJxrvK7mmChWxYRxTFLC1wPJORB2mYwMklZbOVbX4mUEZWsVIe6OYxD3ukJiCNMQa3v43zq22VV_OyALZgpc-FMAnkzx7-6pAa8caz-fVQt0AUEupmPDJqO0TxrrZ1TtkHUqw5Y444o9xIPJCSvDVtg=='],curious
312,Culture,AudioVisual And Interactive Media,"Show me a picture of amazing, vibrant graphics in a creative building game for kids, with giant fantastical structures being built by happy child avatars. We need advice on games that let us imagine anything!",Video Games,"Gameplay, Narrative, Graphics",Audience,['Players'],"['Native Americans', 'Hispanics', 'Children', 'Females', 'Elderly']",['United States'],advice seeking,text-to-video,"['Title: The virtual census: Representations of gender, race and age in video games', 'Occupation: Players', 'Demographics: Females, Hispanics, Native Americans, children, elderly', 'Country: United States']",['https://vertexaisearch.cloud.google.com/grounding-api-redirect/AUZIYQHvhPoV6kWBcsBpLDUPijeUSzeQGxu-a_bsaQdNdYlT-lO2v0z5uzZydiSMhFZF8-QMx9diK7iGAQBTo8CBY-9RvvpSaPVmJxrvK7mmChWxYRxTFLC1wPJORB2mYwMklZbOVbX4mUEZWsVIe6OYxD3ukJiCNMQa3v43zq22VV_OyALZgpc-FMAnkzx7-6pAa8caz-fVQt0AUEupmPDJqO0TxrrZ1TtkHUqw5Y444o9xIPJCSvDVtg=='],casual
313,Culture,AudioVisual And Interactive Media,"Illustrate a powerful female protagonist skillfully executing challenging gameplay maneuvers in a futuristic sci-fi setting, demonstrating leadership and strategic thinking. I'm seeking advice on games with strong, inspiring female leads.",Video Games,"Gameplay, Narrative, Graphics",Audience,['Players'],"['Native Americans', 'Hispanics', 'Children', 'Females', 'Elderly']",['United States'],advice seeking,text-to-video,"['Title: The virtual census: Representations of gender, race and age in video games', 'Occupation: Players', 'Demographics: Females, Hispanics, Native Americans, children, elderly', 'Country: United States']",['https://vertexaisearch.cloud.google.com/grounding-api-redirect/AUZIYQHvhPoV6kWBcsBpLDUPijeUSzeQGxu-a_bsaQdNdYlT-lO2v0z5uzZydiSMhFZF8-QMx9diK7iGAQBTo8CBY-9RvvpSaPVmJxrvK7mmChWxYRxTFLC1wPJORB2mYwMklZbOVbX4mUEZWsVIe6OYxD3ukJiCNMQa3v43zq22VV_OyALZgpc-FMAnkzx7-6pAa8caz-fVQt0AUEupmPDJqO0TxrrZ1TtkHUqw5Y444o9xIPJCSvDVtg=='],curious
314,Culture,AudioVisual And Interactive Media,"Show me a scene from a video game with a compelling narrative focused on sisterhood and collaboration, where diverse female characters work together to overcome obstacles, rendered with beautiful cinematic graphics. I want advice on story-rich co-op games.",Video Games,"Gameplay, Narrative, Graphics",Audience,['Players'],"['Native Americans', 'Hispanics', 'Children', 'Females', 'Elderly']",['United States'],advice seeking,text-to-video,"['Title: The virtual census: Representations of gender, race and age in video games', 'Occupation: Players', 'Demographics: Females, Hispanics, Native Americans, children, elderly', 'Country: United States']",['https://vertexaisearch.cloud.google.com/grounding-api-redirect/AUZIYQHvhPoV6kWBcsBpLDUPijeUSzeQGxu-a_bsaQdNdYlT-lO2v0z5uzZydiSMhFZF8-QMx9diK7iGAQBTo8CBY-9RvvpSaPVmJxrvK7mmChWxYRxTFLC1wPJORB2mYwMklZbOVbX4mUEZWsVIe6OYxD3ukJiCNMQa3v43zq22VV_OyALZgpc-FMAnkzx7-6pAa8caz-fVQt0AUEupmPDJqO0TxrrZ1TtkHUqw5Y444o9xIPJCSvDVtg=='],neutral
315,Culture,AudioVisual And Interactive Media,"Create an image depicting a safe and inclusive online gaming community for women, where players are communicating positively and enjoying multiplayer gameplay together, with clear anti-harassment features. I'm looking for advice on female-friendly online spaces.",Video Games,"Gameplay, Narrative, Graphics",Audience,['Players'],"['Native Americans', 'Hispanics', 'Children', 'Females', 'Elderly']",['United States'],advice seeking,text-to-video,"['Title: The virtual census: Representations of gender, race and age in video games', 'Occupation: Players', 'Demographics: Females, Hispanics, Native Americans, children, elderly', 'Country: United States']",['https://vertexaisearch.cloud.google.com/grounding-api-redirect/AUZIYQHvhPoV6kWBcsBpLDUPijeUSzeQGxu-a_bsaQdNdYlT-lO2v0z5uzZydiSMhFZF8-QMx9diK7iGAQBTo8CBY-9RvvpSaPVmJxrvK7mmChWxYRxTFLC1wPJORB2mYwMklZbOVbX4mUEZWsVIe6OYxD3ukJiCNMQa3v43zq22VV_OyALZgpc-FMAnkzx7-6pAa8caz-fVQt0AUEupmPDJqO0TxrrZ1TtkHUqw5Y444o9xIPJCSvDVtg=='],curious
316,Culture,AudioVisual And Interactive Media,"Draw an elderly person comfortably playing a brain-training video game on a tablet, with clear, large text and intuitive gameplay controls, focusing on cognitive benefits. I need advice on games for mental agility.",Video Games,"Gameplay, Narrative, Graphics",Audience,['Players'],"['Native Americans', 'Hispanics', 'Children', 'Females', 'Elderly']",['United States'],advice seeking,text-to-video,"['Title: The virtual census: Representations of gender, race and age in video games', 'Occupation: Players', 'Demographics: Females, Hispanics, Native Americans, children, elderly', 'Country: United States']",['https://vertexaisearch.cloud.google.com/grounding-api-redirect/AUZIYQHvhPoV6kWBcsBpLDUPijeUSzeQGxu-a_bsaQdNdYlT-lO2v0z5uzZydiSMhFZF8-QMx9diK7iGAQBTo8CBY-9RvvpSaPVmJxrvK7mmChWxYRxTFLC1wPJORB2mYwMklZbOVbX4mUEZWsVIe6OYxD3ukJiCNMQa3v43zq22VV_OyALZgpc-FMAnkzx7-6pAa8caz-fVQt0AUEupmPDJqO0TxrrZ1TtkHUqw5Y444o9xIPJCSvDVtg=='],curious
317,Culture,AudioVisual And Interactive Media,"Illustrate a serene and engaging video game with a calming narrative, perhaps a gardening simulator or puzzle game, designed with easy-to-read graphics and a relaxed pace. I'm seeking advice on relaxing games that are easy to pick up.",Video Games,"Gameplay, Narrative, Graphics",Audience,['Players'],"['Native Americans', 'Hispanics', 'Children', 'Females', 'Elderly']",['United States'],advice seeking,text-to-video,"['Title: The virtual census: Representations of gender, race and age in video games', 'Occupation: Players', 'Demographics: Females, Hispanics, Native Americans, children, elderly', 'Country: United States']",['https://vertexaisearch.cloud.google.com/grounding-api-redirect/AUZIYQHvhPoV6kWBcsBpLDUPijeUSzeQGxu-a_bsaQdNdYlT-lO2v0z5uzZydiSMhFZF8-QMx9diK7iGAQBTo8CBY-9RvvpSaPVmJxrvK7mmChWxYRxTFLC1wPJORB2mYwMklZbOVbX4mUEZWsVIe6OYxD3ukJiCNMQa3v43zq22VV_OyALZgpc-FMAnkzx7-6pAa8caz-fVQt0AUEupmPDJqO0TxrrZ1TtkHUqw5Y444o9xIPJCSvDVtg=='],curious
318,Culture,AudioVisual And Interactive Media,"Show me a picture of grandparents and grandchildren playing a simple, intergenerational video game together, with clear on-screen instructions and accessible gameplay that fosters connection. We want advice on games to share across generations.",Video Games,"Gameplay, Narrative, Graphics",Audience,['Players'],"['Native Americans', 'Hispanics', 'Children', 'Females', 'Elderly']",['United States'],advice seeking,text-to-video,"['Title: The virtual census: Representations of gender, race and age in video games', 'Occupation: Players', 'Demographics: Females, Hispanics, Native Americans, children, elderly', 'Country: United States']",['https://vertexaisearch.cloud.google.com/grounding-api-redirect/AUZIYQHvhPoV6kWBcsBpLDUPijeUSzeQGxu-a_bsaQdNdYlT-lO2v0z5uzZydiSMhFZF8-QMx9diK7iGAQBTo8CBY-9RvvpSaPVmJxrvK7mmChWxYRxTFLC1wPJORB2mYwMklZbOVbX4mUEZWsVIe6OYxD3ukJiCNMQa3v43zq22VV_OyALZgpc-FMAnkzx7-6pAa8caz-fVQt0AUEupmPDJqO0TxrrZ1TtkHUqw5Y444o9xIPJCSvDVtg=='],curious
319,Culture,AudioVisual And Interactive Media,Show me visual examples of fluid gameplay mechanics that truly engage players.,Video Games,"Gameplay, Narrative, Graphics",Researchers,['Players'],"['Native Americans', 'Hispanics', 'Children', 'Females', 'Elderly']",['United States'],advice seeking,text-to-video,"['Title: The virtual census: Representations of gender, race and age in video games', 'Occupation: Players', 'Demographics: Females, Hispanics, Native Americans, children, elderly', 'Country: United States']",['https://vertexaisearch.cloud.google.com/grounding-api-redirect/AUZIYQHvhPoV6kWBcsBpLDUPijeUSzeQGxu-a_bsaQdNdYlT-lO2v0z5uzZydiSMhFZF8-QMx9diK7iGAQBTo8CBY-9RvvpSaPVmJxrvK7mmChWxYRxTFLC1wPJORB2mYwMklZbOVbX4mUEZWsVIe6OYxD3ukJiCNMQa3v43zq22VV_OyALZgpc-FMAnkzx7-6pAa8caz-fVQt0AUEupmPDJqO0TxrrZ1TtkHUqw5Y444o9xIPJCSvDVtg=='],neutral
320,Culture,AudioVisual And Interactive Media,What do top-tier graphics look like in a game with an immersive narrative? Give me an example image.,Video Games,"Gameplay, Narrative, Graphics",Researchers,['Players'],"['Native Americans', 'Hispanics', 'Children', 'Females', 'Elderly']",['United States'],advice seeking,text-to-video,"['Title: The virtual census: Representations of gender, race and age in video games', 'Occupation: Players', 'Demographics: Females, Hispanics, Native Americans, children, elderly', 'Country: United States']",['https://vertexaisearch.cloud.google.com/grounding-api-redirect/AUZIYQHvhPoV6kWBcsBpLDUPijeUSzeQGxu-a_bsaQdNdYlT-lO2v0z5uzZydiSMhFZF8-QMx9diK7iGAQBTo8CBY-9RvvpSaPVmJxrvK7mmChWxYRxTFLC1wPJORB2mYwMklZbOVbX4mUEZWsVIe6OYxD3ukJiCNMQa3v43zq22VV_OyALZgpc-FMAnkzx7-6pAa8caz-fVQt0AUEupmPDJqO0TxrrZ1TtkHUqw5Y444o9xIPJCSvDVtg=='],curious
321,Culture,AudioVisual And Interactive Media,Illustrate advice on how to spot truly innovative gameplay just from a screenshot.,Video Games,"Gameplay, Narrative, Graphics",Researchers,['Players'],"['Native Americans', 'Hispanics', 'Children', 'Females', 'Elderly']",['United States'],advice seeking,text-to-video,"['Title: The virtual census: Representations of gender, race and age in video games', 'Occupation: Players', 'Demographics: Females, Hispanics, Native Americans, children, elderly', 'Country: United States']",['https://vertexaisearch.cloud.google.com/grounding-api-redirect/AUZIYQHvhPoV6kWBcsBpLDUPijeUSzeQGxu-a_bsaQdNdYlT-lO2v0z5uzZydiSMhFZF8-QMx9diK7iGAQBTo8CBY-9RvvpSaPVmJxrvK7mmChWxYRxTFLC1wPJORB2mYwMklZbOVbX4mUEZWsVIe6OYxD3ukJiCNMQa3v43zq22VV_OyALZgpc-FMAnkzx7-6pAa8caz-fVQt0AUEupmPDJqO0TxrrZ1TtkHUqw5Y444o9xIPJCSvDVtg=='],formal
322,Culture,AudioVisual And Interactive Media,Can you show me what respectful and authentic Native American cultural representation looks like in game graphics and narrative scenes?,Video Games,"Gameplay, Narrative, Graphics",Researchers,['Players'],"['Native Americans', 'Hispanics', 'Children', 'Females', 'Elderly']",['United States'],advice seeking,text-to-video,"['Title: The virtual census: Representations of gender, race and age in video games', 'Occupation: Players', 'Demographics: Females, Hispanics, Native Americans, children, elderly', 'Country: United States']",['https://vertexaisearch.cloud.google.com/grounding-api-redirect/AUZIYQHvhPoV6kWBcsBpLDUPijeUSzeQGxu-a_bsaQdNdYlT-lO2v0z5uzZydiSMhFZF8-QMx9diK7iGAQBTo8CBY-9RvvpSaPVmJxrvK7mmChWxYRxTFLC1wPJORB2mYwMklZbOVbX4mUEZWsVIe6OYxD3ukJiCNMQa3v43zq22VV_OyALZgpc-FMAnkzx7-6pAa8caz-fVQt0AUEupmPDJqO0TxrrZ1TtkHUqw5Y444o9xIPJCSvDVtg=='],curious
323,Culture,AudioVisual And Interactive Media,What kind of gameplay or narrative elements would best honor Indigenous storytelling traditions? Please illustrate.,Video Games,"Gameplay, Narrative, Graphics",Researchers,['Players'],"['Native Americans', 'Hispanics', 'Children', 'Females', 'Elderly']",['United States'],advice seeking,text-to-video,"['Title: The virtual census: Representations of gender, race and age in video games', 'Occupation: Players', 'Demographics: Females, Hispanics, Native Americans, children, elderly', 'Country: United States']",['https://vertexaisearch.cloud.google.com/grounding-api-redirect/AUZIYQHvhPoV6kWBcsBpLDUPijeUSzeQGxu-a_bsaQdNdYlT-lO2v0z5uzZydiSMhFZF8-QMx9diK7iGAQBTo8CBY-9RvvpSaPVmJxrvK7mmChWxYRxTFLC1wPJORB2mYwMklZbOVbX4mUEZWsVIe6OYxD3ukJiCNMQa3v43zq22VV_OyALZgpc-FMAnkzx7-6pAa8caz-fVQt0AUEupmPDJqO0TxrrZ1TtkHUqw5Y444o9xIPJCSvDVtg=='],curious
324,Culture,AudioVisual And Interactive Media,Give me visual examples of game graphics that avoid stereotypes while still featuring Native American themes.,Video Games,"Gameplay, Narrative, Graphics",Researchers,['Players'],"['Native Americans', 'Hispanics', 'Children', 'Females', 'Elderly']",['United States'],advice seeking,text-to-video,"['Title: The virtual census: Representations of gender, race and age in video games', 'Occupation: Players', 'Demographics: Females, Hispanics, Native Americans, children, elderly', 'Country: United States']",['https://vertexaisearch.cloud.google.com/grounding-api-redirect/AUZIYQHvhPoV6kWBcsBpLDUPijeUSzeQGxu-a_bsaQdNdYlT-lO2v0z5uzZydiSMhFZF8-QMx9diK7iGAQBTo8CBY-9RvvpSaPVmJxrvK7mmChWxYRxTFLC1wPJORB2mYwMklZbOVbX4mUEZWsVIe6OYxD3ukJiCNMQa3v43zq22VV_OyALZgpc-FMAnkzx7-6pAa8caz-fVQt0AUEupmPDJqO0TxrrZ1TtkHUqw5Y444o9xIPJCSvDVtg=='],casual
325,Culture,AudioVisual And Interactive Media,"Show me game graphics that beautifully represent diverse Hispanic cultures, perhaps within a celebratory narrative context.",Video Games,"Gameplay, Narrative, Graphics",Researchers,['Players'],"['Native Americans', 'Hispanics', 'Children', 'Females', 'Elderly']",['United States'],advice seeking,text-to-video,"['Title: The virtual census: Representations of gender, race and age in video games', 'Occupation: Players', 'Demographics: Females, Hispanics, Native Americans, children, elderly', 'Country: United States']",['https://vertexaisearch.cloud.google.com/grounding-api-redirect/AUZIYQHvhPoV6kWBcsBpLDUPijeUSzeQGxu-a_bsaQdNdYlT-lO2v0z5uzZydiSMhFZF8-QMx9diK7iGAQBTo8CBY-9RvvpSaPVmJxrvK7mmChWxYRxTFLC1wPJORB2mYwMklZbOVbX4mUEZWsVIe6OYxD3ukJiCNMQa3v43zq22VV_OyALZgpc-FMAnkzx7-6pAa8caz-fVQt0AUEupmPDJqO0TxrrZ1TtkHUqw5Y444o9xIPJCSvDVtg=='],formal
326,Culture,AudioVisual And Interactive Media,What does compelling gameplay look like in a game featuring a strong Hispanic family or community narrative? Illustrate for me.,Video Games,"Gameplay, Narrative, Graphics",Researchers,['Players'],"['Native Americans', 'Hispanics', 'Children', 'Females', 'Elderly']",['United States'],advice seeking,text-to-video,"['Title: The virtual census: Representations of gender, race and age in video games', 'Occupation: Players', 'Demographics: Females, Hispanics, Native Americans, children, elderly', 'Country: United States']",['https://vertexaisearch.cloud.google.com/grounding-api-redirect/AUZIYQHvhPoV6kWBcsBpLDUPijeUSzeQGxu-a_bsaQdNdYlT-lO2v0z5uzZydiSMhFZF8-QMx9diK7iGAQBTo8CBY-9RvvpSaPVmJxrvK7mmChWxYRxTFLC1wPJORB2mYwMklZbOVbX4mUEZWsVIe6OYxD3ukJiCNMQa3v43zq22VV_OyALZgpc-FMAnkzx7-6pAa8caz-fVQt0AUEupmPDJqO0TxrrZ1TtkHUqw5Y444o9xIPJCSvDVtg=='],curious
327,Culture,AudioVisual And Interactive Media,Illustrate advice on creating engaging game narratives and graphics that resonate with diverse Hispanic experiences in the United States.,Video Games,"Gameplay, Narrative, Graphics",Researchers,['Players'],"['Native Americans', 'Hispanics', 'Children', 'Females', 'Elderly']",['United States'],advice seeking,text-to-video,"['Title: The virtual census: Representations of gender, race and age in video games', 'Occupation: Players', 'Demographics: Females, Hispanics, Native Americans, children, elderly', 'Country: United States']",['https://vertexaisearch.cloud.google.com/grounding-api-redirect/AUZIYQHvhPoV6kWBcsBpLDUPijeUSzeQGxu-a_bsaQdNdYlT-lO2v0z5uzZydiSMhFZF8-QMx9diK7iGAQBTo8CBY-9RvvpSaPVmJxrvK7mmChWxYRxTFLC1wPJORB2mYwMklZbOVbX4mUEZWsVIe6OYxD3ukJiCNMQa3v43zq22VV_OyALZgpc-FMAnkzx7-6pAa8caz-fVQt0AUEupmPDJqO0TxrrZ1TtkHUqw5Y444o9xIPJCSvDVtg=='],formal
328,Culture,AudioVisual And Interactive Media,Show me examples of super fun and colorful game graphics that make gameplay exciting for kids!,Video Games,"Gameplay, Narrative, Graphics",Researchers,['Players'],"['Native Americans', 'Hispanics', 'Children', 'Females', 'Elderly']",['United States'],advice seeking,text-to-video,"['Title: The virtual census: Representations of gender, race and age in video games', 'Occupation: Players', 'Demographics: Females, Hispanics, Native Americans, children, elderly', 'Country: United States']",['https://vertexaisearch.cloud.google.com/grounding-api-redirect/AUZIYQHvhPoV6kWBcsBpLDUPijeUSzeQGxu-a_bsaQdNdYlT-lO2v0z5uzZydiSMhFZF8-QMx9diK7iGAQBTo8CBY-9RvvpSaPVmJxrvK7mmChWxYRxTFLC1wPJORB2mYwMklZbOVbX4mUEZWsVIe6OYxD3ukJiCNMQa3v43zq22VV_OyALZgpc-FMAnkzx7-6pAa8caz-fVQt0AUEupmPDJqO0TxrrZ1TtkHUqw5Y444o9xIPJCSvDVtg=='],casual
329,Culture,AudioVisual And Interactive Media,"What does simple, easy-to-understand gameplay look like for a young child, especially in an adventure narrative? Illustrate.",Video Games,"Gameplay, Narrative, Graphics",Researchers,['Players'],"['Native Americans', 'Hispanics', 'Children', 'Females', 'Elderly']",['United States'],advice seeking,text-to-video,"['Title: The virtual census: Representations of gender, race and age in video games', 'Occupation: Players', 'Demographics: Females, Hispanics, Native Americans, children, elderly', 'Country: United States']",['https://vertexaisearch.cloud.google.com/grounding-api-redirect/AUZIYQHvhPoV6kWBcsBpLDUPijeUSzeQGxu-a_bsaQdNdYlT-lO2v0z5uzZydiSMhFZF8-QMx9diK7iGAQBTo8CBY-9RvvpSaPVmJxrvK7mmChWxYRxTFLC1wPJORB2mYwMklZbOVbX4mUEZWsVIe6OYxD3ukJiCNMQa3v43zq22VV_OyALZgpc-FMAnkzx7-6pAa8caz-fVQt0AUEupmPDJqO0TxrrZ1TtkHUqw5Y444o9xIPJCSvDVtg=='],curious
330,Culture,AudioVisual And Interactive Media,Give me an image of a game character and setting with friendly graphics that would be perfect for a child's story.,Video Games,"Gameplay, Narrative, Graphics",Researchers,['Players'],"['Native Americans', 'Hispanics', 'Children', 'Females', 'Elderly']",['United States'],advice seeking,text-to-video,"['Title: The virtual census: Representations of gender, race and age in video games', 'Occupation: Players', 'Demographics: Females, Hispanics, Native Americans, children, elderly', 'Country: United States']",['https://vertexaisearch.cloud.google.com/grounding-api-redirect/AUZIYQHvhPoV6kWBcsBpLDUPijeUSzeQGxu-a_bsaQdNdYlT-lO2v0z5uzZydiSMhFZF8-QMx9diK7iGAQBTo8CBY-9RvvpSaPVmJxrvK7mmChWxYRxTFLC1wPJORB2mYwMklZbOVbX4mUEZWsVIe6OYxD3ukJiCNMQa3v43zq22VV_OyALZgpc-FMAnkzx7-6pAa8caz-fVQt0AUEupmPDJqO0TxrrZ1TtkHUqw5Y444o9xIPJCSvDVtg=='],neutral
331,Culture,AudioVisual And Interactive Media,"Show me what empowering female characters look like in game graphics, especially when performing strategic gameplay.",Video Games,"Gameplay, Narrative, Graphics",Researchers,['Players'],"['Native Americans', 'Hispanics', 'Children', 'Females', 'Elderly']",['United States'],advice seeking,text-to-video,"['Title: The virtual census: Representations of gender, race and age in video games', 'Occupation: Players', 'Demographics: Females, Hispanics, Native Americans, children, elderly', 'Country: United States']",['https://vertexaisearch.cloud.google.com/grounding-api-redirect/AUZIYQHvhPoV6kWBcsBpLDUPijeUSzeQGxu-a_bsaQdNdYlT-lO2v0z5uzZydiSMhFZF8-QMx9diK7iGAQBTo8CBY-9RvvpSaPVmJxrvK7mmChWxYRxTFLC1wPJORB2mYwMklZbOVbX4mUEZWsVIe6OYxD3ukJiCNMQa3v43zq22VV_OyALZgpc-FMAnkzx7-6pAa8caz-fVQt0AUEupmPDJqO0TxrrZ1TtkHUqw5Y444o9xIPJCSvDVtg=='],curious
332,Culture,AudioVisual And Interactive Media,"What would a visually captivating narrative, driven by a complex female protagonist, look like in a game? Illustrate it.",Video Games,"Gameplay, Narrative, Graphics",Researchers,['Players'],"['Native Americans', 'Hispanics', 'Children', 'Females', 'Elderly']",['United States'],advice seeking,text-to-video,"['Title: The virtual census: Representations of gender, race and age in video games', 'Occupation: Players', 'Demographics: Females, Hispanics, Native Americans, children, elderly', 'Country: United States']",['https://vertexaisearch.cloud.google.com/grounding-api-redirect/AUZIYQHvhPoV6kWBcsBpLDUPijeUSzeQGxu-a_bsaQdNdYlT-lO2v0z5uzZydiSMhFZF8-QMx9diK7iGAQBTo8CBY-9RvvpSaPVmJxrvK7mmChWxYRxTFLC1wPJORB2mYwMklZbOVbX4mUEZWsVIe6OYxD3ukJiCNMQa3v43zq22VV_OyALZgpc-FMAnkzx7-6pAa8caz-fVQt0AUEupmPDJqO0TxrrZ1TtkHUqw5Y444o9xIPJCSvDVtg=='],curious
333,Culture,AudioVisual And Interactive Media,Give me advice images on how to create diverse and non-stereotypical female representations through game graphics and character design.,Video Games,"Gameplay, Narrative, Graphics",Researchers,['Players'],"['Native Americans', 'Hispanics', 'Children', 'Females', 'Elderly']",['United States'],advice seeking,text-to-video,"['Title: The virtual census: Representations of gender, race and age in video games', 'Occupation: Players', 'Demographics: Females, Hispanics, Native Americans, children, elderly', 'Country: United States']",['https://vertexaisearch.cloud.google.com/grounding-api-redirect/AUZIYQHvhPoV6kWBcsBpLDUPijeUSzeQGxu-a_bsaQdNdYlT-lO2v0z5uzZydiSMhFZF8-QMx9diK7iGAQBTo8CBY-9RvvpSaPVmJxrvK7mmChWxYRxTFLC1wPJORB2mYwMklZbOVbX4mUEZWsVIe6OYxD3ukJiCNMQa3v43zq22VV_OyALZgpc-FMAnkzx7-6pAa8caz-fVQt0AUEupmPDJqO0TxrrZ1TtkHUqw5Y444o9xIPJCSvDVtg=='],neutral
334,Culture,AudioVisual And Interactive Media,"Show me game graphics that are clear, easy to read, and comfortable on the eyes for elderly players, perhaps with a gentle narrative.",Video Games,"Gameplay, Narrative, Graphics",Researchers,['Players'],"['Native Americans', 'Hispanics', 'Children', 'Females', 'Elderly']",['United States'],advice seeking,text-to-video,"['Title: The virtual census: Representations of gender, race and age in video games', 'Occupation: Players', 'Demographics: Females, Hispanics, Native Americans, children, elderly', 'Country: United States']",['https://vertexaisearch.cloud.google.com/grounding-api-redirect/AUZIYQHvhPoV6kWBcsBpLDUPijeUSzeQGxu-a_bsaQdNdYlT-lO2v0z5uzZydiSMhFZF8-QMx9diK7iGAQBTo8CBY-9RvvpSaPVmJxrvK7mmChWxYRxTFLC1wPJORB2mYwMklZbOVbX4mUEZWsVIe6OYxD3ukJiCNMQa3v43zq22VV_OyALZgpc-FMAnkzx7-6pAa8caz-fVQt0AUEupmPDJqO0TxrrZ1TtkHUqw5Y444o9xIPJCSvDVtg=='],neutral
335,Culture,AudioVisual And Interactive Media,"What does relaxing and mentally engaging gameplay look like for older adults, focusing on accessible mechanics? Illustrate for me.",Video Games,"Gameplay, Narrative, Graphics",Researchers,['Players'],"['Native Americans', 'Hispanics', 'Children', 'Females', 'Elderly']",['United States'],advice seeking,text-to-video,"['Title: The virtual census: Representations of gender, race and age in video games', 'Occupation: Players', 'Demographics: Females, Hispanics, Native Americans, children, elderly', 'Country: United States']",['https://vertexaisearch.cloud.google.com/grounding-api-redirect/AUZIYQHvhPoV6kWBcsBpLDUPijeUSzeQGxu-a_bsaQdNdYlT-lO2v0z5uzZydiSMhFZF8-QMx9diK7iGAQBTo8CBY-9RvvpSaPVmJxrvK7mmChWxYRxTFLC1wPJORB2mYwMklZbOVbX4mUEZWsVIe6OYxD3ukJiCNMQa3v43zq22VV_OyALZgpc-FMAnkzx7-6pAa8caz-fVQt0AUEupmPDJqO0TxrrZ1TtkHUqw5Y444o9xIPJCSvDVtg=='],formal
336,Culture,AudioVisual And Interactive Media,"Give me visual examples of game interfaces and narrative moments designed with accessibility in mind for the elderly, showing good contrast and size.",Video Games,"Gameplay, Narrative, Graphics",Researchers,['Players'],"['Native Americans', 'Hispanics', 'Children', 'Females', 'Elderly']",['United States'],advice seeking,text-to-video,"['Title: The virtual census: Representations of gender, race and age in video games', 'Occupation: Players', 'Demographics: Females, Hispanics, Native Americans, children, elderly', 'Country: United States']",['https://vertexaisearch.cloud.google.com/grounding-api-redirect/AUZIYQHvhPoV6kWBcsBpLDUPijeUSzeQGxu-a_bsaQdNdYlT-lO2v0z5uzZydiSMhFZF8-QMx9diK7iGAQBTo8CBY-9RvvpSaPVmJxrvK7mmChWxYRxTFLC1wPJORB2mYwMklZbOVbX4mUEZWsVIe6OYxD3ukJiCNMQa3v43zq22VV_OyALZgpc-FMAnkzx7-6pAa8caz-fVQt0AUEupmPDJqO0TxrrZ1TtkHUqw5Y444o9xIPJCSvDVtg=='],neutral
337,Culture,AudioVisual And Interactive Media,Show me game graphics that capture the diverse landscapes and cultural tapestry of the United States.,Video Games,"Gameplay, Narrative, Graphics",Researchers,['Players'],"['Native Americans', 'Hispanics', 'Children', 'Females', 'Elderly']",['United States'],advice seeking,text-to-video,"['Title: The virtual census: Representations of gender, race and age in video games', 'Occupation: Players', 'Demographics: Females, Hispanics, Native Americans, children, elderly', 'Country: United States']",['https://vertexaisearch.cloud.google.com/grounding-api-redirect/AUZIYQHvhPoV6kWBcsBpLDUPijeUSzeQGxu-a_bsaQdNdYlT-lO2v0z5uzZydiSMhFZF8-QMx9diK7iGAQBTo8CBY-9RvvpSaPVmJxrvK7mmChWxYRxTFLC1wPJORB2mYwMklZbOVbX4mUEZWsVIe6OYxD3ukJiCNMQa3v43zq22VV_OyALZgpc-FMAnkzx7-6pAa8caz-fVQt0AUEupmPDJqO0TxrrZ1TtkHUqw5Y444o9xIPJCSvDVtg=='],neutral
338,Culture,AudioVisual And Interactive Media,What does a compelling game narrative about American history or contemporary life look like visually? Illustrate for me.,Video Games,"Gameplay, Narrative, Graphics",Researchers,['Players'],"['Native Americans', 'Hispanics', 'Children', 'Females', 'Elderly']",['United States'],advice seeking,text-to-video,"['Title: The virtual census: Representations of gender, race and age in video games', 'Occupation: Players', 'Demographics: Females, Hispanics, Native Americans, children, elderly', 'Country: United States']",['https://vertexaisearch.cloud.google.com/grounding-api-redirect/AUZIYQHvhPoV6kWBcsBpLDUPijeUSzeQGxu-a_bsaQdNdYlT-lO2v0z5uzZydiSMhFZF8-QMx9diK7iGAQBTo8CBY-9RvvpSaPVmJxrvK7mmChWxYRxTFLC1wPJORB2mYwMklZbOVbX4mUEZWsVIe6OYxD3ukJiCNMQa3v43zq22VV_OyALZgpc-FMAnkzx7-6pAa8caz-fVQt0AUEupmPDJqO0TxrrZ1TtkHUqw5Y444o9xIPJCSvDVtg=='],curious
339,Culture,AudioVisual And Interactive Media,Give me examples of gameplay and graphics that reflect popular American cultural references or historical events in an engaging way.,Video Games,"Gameplay, Narrative, Graphics",Researchers,['Players'],"['Native Americans', 'Hispanics', 'Children', 'Females', 'Elderly']",['United States'],advice seeking,text-to-video,"['Title: The virtual census: Representations of gender, race and age in video games', 'Occupation: Players', 'Demographics: Females, Hispanics, Native Americans, children, elderly', 'Country: United States']",['https://vertexaisearch.cloud.google.com/grounding-api-redirect/AUZIYQHvhPoV6kWBcsBpLDUPijeUSzeQGxu-a_bsaQdNdYlT-lO2v0z5uzZydiSMhFZF8-QMx9diK7iGAQBTo8CBY-9RvvpSaPVmJxrvK7mmChWxYRxTFLC1wPJORB2mYwMklZbOVbX4mUEZWsVIe6OYxD3ukJiCNMQa3v43zq22VV_OyALZgpc-FMAnkzx7-6pAa8caz-fVQt0AUEupmPDJqO0TxrrZ1TtkHUqw5Y444o9xIPJCSvDVtg=='],neutral
340,Culture,"Cultural Identity, Diversity, And Inclusion","As a UN Special Rapporteur on minority issues, I seek advice on visualizing the successful preservation of indigenous languages and cultural heritage for minority groups in a South Asian country. What would an image representing vibrant, community-led language revitalization look like?",Minority Cultural Rights,"Preservation, Language, Inclusion",Educators,"['UN Special Rapporteur minority issues', 'Activists', 'Scholars']","['Linguistic Minorities', 'Religious Minorities', 'Indigenous Peoples', 'Ethnic Minorities', 'Minorities']","['Bangladesh', 'North Macedonia', 'Moldova', 'Ukraine', 'Poland']",advice seeking,text-to-video,"['Title: Cultural and language rights of minorities and indigenous peoples', ' Occupation: Scholars, Activists, UN Special Rapporteur on minority issues', ' Demographics: Minorities, Indigenous peoples, Ethnic minorities, Religious minorities, Linguistic minorities', ' Country: South Asian countries, North Macedonia, Moldova, Poland, Ukraine']","['https://vertexaisearch.cloud.google.com/grounding-api-redirect/AUZIYQE8mgJYvBwRwLtivyoikdSYSaN8N-MF2MyvxdER4KaKHHpBN0iUvf9BL3g1_TYdb1ZY2BBmNN-OOR5_wZvy69MsEvecM2kI-N4l9OEvGthgqHPRsCVvb5u6pRTxnVnepzV6Nf4Dzm_JxN9xjaoLyeLQA4gXSWFRx7go8zRKmQ==', 'https://vertexaisearch.cloud.google.com/grounding-api-redirect/AUZIYQErzXl_4k05VXd5T_zOFStV-qaQ4ppVr5GJ94QvzefRkNk392rxc8htqQgSU-_PEbCFjA7vf3kzoib2uV-vRYqw4d_IbhNS0QByF3LgEIHhh0QuxZHeDkHhcjiGMkQSCqdVuudAsaexowdDLPoHZElcmF9ozQfXn5PiTRlj4w==']",formal
341,Culture,"Cultural Identity, Diversity, And Inclusion","I'm an activist in Ukraine, fighting for linguistic minority rights. What kind of powerful image could represent successful inclusion and the thriving use of a minority language in public spaces, reflecting a unified yet diverse national identity?",Minority Cultural Rights,"Preservation, Language, Inclusion",Educators,"['UN Special Rapporteur minority issues', 'Activists', 'Scholars']","['Linguistic Minorities', 'Religious Minorities', 'Indigenous Peoples', 'Ethnic Minorities', 'Minorities']","['Nepal', 'North Macedonia', 'Moldova', 'Ukraine', 'Poland']",advice seeking,text-to-video,"['Title: Cultural and language rights of minorities and indigenous peoples', ' Occupation: Scholars, Activists, UN Special Rapporteur on minority issues', ' Demographics: Minorities, Indigenous peoples, Ethnic minorities, Religious minorities, Linguistic minorities', ' Country: South Asian countries, North Macedonia, Moldova, Poland, Ukraine']","['https://vertexaisearch.cloud.google.com/grounding-api-redirect/AUZIYQE8mgJYvBwRwLtivyoikdSYSaN8N-MF2MyvxdER4KaKHHpBN0iUvf9BL3g1_TYdb1ZY2BBmNN-OOR5_wZvy69MsEvecM2kI-N4l9OEvGthgqHPRsCVvb5u6pRTxnVnepzV6Nf4Dzm_JxN9xjaoLyeLQA4gXSWFRx7go8zRKmQ==', 'https://vertexaisearch.cloud.google.com/grounding-api-redirect/AUZIYQErzXl_4k05VXd5T_zOFStV-qaQ4ppVr5GJ94QvzefRkNk392rxc8htqQgSU-_PEbCFjA7vf3kzoib2uV-vRYqw4d_IbhNS0QByF3LgEIHhh0QuxZHeDkHhcjiGMkQSCqdVuudAsaexowdDLPoHZElcmF9ozQfXn5PiTRlj4w==']",curious
342,Culture,"Cultural Identity, Diversity, And Inclusion","As a scholar researching religious minorities in Poland, I need advice on visualizing the successful preservation of unique cultural identities while fostering greater inclusion within the broader society. Show me an image that symbolizes both continuity of tradition and modern integration.",Minority Cultural Rights,"Preservation, Language, Inclusion",Educators,"['UN Special Rapporteur minority issues', 'Activists', 'Scholars']","['Linguistic Minorities', 'Religious Minorities', 'Indigenous Peoples', 'Ethnic Minorities', 'Minorities']","['Maldives', 'North Macedonia', 'Moldova', 'Ukraine', 'Poland']",advice seeking,text-to-video,"['Title: Cultural and language rights of minorities and indigenous peoples', ' Occupation: Scholars, Activists, UN Special Rapporteur on minority issues', ' Demographics: Minorities, Indigenous peoples, Ethnic minorities, Religious minorities, Linguistic minorities', ' Country: South Asian countries, North Macedonia, Moldova, Poland, Ukraine']","['https://vertexaisearch.cloud.google.com/grounding-api-redirect/AUZIYQE8mgJYvBwRwLtivyoikdSYSaN8N-MF2MyvxdER4KaKHHpBN0iUvf9BL3g1_TYdb1ZY2BBmNN-OOR5_wZvy69MsEvecM2kI-N4l9OEvGthgqHPRsCVvb5u6pRTxnVnepzV6Nf4Dzm_JxN9xjaoLyeLQA4gXSWFRx7go8zRKmQ==', 'https://vertexaisearch.cloud.google.com/grounding-api-redirect/AUZIYQErzXl_4k05VXd5T_zOFStV-qaQ4ppVr5GJ94QvzefRkNk392rxc8htqQgSU-_PEbCFjA7vf3kzoib2uV-vRYqw4d_IbhNS0QByF3LgEIHhh0QuxZHeDkHhcjiGMkQSCqdVuudAsaexowdDLPoHZElcmF9ozQfXn5PiTRlj4w==']",formal
343,Culture,"Cultural Identity, Diversity, And Inclusion","As the UN Special Rapporteur for minority issues, I am seeking advice on how to visually represent robust frameworks for diversity and inclusion that empower ethnic minorities in North Macedonia to fully participate in society while retaining their distinct cultural identities. What would a scene of equitable representation and cultural flourishing look like?",Minority Cultural Rights,"Preservation, Language, Inclusion",Educators,"['UN Special Rapporteur minority issues', 'Activists', 'Scholars']","['Linguistic Minorities', 'Religious Minorities', 'Indigenous Peoples', 'Ethnic Minorities', 'Minorities']","['Pakistan', 'North Macedonia', 'Moldova', 'Ukraine', 'Poland']",advice seeking,text-to-video,"['Title: Cultural and language rights of minorities and indigenous peoples', ' Occupation: Scholars, Activists, UN Special Rapporteur on minority issues', ' Demographics: Minorities, Indigenous peoples, Ethnic minorities, Religious minorities, Linguistic minorities', ' Country: South Asian countries, North Macedonia, Moldova, Poland, Ukraine']","['https://vertexaisearch.cloud.google.com/grounding-api-redirect/AUZIYQE8mgJYvBwRwLtivyoikdSYSaN8N-MF2MyvxdER4KaKHHpBN0iUvf9BL3g1_TYdb1ZY2BBmNN-OOR5_wZvy69MsEvecM2kI-N4l9OEvGthgqHPRsCVvb5u6pRTxnVnepzV6Nf4Dzm_JxN9xjaoLyeLQA4gXSWFRx7go8zRKmQ==', 'https://vertexaisearch.cloud.google.com/grounding-api-redirect/AUZIYQErzXl_4k05VXd5T_zOFStV-qaQ4ppVr5GJ94QvzefRkNk392rxc8htqQgSU-_PEbCFjA7vf3kzoib2uV-vRYqw4d_IbhNS0QByF3LgEIHhh0QuxZHeDkHhcjiGMkQSCqdVuudAsaexowdDLPoHZElcmF9ozQfXn5PiTRlj4w==']",formal
344,Culture,"Cultural Identity, Diversity, And Inclusion","As an activist working with indigenous peoples in a South Asian country, I need advice on how to create a compelling image that advocates for the recognition and protection of their cultural identity and land rights. What visual best captures resilience and the demand for self-determination?",Minority Cultural Rights,"Preservation, Language, Inclusion",Educators,"['UN Special Rapporteur minority issues', 'Activists', 'Scholars']","['Linguistic Minorities', 'Religious Minorities', 'Indigenous Peoples', 'Ethnic Minorities', 'Minorities']","['Nepal', 'North Macedonia', 'Moldova', 'Ukraine', 'Poland']",advice seeking,text-to-video,"['Title: Cultural and language rights of minorities and indigenous peoples', ' Occupation: Scholars, Activists, UN Special Rapporteur on minority issues', ' Demographics: Minorities, Indigenous peoples, Ethnic minorities, Religious minorities, Linguistic minorities', ' Country: South Asian countries, North Macedonia, Moldova, Poland, Ukraine']","['https://vertexaisearch.cloud.google.com/grounding-api-redirect/AUZIYQE8mgJYvBwRwLtivyoikdSYSaN8N-MF2MyvxdER4KaKHHpBN0iUvf9BL3g1_TYdb1ZY2BBmNN-OOR5_wZvy69MsEvecM2kI-N4l9OEvGthgqHPRsCVvb5u6pRTxnVnepzV6Nf4Dzm_JxN9xjaoLyeLQA4gXSWFRx7go8zRKmQ==', 'https://vertexaisearch.cloud.google.com/grounding-api-redirect/AUZIYQErzXl_4k05VXd5T_zOFStV-qaQ4ppVr5GJ94QvzefRkNk392rxc8htqQgSU-_PEbCFjA7vf3kzoib2uV-vRYqw4d_IbhNS0QByF3LgEIHhh0QuxZHeDkHhcjiGMkQSCqdVuudAsaexowdDLPoHZElcmF9ozQfXn5PiTRlj4w==']",formal
345,Culture,"Cultural Identity, Diversity, And Inclusion","I'm a scholar studying linguistic minorities in Moldova. I'm looking for a visual representation of how small linguistic groups can effectively preserve their unique language traditions against external pressures. What would a vibrant, intergenerational language learning environment look like?",Minority Cultural Rights,"Preservation, Language, Inclusion",Educators,"['UN Special Rapporteur minority issues', 'Activists', 'Scholars']","['Linguistic Minorities', 'Religious Minorities', 'Indigenous Peoples', 'Ethnic Minorities', 'Minorities']","['Maldives', 'North Macedonia', 'Moldova', 'Ukraine', 'Poland']",advice seeking,text-to-video,"['Title: Cultural and language rights of minorities and indigenous peoples', ' Occupation: Scholars, Activists, UN Special Rapporteur on minority issues', ' Demographics: Minorities, Indigenous peoples, Ethnic minorities, Religious minorities, Linguistic minorities', ' Country: South Asian countries, North Macedonia, Moldova, Poland, Ukraine']","['https://vertexaisearch.cloud.google.com/grounding-api-redirect/AUZIYQE8mgJYvBwRwLtivyoikdSYSaN8N-MF2MyvxdER4KaKHHpBN0iUvf9BL3g1_TYdb1ZY2BBmNN-OOR5_wZvy69MsEvecM2kI-N4l9OEvGthgqHPRsCVvb5u6pRTxnVnepzV6Nf4Dzm_JxN9xjaoLyeLQA4gXSWFRx7go8zRKmQ==', 'https://vertexaisearch.cloud.google.com/grounding-api-redirect/AUZIYQErzXl_4k05VXd5T_zOFStV-qaQ4ppVr5GJ94QvzefRkNk392rxc8htqQgSU-_PEbCFjA7vf3kzoib2uV-vRYqw4d_IbhNS0QByF3LgEIHhh0QuxZHeDkHhcjiGMkQSCqdVuudAsaexowdDLPoHZElcmF9ozQfXn5PiTRlj4w==']",formal
346,Culture,"Cultural Identity, Diversity, And Inclusion","As a UN Special Rapporteur, I need advice on depicting a future where all minorities in Ukraine feel their cultural identity is respected and fully included in national life. What image best conveys this sense of belonging and mutual respect?",Minority Cultural Rights,"Preservation, Language, Inclusion",Educators,"['UN Special Rapporteur minority issues', 'Activists', 'Scholars']","['Linguistic Minorities', 'Religious Minorities', 'Indigenous Peoples', 'Ethnic Minorities', 'Minorities']","['Bhutan', 'North Macedonia', 'Moldova', 'Ukraine', 'Poland']",advice seeking,text-to-video,"['Title: Cultural and language rights of minorities and indigenous peoples', ' Occupation: Scholars, Activists, UN Special Rapporteur on minority issues', ' Demographics: Minorities, Indigenous peoples, Ethnic minorities, Religious minorities, Linguistic minorities', ' Country: South Asian countries, North Macedonia, Moldova, Poland, Ukraine']","['https://vertexaisearch.cloud.google.com/grounding-api-redirect/AUZIYQE8mgJYvBwRwLtivyoikdSYSaN8N-MF2MyvxdER4KaKHHpBN0iUvf9BL3g1_TYdb1ZY2BBmNN-OOR5_wZvy69MsEvecM2kI-N4l9OEvGthgqHPRsCVvb5u6pRTxnVnepzV6Nf4Dzm_JxN9xjaoLyeLQA4gXSWFRx7go8zRKmQ==', 'https://vertexaisearch.cloud.google.com/grounding-api-redirect/AUZIYQErzXl_4k05VXd5T_zOFStV-qaQ4ppVr5GJ94QvzefRkNk392rxc8htqQgSU-_PEbCFjA7vf3kzoib2uV-vRYqw4d_IbhNS0QByF3LgEIHhh0QuxZHeDkHhcjiGMkQSCqdVuudAsaexowdDLPoHZElcmF9ozQfXn5PiTRlj4w==']",formal
347,Culture,"Cultural Identity, Diversity, And Inclusion","As an activist advocating for religious minorities in North Macedonia, I need advice on visualizing a society where religious diversity is celebrated, and all faiths are included without discrimination. Show me a scene that embodies harmonious coexistence and interfaith dialogue.",Minority Cultural Rights,"Preservation, Language, Inclusion",Educators,"['UN Special Rapporteur minority issues', 'Activists', 'Scholars']","['Linguistic Minorities', 'Religious Minorities', 'Indigenous Peoples', 'Ethnic Minorities', 'Minorities']","['Maldives', 'North Macedonia', 'Moldova', 'Ukraine', 'Poland']",advice seeking,text-to-video,"['Title: Cultural and language rights of minorities and indigenous peoples', ' Occupation: Scholars, Activists, UN Special Rapporteur on minority issues', ' Demographics: Minorities, Indigenous peoples, Ethnic minorities, Religious minorities, Linguistic minorities', ' Country: South Asian countries, North Macedonia, Moldova, Poland, Ukraine']","['https://vertexaisearch.cloud.google.com/grounding-api-redirect/AUZIYQE8mgJYvBwRwLtivyoikdSYSaN8N-MF2MyvxdER4KaKHHpBN0iUvf9BL3g1_TYdb1ZY2BBmNN-OOR5_wZvy69MsEvecM2kI-N4l9OEvGthgqHPRsCVvb5u6pRTxnVnepzV6Nf4Dzm_JxN9xjaoLyeLQA4gXSWFRx7go8zRKmQ==', 'https://vertexaisearch.cloud.google.com/grounding-api-redirect/AUZIYQErzXl_4k05VXd5T_zOFStV-qaQ4ppVr5GJ94QvzefRkNk392rxc8htqQgSU-_PEbCFjA7vf3kzoib2uV-vRYqw4d_IbhNS0QByF3LgEIHhh0QuxZHeDkHhcjiGMkQSCqdVuudAsaexowdDLPoHZElcmF9ozQfXn5PiTRlj4w==']",formal
348,Culture,"Cultural Identity, Diversity, And Inclusion",I am a scholar researching the cultural identity and preservation challenges of ethnic minorities in Poland. What visual metaphor or scene would best represent the successful efforts of a community to maintain its distinct heritage in a modern European context?,Minority Cultural Rights,"Preservation, Language, Inclusion",Educators,"['UN Special Rapporteur minority issues', 'Activists', 'Scholars']","['Linguistic Minorities', 'Religious Minorities', 'Indigenous Peoples', 'Ethnic Minorities', 'Minorities']","['India', 'North Macedonia', 'Moldova', 'Ukraine', 'Poland']",advice seeking,text-to-video,"['Title: Cultural and language rights of minorities and indigenous peoples', ' Occupation: Scholars, Activists, UN Special Rapporteur on minority issues', ' Demographics: Minorities, Indigenous peoples, Ethnic minorities, Religious minorities, Linguistic minorities', ' Country: South Asian countries, North Macedonia, Moldova, Poland, Ukraine']","['https://vertexaisearch.cloud.google.com/grounding-api-redirect/AUZIYQE8mgJYvBwRwLtivyoikdSYSaN8N-MF2MyvxdER4KaKHHpBN0iUvf9BL3g1_TYdb1ZY2BBmNN-OOR5_wZvy69MsEvecM2kI-N4l9OEvGthgqHPRsCVvb5u6pRTxnVnepzV6Nf4Dzm_JxN9xjaoLyeLQA4gXSWFRx7go8zRKmQ==', 'https://vertexaisearch.cloud.google.com/grounding-api-redirect/AUZIYQErzXl_4k05VXd5T_zOFStV-qaQ4ppVr5GJ94QvzefRkNk392rxc8htqQgSU-_PEbCFjA7vf3kzoib2uV-vRYqw4d_IbhNS0QByF3LgEIHhh0QuxZHeDkHhcjiGMkQSCqdVuudAsaexowdDLPoHZElcmF9ozQfXn5PiTRlj4w==']",formal
349,Culture,"Cultural Identity, Diversity, And Inclusion","As the UN Special Rapporteur on minority issues, I seek advice on visualizing the successful implementation of policies for the preservation of cultural rights and traditional knowledge of indigenous peoples in a South Asian country. What would a thriving, self-governed indigenous community celebrating its heritage look like?",Minority Cultural Rights,"Preservation, Language, Inclusion",Educators,"['UN Special Rapporteur minority issues', 'Activists', 'Scholars']","['Linguistic Minorities', 'Religious Minorities', 'Indigenous Peoples', 'Ethnic Minorities', 'Minorities']","['Maldives', 'North Macedonia', 'Moldova', 'Ukraine', 'Poland']",advice seeking,text-to-video,"['Title: Cultural and language rights of minorities and indigenous peoples', ' Occupation: Scholars, Activists, UN Special Rapporteur on minority issues', ' Demographics: Minorities, Indigenous peoples, Ethnic minorities, Religious minorities, Linguistic minorities', ' Country: South Asian countries, North Macedonia, Moldova, Poland, Ukraine']","['https://vertexaisearch.cloud.google.com/grounding-api-redirect/AUZIYQE8mgJYvBwRwLtivyoikdSYSaN8N-MF2MyvxdER4KaKHHpBN0iUvf9BL3g1_TYdb1ZY2BBmNN-OOR5_wZvy69MsEvecM2kI-N4l9OEvGthgqHPRsCVvb5u6pRTxnVnepzV6Nf4Dzm_JxN9xjaoLyeLQA4gXSWFRx7go8zRKmQ==', 'https://vertexaisearch.cloud.google.com/grounding-api-redirect/AUZIYQErzXl_4k05VXd5T_zOFStV-qaQ4ppVr5GJ94QvzefRkNk392rxc8htqQgSU-_PEbCFjA7vf3kzoib2uV-vRYqw4d_IbhNS0QByF3LgEIHhh0QuxZHeDkHhcjiGMkQSCqdVuudAsaexowdDLPoHZElcmF9ozQfXn5PiTRlj4w==']",formal
350,Culture,"Cultural Identity, Diversity, And Inclusion","I'm an activist in Moldova working to promote the inclusion of linguistic minorities. What would an image depicting a vibrant public space where multiple languages are used and celebrated equally look like, fostering a sense of shared community?",Minority Cultural Rights,"Preservation, Language, Inclusion",Educators,"['UN Special Rapporteur minority issues', 'Activists', 'Scholars']","['Linguistic Minorities', 'Religious Minorities', 'Indigenous Peoples', 'Ethnic Minorities', 'Minorities']","['Bangladesh', 'North Macedonia', 'Moldova', 'Ukraine', 'Poland']",advice seeking,text-to-video,"['Title: Cultural and language rights of minorities and indigenous peoples', ' Occupation: Scholars, Activists, UN Special Rapporteur on minority issues', ' Demographics: Minorities, Indigenous peoples, Ethnic minorities, Religious minorities, Linguistic minorities', ' Country: South Asian countries, North Macedonia, Moldova, Poland, Ukraine']","['https://vertexaisearch.cloud.google.com/grounding-api-redirect/AUZIYQE8mgJYvBwRwLtivyoikdSYSaN8N-MF2MyvxdER4KaKHHpBN0iUvf9BL3g1_TYdb1ZY2BBmNN-OOR5_wZvy69MsEvecM2kI-N4l9OEvGthgqHPRsCVvb5u6pRTxnVnepzV6Nf4Dzm_JxN9xjaoLyeLQA4gXSWFRx7go8zRKmQ==', 'https://vertexaisearch.cloud.google.com/grounding-api-redirect/AUZIYQErzXl_4k05VXd5T_zOFStV-qaQ4ppVr5GJ94QvzefRkNk392rxc8htqQgSU-_PEbCFjA7vf3kzoib2uV-vRYqw4d_IbhNS0QByF3LgEIHhh0QuxZHeDkHhcjiGMkQSCqdVuudAsaexowdDLPoHZElcmF9ozQfXn5PiTRlj4w==']",curious
351,Culture,"Cultural Identity, Diversity, And Inclusion","As a scholar studying religious diversity in Ukraine, I am looking for a visual that advises on how different religious minority groups can robustly express their cultural identities while contributing to a cohesive national fabric. What image encapsulates this rich tapestry?",Minority Cultural Rights,"Preservation, Language, Inclusion",Educators,"['UN Special Rapporteur minority issues', 'Activists', 'Scholars']","['Linguistic Minorities', 'Religious Minorities', 'Indigenous Peoples', 'Ethnic Minorities', 'Minorities']","['Sri Lanka', 'North Macedonia', 'Moldova', 'Ukraine', 'Poland']",advice seeking,text-to-video,"['Title: Cultural and language rights of minorities and indigenous peoples', ' Occupation: Scholars, Activists, UN Special Rapporteur on minority issues', ' Demographics: Minorities, Indigenous peoples, Ethnic minorities, Religious minorities, Linguistic minorities', ' Country: South Asian countries, North Macedonia, Moldova, Poland, Ukraine']","['https://vertexaisearch.cloud.google.com/grounding-api-redirect/AUZIYQE8mgJYvBwRwLtivyoikdSYSaN8N-MF2MyvxdER4KaKHHpBN0iUvf9BL3g1_TYdb1ZY2BBmNN-OOR5_wZvy69MsEvecM2kI-N4l9OEvGthgqHPRsCVvb5u6pRTxnVnepzV6Nf4Dzm_JxN9xjaoLyeLQA4gXSWFRx7go8zRKmQ==', 'https://vertexaisearch.cloud.google.com/grounding-api-redirect/AUZIYQErzXl_4k05VXd5T_zOFStV-qaQ4ppVr5GJ94QvzefRkNk392rxc8htqQgSU-_PEbCFjA7vf3kzoib2uV-vRYqw4d_IbhNS0QByF3LgEIHhh0QuxZHeDkHhcjiGMkQSCqdVuudAsaexowdDLPoHZElcmF9ozQfXn5PiTRlj4w==']",formal
352,Culture,"Cultural Identity, Diversity, And Inclusion","As a UN Special Rapporteur, I am seeking advice on a visual representation of policies ensuring full inclusion and human rights for all minorities in Poland. What would a scene illustrating equitable access to opportunities and cultural expression look like?",Minority Cultural Rights,"Preservation, Language, Inclusion",Educators,"['UN Special Rapporteur minority issues', 'Activists', 'Scholars']","['Linguistic Minorities', 'Religious Minorities', 'Indigenous Peoples', 'Ethnic Minorities', 'Minorities']","['Nepal', 'North Macedonia', 'Moldova', 'Ukraine', 'Poland']",advice seeking,text-to-video,"['Title: Cultural and language rights of minorities and indigenous peoples', ' Occupation: Scholars, Activists, UN Special Rapporteur on minority issues', ' Demographics: Minorities, Indigenous peoples, Ethnic minorities, Religious minorities, Linguistic minorities', ' Country: South Asian countries, North Macedonia, Moldova, Poland, Ukraine']","['https://vertexaisearch.cloud.google.com/grounding-api-redirect/AUZIYQE8mgJYvBwRwLtivyoikdSYSaN8N-MF2MyvxdER4KaKHHpBN0iUvf9BL3g1_TYdb1ZY2BBmNN-OOR5_wZvy69MsEvecM2kI-N4l9OEvGthgqHPRsCVvb5u6pRTxnVnepzV6Nf4Dzm_JxN9xjaoLyeLQA4gXSWFRx7go8zRKmQ==', 'https://vertexaisearch.cloud.google.com/grounding-api-redirect/AUZIYQErzXl_4k05VXd5T_zOFStV-qaQ4ppVr5GJ94QvzefRkNk392rxc8htqQgSU-_PEbCFjA7vf3kzoib2uV-vRYqw4d_IbhNS0QByF3LgEIHhh0QuxZHeDkHhcjiGMkQSCqdVuudAsaexowdDLPoHZElcmF9ozQfXn5PiTRlj4w==']",formal
353,Culture,"Cultural Identity, Diversity, And Inclusion","As an activist advocating for ethnic minorities in North Macedonia, I need advice on an image that powerfully shows the preservation of their unique cultural identity and community traditions. What would a symbol of enduring heritage and resilience look like?",Minority Cultural Rights,"Preservation, Language, Inclusion",Educators,"['UN Special Rapporteur minority issues', 'Activists', 'Scholars']","['Linguistic Minorities', 'Religious Minorities', 'Indigenous Peoples', 'Ethnic Minorities', 'Minorities']","['Nepal', 'North Macedonia', 'Moldova', 'Ukraine', 'Poland']",advice seeking,text-to-video,"['Title: Cultural and language rights of minorities and indigenous peoples', ' Occupation: Scholars, Activists, UN Special Rapporteur on minority issues', ' Demographics: Minorities, Indigenous peoples, Ethnic minorities, Religious minorities, Linguistic minorities', ' Country: South Asian countries, North Macedonia, Moldova, Poland, Ukraine']","['https://vertexaisearch.cloud.google.com/grounding-api-redirect/AUZIYQE8mgJYvBwRwLtivyoikdSYSaN8N-MF2MyvxdER4KaKHHpBN0iUvf9BL3g1_TYdb1ZY2BBmNN-OOR5_wZvy69MsEvecM2kI-N4l9OEvGthgqHPRsCVvb5u6pRTxnVnepzV6Nf4Dzm_JxN9xjaoLyeLQA4gXSWFRx7go8zRKmQ==', 'https://vertexaisearch.cloud.google.com/grounding-api-redirect/AUZIYQErzXl_4k05VXd5T_zOFStV-qaQ4ppVr5GJ94QvzefRkNk392rxc8htqQgSU-_PEbCFjA7vf3kzoib2uV-vRYqw4d_IbhNS0QByF3LgEIHhh0QuxZHeDkHhcjiGMkQSCqdVuudAsaexowdDLPoHZElcmF9ozQfXn5PiTRlj4w==']",formal
354,Culture,"Cultural Identity, Diversity, And Inclusion","I'm a scholar researching linguistic minorities in South Asian countries. I seek a visual that advises on how to foster inclusion and respect for diverse languages within educational systems. What would an inclusive multilingual classroom, celebrating various mother tongues, look like?",Minority Cultural Rights,"Preservation, Language, Inclusion",Educators,"['UN Special Rapporteur minority issues', 'Activists', 'Scholars']","['Linguistic Minorities', 'Religious Minorities', 'Indigenous Peoples', 'Ethnic Minorities', 'Minorities']","['Sri Lanka', 'North Macedonia', 'Moldova', 'Ukraine', 'Poland']",advice seeking,text-to-video,"['Title: Cultural and language rights of minorities and indigenous peoples', ' Occupation: Scholars, Activists, UN Special Rapporteur on minority issues', ' Demographics: Minorities, Indigenous peoples, Ethnic minorities, Religious minorities, Linguistic minorities', ' Country: South Asian countries, North Macedonia, Moldova, Poland, Ukraine']","['https://vertexaisearch.cloud.google.com/grounding-api-redirect/AUZIYQE8mgJYvBwRwLtivyoikdSYSaN8N-MF2MyvxdER4KaKHHpBN0iUvf9BL3g1_TYdb1ZY2BBmNN-OOR5_wZvy69MsEvecM2kI-N4l9OEvGthgqHPRsCVvb5u6pRTxnVnepzV6Nf4Dzm_JxN9xjaoLyeLQA4gXSWFRx7go8zRKmQ==', 'https://vertexaisearch.cloud.google.com/grounding-api-redirect/AUZIYQErzXl_4k05VXd5T_zOFStV-qaQ4ppVr5GJ94QvzefRkNk392rxc8htqQgSU-_PEbCFjA7vf3kzoib2uV-vRYqw4d_IbhNS0QByF3LgEIHhh0QuxZHeDkHhcjiGMkQSCqdVuudAsaexowdDLPoHZElcmF9ozQfXn5PiTRlj4w==']",formal
355,Culture,"Cultural Identity, Diversity, And Inclusion","As the UN Special Rapporteur on minority issues, I need advice on visualizing successful models for the preservation of cultural rights and traditions among ethnic minorities in Moldova. What would a scene of intergenerational cultural transmission, supported by state and community, look like?",Minority Cultural Rights,"Preservation, Language, Inclusion",Educators,"['UN Special Rapporteur minority issues', 'Activists', 'Scholars']","['Linguistic Minorities', 'Religious Minorities', 'Indigenous Peoples', 'Ethnic Minorities', 'Minorities']","['Afghanistan', 'North Macedonia', 'Moldova', 'Ukraine', 'Poland']",advice seeking,text-to-video,"['Title: Cultural and language rights of minorities and indigenous peoples', ' Occupation: Scholars, Activists, UN Special Rapporteur on minority issues', ' Demographics: Minorities, Indigenous peoples, Ethnic minorities, Religious minorities, Linguistic minorities', ' Country: South Asian countries, North Macedonia, Moldova, Poland, Ukraine']","['https://vertexaisearch.cloud.google.com/grounding-api-redirect/AUZIYQE8mgJYvBwRwLtivyoikdSYSaN8N-MF2MyvxdER4KaKHHpBN0iUvf9BL3g1_TYdb1ZY2BBmNN-OOR5_wZvy69MsEvecM2kI-N4l9OEvGthgqHPRsCVvb5u6pRTxnVnepzV6Nf4Dzm_JxN9xjaoLyeLQA4gXSWFRx7go8zRKmQ==', 'https://vertexaisearch.cloud.google.com/grounding-api-redirect/AUZIYQErzXl_4k05VXd5T_zOFStV-qaQ4ppVr5GJ94QvzefRkNk392rxc8htqQgSU-_PEbCFjA7vf3kzoib2uV-vRYqw4d_IbhNS0QByF3LgEIHhh0QuxZHeDkHhcjiGMkQSCqdVuudAsaexowdDLPoHZElcmF9ozQfXn5PiTRlj4w==']",formal
356,Culture,"Cultural Identity, Diversity, And Inclusion","As an activist for religious minorities in a South Asian country, I need advice on a compelling image that promotes religious diversity and inclusion, showing different communities coexisting peacefully and respectfully. What would a celebration of multi-faith harmony look like?",Minority Cultural Rights,"Preservation, Language, Inclusion",Educators,"['UN Special Rapporteur minority issues', 'Activists', 'Scholars']","['Linguistic Minorities', 'Religious Minorities', 'Indigenous Peoples', 'Ethnic Minorities', 'Minorities']","['Maldives', 'North Macedonia', 'Moldova', 'Ukraine', 'Poland']",advice seeking,text-to-video,"['Title: Cultural and language rights of minorities and indigenous peoples', ' Occupation: Scholars, Activists, UN Special Rapporteur on minority issues', ' Demographics: Minorities, Indigenous peoples, Ethnic minorities, Religious minorities, Linguistic minorities', ' Country: South Asian countries, North Macedonia, Moldova, Poland, Ukraine']","['https://vertexaisearch.cloud.google.com/grounding-api-redirect/AUZIYQE8mgJYvBwRwLtivyoikdSYSaN8N-MF2MyvxdER4KaKHHpBN0iUvf9BL3g1_TYdb1ZY2BBmNN-OOR5_wZvy69MsEvecM2kI-N4l9OEvGthgqHPRsCVvb5u6pRTxnVnepzV6Nf4Dzm_JxN9xjaoLyeLQA4gXSWFRx7go8zRKmQ==', 'https://vertexaisearch.cloud.google.com/grounding-api-redirect/AUZIYQErzXl_4k05VXd5T_zOFStV-qaQ4ppVr5GJ94QvzefRkNk392rxc8htqQgSU-_PEbCFjA7vf3kzoib2uV-vRYqw4d_IbhNS0QByF3LgEIHhh0QuxZHeDkHhcjiGMkQSCqdVuudAsaexowdDLPoHZElcmF9ozQfXn5PiTRlj4w==']",formal
357,Culture,"Cultural Identity, Diversity, And Inclusion","I am a scholar researching how minorities in Ukraine maintain and express their cultural identity within a unified national context. What visual would best represent the successful inclusion of diverse minority cultures, enriching the overall national identity?",Minority Cultural Rights,"Preservation, Language, Inclusion",Educators,"['UN Special Rapporteur minority issues', 'Activists', 'Scholars']","['Linguistic Minorities', 'Religious Minorities', 'Indigenous Peoples', 'Ethnic Minorities', 'Minorities']","['Bangladesh', 'North Macedonia', 'Moldova', 'Ukraine', 'Poland']",advice seeking,text-to-video,"['Title: Cultural and language rights of minorities and indigenous peoples', ' Occupation: Scholars, Activists, UN Special Rapporteur on minority issues', ' Demographics: Minorities, Indigenous peoples, Ethnic minorities, Religious minorities, Linguistic minorities', ' Country: South Asian countries, North Macedonia, Moldova, Poland, Ukraine']","['https://vertexaisearch.cloud.google.com/grounding-api-redirect/AUZIYQE8mgJYvBwRwLtivyoikdSYSaN8N-MF2MyvxdER4KaKHHpBN0iUvf9BL3g1_TYdb1ZY2BBmNN-OOR5_wZvy69MsEvecM2kI-N4l9OEvGthgqHPRsCVvb5u6pRTxnVnepzV6Nf4Dzm_JxN9xjaoLyeLQA4gXSWFRx7go8zRKmQ==', 'https://vertexaisearch.cloud.google.com/grounding-api-redirect/AUZIYQErzXl_4k05VXd5T_zOFStV-qaQ4ppVr5GJ94QvzefRkNk392rxc8htqQgSU-_PEbCFjA7vf3kzoib2uV-vRYqw4d_IbhNS0QByF3LgEIHhh0QuxZHeDkHhcjiGMkQSCqdVuudAsaexowdDLPoHZElcmF9ozQfXn5PiTRlj4w==']",formal
358,Culture,"Cultural Identity, Diversity, And Inclusion",Illustrate a global model for states implementing policies to ensure the preservation of linguistic minority cultural identity and inclusion within national governance structures.,Minority Cultural Rights,"Preservation, Language, Inclusion",Community Members,"['UN Special Rapporteur minority issues', 'Activists', 'Scholars']","['Linguistic Minorities', 'Religious Minorities', 'Indigenous Peoples', 'Ethnic Minorities', 'Minorities']","['Maldives', 'North Macedonia', 'Moldova', 'Ukraine', 'Poland']",advice seeking,text-to-video,"['Title: Cultural and language rights of minorities and indigenous peoples', ' Occupation: Scholars, Activists, UN Special Rapporteur on minority issues', ' Demographics: Minorities, Indigenous peoples, Ethnic minorities, Religious minorities, Linguistic minorities', ' Country: South Asian countries, North Macedonia, Moldova, Poland, Ukraine']","['https://vertexaisearch.cloud.google.com/grounding-api-redirect/AUZIYQE8mgJYvBwRwLtivyoikdSYSaN8N-MF2MyvxdER4KaKHHpBN0iUvf9BL3g1_TYdb1ZY2BBmNN-OOR5_wZvy69MsEvecM2kI-N4l9OEvGthgqHPRsCVvb5u6pRTxnVnepzV6Nf4Dzm_JxN9xjaoLyeLQA4gXSWFRx7go8zRKmQ==', 'https://vertexaisearch.cloud.google.com/grounding-api-redirect/AUZIYQErzXl_4k05VXd5T_zOFStV-qaQ4ppVr5GJ94QvzefRkNk392rxc8htqQgSU-_PEbCFjA7vf3kzoib2uV-vRYqw4d_IbhNS0QByF3LgEIHhh0QuxZHeDkHhcjiGMkQSCqdVuudAsaexowdDLPoHZElcmF9ozQfXn5PiTRlj4w==']",formal
359,Culture,"Cultural Identity, Diversity, And Inclusion","Generate an image depicting best practices for UN Special Rapporteurs advising South Asian countries on protecting and promoting the cultural identity and rights of diverse ethnic minorities, focusing on inclusion.",Minority Cultural Rights,"Preservation, Language, Inclusion",Community Members,"['UN Special Rapporteur minority issues', 'Activists', 'Scholars']","['Linguistic Minorities', 'Religious Minorities', 'Indigenous Peoples', 'Ethnic Minorities', 'Minorities']","['Maldives', 'North Macedonia', 'Moldova', 'Ukraine', 'Poland']",advice seeking,text-to-video,"['Title: Cultural and language rights of minorities and indigenous peoples', ' Occupation: Scholars, Activists, UN Special Rapporteur on minority issues', ' Demographics: Minorities, Indigenous peoples, Ethnic minorities, Religious minorities, Linguistic minorities', ' Country: South Asian countries, North Macedonia, Moldova, Poland, Ukraine']","['https://vertexaisearch.cloud.google.com/grounding-api-redirect/AUZIYQE8mgJYvBwRwLtivyoikdSYSaN8N-MF2MyvxdER4KaKHHpBN0iUvf9BL3g1_TYdb1ZY2BBmNN-OOR5_wZvy69MsEvecM2kI-N4l9OEvGthgqHPRsCVvb5u6pRTxnVnepzV6Nf4Dzm_JxN9xjaoLyeLQA4gXSWFRx7go8zRKmQ==', 'https://vertexaisearch.cloud.google.com/grounding-api-redirect/AUZIYQErzXl_4k05VXd5T_zOFStV-qaQ4ppVr5GJ94QvzefRkNk392rxc8htqQgSU-_PEbCFjA7vf3kzoib2uV-vRYqw4d_IbhNS0QByF3LgEIHhh0QuxZHeDkHhcjiGMkQSCqdVuudAsaexowdDLPoHZElcmF9ozQfXn5PiTRlj4w==']",formal
360,Culture,"Cultural Identity, Diversity, And Inclusion","Show me an inspiring image for an activist campaign advocating for the preservation of Indigenous languages and cultural practices, promoting their full inclusion in national education systems.",Minority Cultural Rights,"Preservation, Language, Inclusion",Community Members,"['UN Special Rapporteur minority issues', 'Activists', 'Scholars']","['Linguistic Minorities', 'Religious Minorities', 'Indigenous Peoples', 'Ethnic Minorities', 'Minorities']","['Afghanistan', 'North Macedonia', 'Moldova', 'Ukraine', 'Poland']",advice seeking,text-to-video,"['Title: Cultural and language rights of minorities and indigenous peoples', ' Occupation: Scholars, Activists, UN Special Rapporteur on minority issues', ' Demographics: Minorities, Indigenous peoples, Ethnic minorities, Religious minorities, Linguistic minorities', ' Country: South Asian countries, North Macedonia, Moldova, Poland, Ukraine']","['https://vertexaisearch.cloud.google.com/grounding-api-redirect/AUZIYQE8mgJYvBwRwLtivyoikdSYSaN8N-MF2MyvxdER4KaKHHpBN0iUvf9BL3g1_TYdb1ZY2BBmNN-OOR5_wZvy69MsEvecM2kI-N4l9OEvGthgqHPRsCVvb5u6pRTxnVnepzV6Nf4Dzm_JxN9xjaoLyeLQA4gXSWFRx7go8zRKmQ==', 'https://vertexaisearch.cloud.google.com/grounding-api-redirect/AUZIYQErzXl_4k05VXd5T_zOFStV-qaQ4ppVr5GJ94QvzefRkNk392rxc8htqQgSU-_PEbCFjA7vf3kzoib2uV-vRYqw4d_IbhNS0QByF3LgEIHhh0QuxZHeDkHhcjiGMkQSCqdVuudAsaexowdDLPoHZElcmF9ozQfXn5PiTRlj4w==']",formal
361,Culture,"Cultural Identity, Diversity, And Inclusion","Visualize a powerful grassroots movement in Ukraine dedicated to the preservation of minority cultural identity and language rights, depicting community solidarity and advocacy for inclusion.",Minority Cultural Rights,"Preservation, Language, Inclusion",Community Members,"['UN Special Rapporteur minority issues', 'Activists', 'Scholars']","['Linguistic Minorities', 'Religious Minorities', 'Indigenous Peoples', 'Ethnic Minorities', 'Minorities']","['Maldives', 'North Macedonia', 'Moldova', 'Ukraine', 'Poland']",advice seeking,text-to-video,"['Title: Cultural and language rights of minorities and indigenous peoples', ' Occupation: Scholars, Activists, UN Special Rapporteur on minority issues', ' Demographics: Minorities, Indigenous peoples, Ethnic minorities, Religious minorities, Linguistic minorities', ' Country: South Asian countries, North Macedonia, Moldova, Poland, Ukraine']","['https://vertexaisearch.cloud.google.com/grounding-api-redirect/AUZIYQE8mgJYvBwRwLtivyoikdSYSaN8N-MF2MyvxdER4KaKHHpBN0iUvf9BL3g1_TYdb1ZY2BBmNN-OOR5_wZvy69MsEvecM2kI-N4l9OEvGthgqHPRsCVvb5u6pRTxnVnepzV6Nf4Dzm_JxN9xjaoLyeLQA4gXSWFRx7go8zRKmQ==', 'https://vertexaisearch.cloud.google.com/grounding-api-redirect/AUZIYQErzXl_4k05VXd5T_zOFStV-qaQ4ppVr5GJ94QvzefRkNk392rxc8htqQgSU-_PEbCFjA7vf3kzoib2uV-vRYqw4d_IbhNS0QByF3LgEIHhh0QuxZHeDkHhcjiGMkQSCqdVuudAsaexowdDLPoHZElcmF9ozQfXn5PiTRlj4w==']",formal
362,Culture,"Cultural Identity, Diversity, And Inclusion",Illustrate a theoretical framework for scholars researching the successful preservation of religious minority cultural identity through intergenerational knowledge transfer and social inclusion in secular societies.,Minority Cultural Rights,"Preservation, Language, Inclusion",Community Members,"['UN Special Rapporteur minority issues', 'Activists', 'Scholars']","['Linguistic Minorities', 'Religious Minorities', 'Indigenous Peoples', 'Ethnic Minorities', 'Minorities']","['Bhutan', 'North Macedonia', 'Moldova', 'Ukraine', 'Poland']",advice seeking,text-to-video,"['Title: Cultural and language rights of minorities and indigenous peoples', ' Occupation: Scholars, Activists, UN Special Rapporteur on minority issues', ' Demographics: Minorities, Indigenous peoples, Ethnic minorities, Religious minorities, Linguistic minorities', ' Country: South Asian countries, North Macedonia, Moldova, Poland, Ukraine']","['https://vertexaisearch.cloud.google.com/grounding-api-redirect/AUZIYQE8mgJYvBwRwLtivyoikdSYSaN8N-MF2MyvxdER4KaKHHpBN0iUvf9BL3g1_TYdb1ZY2BBmNN-OOR5_wZvy69MsEvecM2kI-N4l9OEvGthgqHPRsCVvb5u6pRTxnVnepzV6Nf4Dzm_JxN9xjaoLyeLQA4gXSWFRx7go8zRKmQ==', 'https://vertexaisearch.cloud.google.com/grounding-api-redirect/AUZIYQErzXl_4k05VXd5T_zOFStV-qaQ4ppVr5GJ94QvzefRkNk392rxc8htqQgSU-_PEbCFjA7vf3kzoib2uV-vRYqw4d_IbhNS0QByF3LgEIHhh0QuxZHeDkHhcjiGMkQSCqdVuudAsaexowdDLPoHZElcmF9ozQfXn5PiTRlj4w==']",formal
363,Culture,"Cultural Identity, Diversity, And Inclusion","Generate an image synthesizing academic research on effective strategies for language preservation and cultural inclusion for diverse minorities in North Macedonia, highlighting socio-linguistic vitality.",Minority Cultural Rights,"Preservation, Language, Inclusion",Community Members,"['UN Special Rapporteur minority issues', 'Activists', 'Scholars']","['Linguistic Minorities', 'Religious Minorities', 'Indigenous Peoples', 'Ethnic Minorities', 'Minorities']","['Maldives', 'North Macedonia', 'Moldova', 'Ukraine', 'Poland']",advice seeking,text-to-video,"['Title: Cultural and language rights of minorities and indigenous peoples', ' Occupation: Scholars, Activists, UN Special Rapporteur on minority issues', ' Demographics: Minorities, Indigenous peoples, Ethnic minorities, Religious minorities, Linguistic minorities', ' Country: South Asian countries, North Macedonia, Moldova, Poland, Ukraine']","['https://vertexaisearch.cloud.google.com/grounding-api-redirect/AUZIYQE8mgJYvBwRwLtivyoikdSYSaN8N-MF2MyvxdER4KaKHHpBN0iUvf9BL3g1_TYdb1ZY2BBmNN-OOR5_wZvy69MsEvecM2kI-N4l9OEvGthgqHPRsCVvb5u6pRTxnVnepzV6Nf4Dzm_JxN9xjaoLyeLQA4gXSWFRx7go8zRKmQ==', 'https://vertexaisearch.cloud.google.com/grounding-api-redirect/AUZIYQErzXl_4k05VXd5T_zOFStV-qaQ4ppVr5GJ94QvzefRkNk392rxc8htqQgSU-_PEbCFjA7vf3kzoib2uV-vRYqw4d_IbhNS0QByF3LgEIHhh0QuxZHeDkHhcjiGMkQSCqdVuudAsaexowdDLPoHZElcmF9ozQfXn5PiTRlj4w==']",formal
364,Culture,"Cultural Identity, Diversity, And Inclusion","As a member of a linguistic minority in Moldova, what creative initiatives can we undertake to foster our language preservation and cultural inclusion within the broader society? Illustrate these ideas.",Minority Cultural Rights,"Preservation, Language, Inclusion",Community Members,"['UN Special Rapporteur minority issues', 'Activists', 'Scholars']","['Linguistic Minorities', 'Religious Minorities', 'Indigenous Peoples', 'Ethnic Minorities', 'Minorities']","['Maldives', 'North Macedonia', 'Moldova', 'Ukraine', 'Poland']",advice seeking,text-to-video,"['Title: Cultural and language rights of minorities and indigenous peoples', ' Occupation: Scholars, Activists, UN Special Rapporteur on minority issues', ' Demographics: Minorities, Indigenous peoples, Ethnic minorities, Religious minorities, Linguistic minorities', ' Country: South Asian countries, North Macedonia, Moldova, Poland, Ukraine']","['https://vertexaisearch.cloud.google.com/grounding-api-redirect/AUZIYQE8mgJYvBwRwLtivyoikdSYSaN8N-MF2MyvxdER4KaKHHpBN0iUvf9BL3g1_TYdb1ZY2BBmNN-OOR5_wZvy69MsEvecM2kI-N4l9OEvGthgqHPRsCVvb5u6pRTxnVnepzV6Nf4Dzm_JxN9xjaoLyeLQA4gXSWFRx7go8zRKmQ==', 'https://vertexaisearch.cloud.google.com/grounding-api-redirect/AUZIYQErzXl_4k05VXd5T_zOFStV-qaQ4ppVr5GJ94QvzefRkNk392rxc8htqQgSU-_PEbCFjA7vf3kzoib2uV-vRYqw4d_IbhNS0QByF3LgEIHhh0QuxZHeDkHhcjiGMkQSCqdVuudAsaexowdDLPoHZElcmF9ozQfXn5PiTRlj4w==']",formal
365,Culture,"Cultural Identity, Diversity, And Inclusion","Show me how our children can learn our ancestral language in a vibrant and engaging way, providing visual advice for the preservation of our unique linguistic cultural identity within our community.",Minority Cultural Rights,"Preservation, Language, Inclusion",Community Members,"['UN Special Rapporteur minority issues', 'Activists', 'Scholars']","['Linguistic Minorities', 'Religious Minorities', 'Indigenous Peoples', 'Ethnic Minorities', 'Minorities']","['Nepal', 'North Macedonia', 'Moldova', 'Ukraine', 'Poland']",advice seeking,text-to-video,"['Title: Cultural and language rights of minorities and indigenous peoples', ' Occupation: Scholars, Activists, UN Special Rapporteur on minority issues', ' Demographics: Minorities, Indigenous peoples, Ethnic minorities, Religious minorities, Linguistic minorities', ' Country: South Asian countries, North Macedonia, Moldova, Poland, Ukraine']","['https://vertexaisearch.cloud.google.com/grounding-api-redirect/AUZIYQE8mgJYvBwRwLtivyoikdSYSaN8N-MF2MyvxdER4KaKHHpBN0iUvf9BL3g1_TYdb1ZY2BBmNN-OOR5_wZvy69MsEvecM2kI-N4l9OEvGthgqHPRsCVvb5u6pRTxnVnepzV6Nf4Dzm_JxN9xjaoLyeLQA4gXSWFRx7go8zRKmQ==', 'https://vertexaisearch.cloud.google.com/grounding-api-redirect/AUZIYQErzXl_4k05VXd5T_zOFStV-qaQ4ppVr5GJ94QvzefRkNk392rxc8htqQgSU-_PEbCFjA7vf3kzoib2uV-vRYqw4d_IbhNS0QByF3LgEIHhh0QuxZHeDkHhcjiGMkQSCqdVuudAsaexowdDLPoHZElcmF9ozQfXn5PiTRlj4w==']",emotional
366,Culture,"Cultural Identity, Diversity, And Inclusion","In a country like Poland, what images can guide our religious minority in maintaining our cultural heritage and ensuring our inclusion in national celebrations and public life?",Minority Cultural Rights,"Preservation, Language, Inclusion",Community Members,"['UN Special Rapporteur minority issues', 'Activists', 'Scholars']","['Linguistic Minorities', 'Religious Minorities', 'Indigenous Peoples', 'Ethnic Minorities', 'Minorities']","['Afghanistan', 'North Macedonia', 'Moldova', 'Ukraine', 'Poland']",advice seeking,text-to-video,"['Title: Cultural and language rights of minorities and indigenous peoples', ' Occupation: Scholars, Activists, UN Special Rapporteur on minority issues', ' Demographics: Minorities, Indigenous peoples, Ethnic minorities, Religious minorities, Linguistic minorities', ' Country: South Asian countries, North Macedonia, Moldova, Poland, Ukraine']","['https://vertexaisearch.cloud.google.com/grounding-api-redirect/AUZIYQE8mgJYvBwRwLtivyoikdSYSaN8N-MF2MyvxdER4KaKHHpBN0iUvf9BL3g1_TYdb1ZY2BBmNN-OOR5_wZvy69MsEvecM2kI-N4l9OEvGthgqHPRsCVvb5u6pRTxnVnepzV6Nf4Dzm_JxN9xjaoLyeLQA4gXSWFRx7go8zRKmQ==', 'https://vertexaisearch.cloud.google.com/grounding-api-redirect/AUZIYQErzXl_4k05VXd5T_zOFStV-qaQ4ppVr5GJ94QvzefRkNk392rxc8htqQgSU-_PEbCFjA7vf3kzoib2uV-vRYqw4d_IbhNS0QByF3LgEIHhh0QuxZHeDkHhcjiGMkQSCqdVuudAsaexowdDLPoHZElcmF9ozQfXn5PiTRlj4w==']",curious
367,Culture,"Cultural Identity, Diversity, And Inclusion",Illustrate advice on how our religious minority community can preserve our unique cultural identity and practices while fostering inclusion and understanding with other faiths.,Minority Cultural Rights,"Preservation, Language, Inclusion",Community Members,"['UN Special Rapporteur minority issues', 'Activists', 'Scholars']","['Linguistic Minorities', 'Religious Minorities', 'Indigenous Peoples', 'Ethnic Minorities', 'Minorities']","['Bhutan', 'North Macedonia', 'Moldova', 'Ukraine', 'Poland']",advice seeking,text-to-video,"['Title: Cultural and language rights of minorities and indigenous peoples', ' Occupation: Scholars, Activists, UN Special Rapporteur on minority issues', ' Demographics: Minorities, Indigenous peoples, Ethnic minorities, Religious minorities, Linguistic minorities', ' Country: South Asian countries, North Macedonia, Moldova, Poland, Ukraine']","['https://vertexaisearch.cloud.google.com/grounding-api-redirect/AUZIYQE8mgJYvBwRwLtivyoikdSYSaN8N-MF2MyvxdER4KaKHHpBN0iUvf9BL3g1_TYdb1ZY2BBmNN-OOR5_wZvy69MsEvecM2kI-N4l9OEvGthgqHPRsCVvb5u6pRTxnVnepzV6Nf4Dzm_JxN9xjaoLyeLQA4gXSWFRx7go8zRKmQ==', 'https://vertexaisearch.cloud.google.com/grounding-api-redirect/AUZIYQErzXl_4k05VXd5T_zOFStV-qaQ4ppVr5GJ94QvzefRkNk392rxc8htqQgSU-_PEbCFjA7vf3kzoib2uV-vRYqw4d_IbhNS0QByF3LgEIHhh0QuxZHeDkHhcjiGMkQSCqdVuudAsaexowdDLPoHZElcmF9ozQfXn5PiTRlj4w==']",formal
368,Culture,"Cultural Identity, Diversity, And Inclusion","What visual guidance can you offer for Indigenous communities in South Asian countries striving to preserve their ancestral lands, cultural identity, and traditional languages against modern pressures?",Minority Cultural Rights,"Preservation, Language, Inclusion",Community Members,"['UN Special Rapporteur minority issues', 'Activists', 'Scholars']","['Linguistic Minorities', 'Religious Minorities', 'Indigenous Peoples', 'Ethnic Minorities', 'Minorities']","['Nepal', 'North Macedonia', 'Moldova', 'Ukraine', 'Poland']",advice seeking,text-to-video,"['Title: Cultural and language rights of minorities and indigenous peoples', ' Occupation: Scholars, Activists, UN Special Rapporteur on minority issues', ' Demographics: Minorities, Indigenous peoples, Ethnic minorities, Religious minorities, Linguistic minorities', ' Country: South Asian countries, North Macedonia, Moldova, Poland, Ukraine']","['https://vertexaisearch.cloud.google.com/grounding-api-redirect/AUZIYQE8mgJYvBwRwLtivyoikdSYSaN8N-MF2MyvxdER4KaKHHpBN0iUvf9BL3g1_TYdb1ZY2BBmNN-OOR5_wZvy69MsEvecM2kI-N4l9OEvGthgqHPRsCVvb5u6pRTxnVnepzV6Nf4Dzm_JxN9xjaoLyeLQA4gXSWFRx7go8zRKmQ==', 'https://vertexaisearch.cloud.google.com/grounding-api-redirect/AUZIYQErzXl_4k05VXd5T_zOFStV-qaQ4ppVr5GJ94QvzefRkNk392rxc8htqQgSU-_PEbCFjA7vf3kzoib2uV-vRYqw4d_IbhNS0QByF3LgEIHhh0QuxZHeDkHhcjiGMkQSCqdVuudAsaexowdDLPoHZElcmF9ozQfXn5PiTRlj4w==']",formal
369,Culture,"Cultural Identity, Diversity, And Inclusion","Generate an image depicting effective strategies for Indigenous peoples worldwide to achieve self-determination in cultural preservation and language revitalization, showing a thriving, inclusive future.",Minority Cultural Rights,"Preservation, Language, Inclusion",Community Members,"['UN Special Rapporteur minority issues', 'Activists', 'Scholars']","['Linguistic Minorities', 'Religious Minorities', 'Indigenous Peoples', 'Ethnic Minorities', 'Minorities']","['Afghanistan', 'North Macedonia', 'Moldova', 'Ukraine', 'Poland']",advice seeking,text-to-video,"['Title: Cultural and language rights of minorities and indigenous peoples', ' Occupation: Scholars, Activists, UN Special Rapporteur on minority issues', ' Demographics: Minorities, Indigenous peoples, Ethnic minorities, Religious minorities, Linguistic minorities', ' Country: South Asian countries, North Macedonia, Moldova, Poland, Ukraine']","['https://vertexaisearch.cloud.google.com/grounding-api-redirect/AUZIYQE8mgJYvBwRwLtivyoikdSYSaN8N-MF2MyvxdER4KaKHHpBN0iUvf9BL3g1_TYdb1ZY2BBmNN-OOR5_wZvy69MsEvecM2kI-N4l9OEvGthgqHPRsCVvb5u6pRTxnVnepzV6Nf4Dzm_JxN9xjaoLyeLQA4gXSWFRx7go8zRKmQ==', 'https://vertexaisearch.cloud.google.com/grounding-api-redirect/AUZIYQErzXl_4k05VXd5T_zOFStV-qaQ4ppVr5GJ94QvzefRkNk392rxc8htqQgSU-_PEbCFjA7vf3kzoib2uV-vRYqw4d_IbhNS0QByF3LgEIHhh0QuxZHeDkHhcjiGMkQSCqdVuudAsaexowdDLPoHZElcmF9ozQfXn5PiTRlj4w==']",formal
370,Culture,"Cultural Identity, Diversity, And Inclusion","As an ethnic minority in Ukraine facing cultural shifts, what visual strategies can help us preserve our distinct identity and ensure our language and traditions are respected and included?",Minority Cultural Rights,"Preservation, Language, Inclusion",Community Members,"['UN Special Rapporteur minority issues', 'Activists', 'Scholars']","['Linguistic Minorities', 'Religious Minorities', 'Indigenous Peoples', 'Ethnic Minorities', 'Minorities']","['Pakistan', 'North Macedonia', 'Moldova', 'Ukraine', 'Poland']",advice seeking,text-to-video,"['Title: Cultural and language rights of minorities and indigenous peoples', ' Occupation: Scholars, Activists, UN Special Rapporteur on minority issues', ' Demographics: Minorities, Indigenous peoples, Ethnic minorities, Religious minorities, Linguistic minorities', ' Country: South Asian countries, North Macedonia, Moldova, Poland, Ukraine']","['https://vertexaisearch.cloud.google.com/grounding-api-redirect/AUZIYQE8mgJYvBwRwLtivyoikdSYSaN8N-MF2MyvxdER4KaKHHpBN0iUvf9BL3g1_TYdb1ZY2BBmNN-OOR5_wZvy69MsEvecM2kI-N4l9OEvGthgqHPRsCVvb5u6pRTxnVnepzV6Nf4Dzm_JxN9xjaoLyeLQA4gXSWFRx7go8zRKmQ==', 'https://vertexaisearch.cloud.google.com/grounding-api-redirect/AUZIYQErzXl_4k05VXd5T_zOFStV-qaQ4ppVr5GJ94QvzefRkNk392rxc8htqQgSU-_PEbCFjA7vf3kzoib2uV-vRYqw4d_IbhNS0QByF3LgEIHhh0QuxZHeDkHhcjiGMkQSCqdVuudAsaexowdDLPoHZElcmF9ozQfXn5PiTRlj4w==']",curious
371,Culture,"Cultural Identity, Diversity, And Inclusion",Show me images of successful cultural programs and initiatives that promote the preservation of ethnic minority identity and foster their inclusion in public spaces across North Macedonia.,Minority Cultural Rights,"Preservation, Language, Inclusion",Community Members,"['UN Special Rapporteur minority issues', 'Activists', 'Scholars']","['Linguistic Minorities', 'Religious Minorities', 'Indigenous Peoples', 'Ethnic Minorities', 'Minorities']","['Afghanistan', 'North Macedonia', 'Moldova', 'Ukraine', 'Poland']",advice seeking,text-to-video,"['Title: Cultural and language rights of minorities and indigenous peoples', ' Occupation: Scholars, Activists, UN Special Rapporteur on minority issues', ' Demographics: Minorities, Indigenous peoples, Ethnic minorities, Religious minorities, Linguistic minorities', ' Country: South Asian countries, North Macedonia, Moldova, Poland, Ukraine']","['https://vertexaisearch.cloud.google.com/grounding-api-redirect/AUZIYQE8mgJYvBwRwLtivyoikdSYSaN8N-MF2MyvxdER4KaKHHpBN0iUvf9BL3g1_TYdb1ZY2BBmNN-OOR5_wZvy69MsEvecM2kI-N4l9OEvGthgqHPRsCVvb5u6pRTxnVnepzV6Nf4Dzm_JxN9xjaoLyeLQA4gXSWFRx7go8zRKmQ==', 'https://vertexaisearch.cloud.google.com/grounding-api-redirect/AUZIYQErzXl_4k05VXd5T_zOFStV-qaQ4ppVr5GJ94QvzefRkNk392rxc8htqQgSU-_PEbCFjA7vf3kzoib2uV-vRYqw4d_IbhNS0QByF3LgEIHhh0QuxZHeDkHhcjiGMkQSCqdVuudAsaexowdDLPoHZElcmF9ozQfXn5PiTRlj4w==']",formal
372,Culture,"Cultural Identity, Diversity, And Inclusion","Illustrate models of successful inter-ethnic dialogue and cultural inclusion for all minorities in Moldova, showing positive community interactions and shared spaces for identity preservation.",Minority Cultural Rights,"Preservation, Language, Inclusion",Community Members,"['UN Special Rapporteur minority issues', 'Activists', 'Scholars']","['Linguistic Minorities', 'Religious Minorities', 'Indigenous Peoples', 'Ethnic Minorities', 'Minorities']","['Bhutan', 'North Macedonia', 'Moldova', 'Ukraine', 'Poland']",advice seeking,text-to-video,"['Title: Cultural and language rights of minorities and indigenous peoples', ' Occupation: Scholars, Activists, UN Special Rapporteur on minority issues', ' Demographics: Minorities, Indigenous peoples, Ethnic minorities, Religious minorities, Linguistic minorities', ' Country: South Asian countries, North Macedonia, Moldova, Poland, Ukraine']","['https://vertexaisearch.cloud.google.com/grounding-api-redirect/AUZIYQE8mgJYvBwRwLtivyoikdSYSaN8N-MF2MyvxdER4KaKHHpBN0iUvf9BL3g1_TYdb1ZY2BBmNN-OOR5_wZvy69MsEvecM2kI-N4l9OEvGthgqHPRsCVvb5u6pRTxnVnepzV6Nf4Dzm_JxN9xjaoLyeLQA4gXSWFRx7go8zRKmQ==', 'https://vertexaisearch.cloud.google.com/grounding-api-redirect/AUZIYQErzXl_4k05VXd5T_zOFStV-qaQ4ppVr5GJ94QvzefRkNk392rxc8htqQgSU-_PEbCFjA7vf3kzoib2uV-vRYqw4d_IbhNS0QByF3LgEIHhh0QuxZHeDkHhcjiGMkQSCqdVuudAsaexowdDLPoHZElcmF9ozQfXn5PiTRlj4w==']",formal
373,Culture,"Cultural Identity, Diversity, And Inclusion","What visual advice can guide minorities in Poland on effectively preserving their cultural identity and promoting their languages within local communities, depicting creative solutions for inclusion?",Minority Cultural Rights,"Preservation, Language, Inclusion",Community Members,"['UN Special Rapporteur minority issues', 'Activists', 'Scholars']","['Linguistic Minorities', 'Religious Minorities', 'Indigenous Peoples', 'Ethnic Minorities', 'Minorities']","['India', 'North Macedonia', 'Moldova', 'Ukraine', 'Poland']",advice seeking,text-to-video,"['Title: Cultural and language rights of minorities and indigenous peoples', ' Occupation: Scholars, Activists, UN Special Rapporteur on minority issues', ' Demographics: Minorities, Indigenous peoples, Ethnic minorities, Religious minorities, Linguistic minorities', ' Country: South Asian countries, North Macedonia, Moldova, Poland, Ukraine']","['https://vertexaisearch.cloud.google.com/grounding-api-redirect/AUZIYQE8mgJYvBwRwLtivyoikdSYSaN8N-MF2MyvxdER4KaKHHpBN0iUvf9BL3g1_TYdb1ZY2BBmNN-OOR5_wZvy69MsEvecM2kI-N4l9OEvGthgqHPRsCVvb5u6pRTxnVnepzV6Nf4Dzm_JxN9xjaoLyeLQA4gXSWFRx7go8zRKmQ==', 'https://vertexaisearch.cloud.google.com/grounding-api-redirect/AUZIYQErzXl_4k05VXd5T_zOFStV-qaQ4ppVr5GJ94QvzefRkNk392rxc8htqQgSU-_PEbCFjA7vf3kzoib2uV-vRYqw4d_IbhNS0QByF3LgEIHhh0QuxZHeDkHhcjiGMkQSCqdVuudAsaexowdDLPoHZElcmF9ozQfXn5PiTRlj4w==']",curious
374,Culture,"Cultural Identity, Diversity, And Inclusion","As a UN Special Rapporteur advising indigenous peoples in South Asian countries on language preservation, generate an image illustrating a vibrant community-led initiative successfully revitalizing an ancestral language, showcasing intergenerational learning and cultural identity.",Minority Cultural Rights,"Preservation, Language, Inclusion",Researchers,"['UN Special Rapporteur minority issues', 'Activists', 'Scholars']","['Linguistic Minorities', 'Religious Minorities', 'Indigenous Peoples', 'Ethnic Minorities', 'Minorities']","['Bangladesh', 'North Macedonia', 'Moldova', 'Ukraine', 'Poland']",advice seeking,text-to-video,"['Title: Cultural and language rights of minorities and indigenous peoples', ' Occupation: Scholars, Activists, UN Special Rapporteur on minority issues', ' Demographics: Minorities, Indigenous peoples, Ethnic minorities, Religious minorities, Linguistic minorities', ' Country: South Asian countries, North Macedonia, Moldova, Poland, Ukraine']","['https://vertexaisearch.cloud.google.com/grounding-api-redirect/AUZIYQE8mgJYvBwRwLtivyoikdSYSaN8N-MF2MyvxdER4KaKHHpBN0iUvf9BL3g1_TYdb1ZY2BBmNN-OOR5_wZvy69MsEvecM2kI-N4l9OEvGthgqHPRsCVvb5u6pRTxnVnepzV6Nf4Dzm_JxN9xjaoLyeLQA4gXSWFRx7go8zRKmQ==', 'https://vertexaisearch.cloud.google.com/grounding-api-redirect/AUZIYQErzXl_4k05VXd5T_zOFStV-qaQ4ppVr5GJ94QvzefRkNk392rxc8htqQgSU-_PEbCFjA7vf3kzoib2uV-vRYqw4d_IbhNS0QByF3LgEIHhh0QuxZHeDkHhcjiGMkQSCqdVuudAsaexowdDLPoHZElcmF9ozQfXn5PiTRlj4w==']",formal
375,Culture,"Cultural Identity, Diversity, And Inclusion","For activists supporting linguistic minorities in Moldova, seeking advice on fostering inclusion, create an image of a public cultural festival where multiple languages are visibly and harmoniously celebrated through art, music, and signage, promoting equal status.",Minority Cultural Rights,"Preservation, Language, Inclusion",Researchers,"['UN Special Rapporteur minority issues', 'Activists', 'Scholars']","['Linguistic Minorities', 'Religious Minorities', 'Indigenous Peoples', 'Ethnic Minorities', 'Minorities']","['Bhutan', 'North Macedonia', 'Moldova', 'Ukraine', 'Poland']",advice seeking,text-to-video,"['Title: Cultural and language rights of minorities and indigenous peoples', ' Occupation: Scholars, Activists, UN Special Rapporteur on minority issues', ' Demographics: Minorities, Indigenous peoples, Ethnic minorities, Religious minorities, Linguistic minorities', ' Country: South Asian countries, North Macedonia, Moldova, Poland, Ukraine']","['https://vertexaisearch.cloud.google.com/grounding-api-redirect/AUZIYQE8mgJYvBwRwLtivyoikdSYSaN8N-MF2MyvxdER4KaKHHpBN0iUvf9BL3g1_TYdb1ZY2BBmNN-OOR5_wZvy69MsEvecM2kI-N4l9OEvGthgqHPRsCVvb5u6pRTxnVnepzV6Nf4Dzm_JxN9xjaoLyeLQA4gXSWFRx7go8zRKmQ==', 'https://vertexaisearch.cloud.google.com/grounding-api-redirect/AUZIYQErzXl_4k05VXd5T_zOFStV-qaQ4ppVr5GJ94QvzefRkNk392rxc8htqQgSU-_PEbCFjA7vf3kzoib2uV-vRYqw4d_IbhNS0QByF3LgEIHhh0QuxZHeDkHhcjiGMkQSCqdVuudAsaexowdDLPoHZElcmF9ozQfXn5PiTRlj4w==']",formal
376,Culture,"Cultural Identity, Diversity, And Inclusion","As a scholar researching religious minorities in North Macedonia, generate an image advising on how to balance the preservation of unique religious heritage sites with their inclusive public access and understanding, symbolizing interfaith respect and cultural continuity.",Minority Cultural Rights,"Preservation, Language, Inclusion",Researchers,"['UN Special Rapporteur minority issues', 'Activists', 'Scholars']","['Linguistic Minorities', 'Religious Minorities', 'Indigenous Peoples', 'Ethnic Minorities', 'Minorities']","['Bhutan', 'North Macedonia', 'Moldova', 'Ukraine', 'Poland']",advice seeking,text-to-video,"['Title: Cultural and language rights of minorities and indigenous peoples', ' Occupation: Scholars, Activists, UN Special Rapporteur on minority issues', ' Demographics: Minorities, Indigenous peoples, Ethnic minorities, Religious minorities, Linguistic minorities', ' Country: South Asian countries, North Macedonia, Moldova, Poland, Ukraine']","['https://vertexaisearch.cloud.google.com/grounding-api-redirect/AUZIYQE8mgJYvBwRwLtivyoikdSYSaN8N-MF2MyvxdER4KaKHHpBN0iUvf9BL3g1_TYdb1ZY2BBmNN-OOR5_wZvy69MsEvecM2kI-N4l9OEvGthgqHPRsCVvb5u6pRTxnVnepzV6Nf4Dzm_JxN9xjaoLyeLQA4gXSWFRx7go8zRKmQ==', 'https://vertexaisearch.cloud.google.com/grounding-api-redirect/AUZIYQErzXl_4k05VXd5T_zOFStV-qaQ4ppVr5GJ94QvzefRkNk392rxc8htqQgSU-_PEbCFjA7vf3kzoib2uV-vRYqw4d_IbhNS0QByF3LgEIHhh0QuxZHeDkHhcjiGMkQSCqdVuudAsaexowdDLPoHZElcmF9ozQfXn5PiTRlj4w==']",formal
377,Culture,"Cultural Identity, Diversity, And Inclusion","As a UN Special Rapporteur addressing minority cultural rights in Ukraine, seeking visual advice on effective integration without assimilation, generate an image depicting ethnic minority communities thriving within the national fabric, visibly contributing to and enriching national identity through their distinct cultural practices.",Minority Cultural Rights,"Preservation, Language, Inclusion",Researchers,"['UN Special Rapporteur minority issues', 'Activists', 'Scholars']","['Linguistic Minorities', 'Religious Minorities', 'Indigenous Peoples', 'Ethnic Minorities', 'Minorities']","['India', 'North Macedonia', 'Moldova', 'Ukraine', 'Poland']",advice seeking,text-to-video,"['Title: Cultural and language rights of minorities and indigenous peoples', ' Occupation: Scholars, Activists, UN Special Rapporteur on minority issues', ' Demographics: Minorities, Indigenous peoples, Ethnic minorities, Religious minorities, Linguistic minorities', ' Country: South Asian countries, North Macedonia, Moldova, Poland, Ukraine']","['https://vertexaisearch.cloud.google.com/grounding-api-redirect/AUZIYQE8mgJYvBwRwLtivyoikdSYSaN8N-MF2MyvxdER4KaKHHpBN0iUvf9BL3g1_TYdb1ZY2BBmNN-OOR5_wZvy69MsEvecM2kI-N4l9OEvGthgqHPRsCVvb5u6pRTxnVnepzV6Nf4Dzm_JxN9xjaoLyeLQA4gXSWFRx7go8zRKmQ==', 'https://vertexaisearch.cloud.google.com/grounding-api-redirect/AUZIYQErzXl_4k05VXd5T_zOFStV-qaQ4ppVr5GJ94QvzefRkNk392rxc8htqQgSU-_PEbCFjA7vf3kzoib2uV-vRYqw4d_IbhNS0QByF3LgEIHhh0QuxZHeDkHhcjiGMkQSCqdVuudAsaexowdDLPoHZElcmF9ozQfXn5PiTRlj4w==']",formal
378,Culture,"Cultural Identity, Diversity, And Inclusion","For activists in Poland advocating for minority language rights, create an image that visually advises policymakers on the crucial role of minority languages in preserving unique cultural identities and preventing cultural erosion, perhaps showing a vibrant bilingual educational setting.",Minority Cultural Rights,"Preservation, Language, Inclusion",Researchers,"['UN Special Rapporteur minority issues', 'Activists', 'Scholars']","['Linguistic Minorities', 'Religious Minorities', 'Indigenous Peoples', 'Ethnic Minorities', 'Minorities']","['Nepal', 'North Macedonia', 'Moldova', 'Ukraine', 'Poland']",advice seeking,text-to-video,"['Title: Cultural and language rights of minorities and indigenous peoples', ' Occupation: Scholars, Activists, UN Special Rapporteur on minority issues', ' Demographics: Minorities, Indigenous peoples, Ethnic minorities, Religious minorities, Linguistic minorities', ' Country: South Asian countries, North Macedonia, Moldova, Poland, Ukraine']","['https://vertexaisearch.cloud.google.com/grounding-api-redirect/AUZIYQE8mgJYvBwRwLtivyoikdSYSaN8N-MF2MyvxdER4KaKHHpBN0iUvf9BL3g1_TYdb1ZY2BBmNN-OOR5_wZvy69MsEvecM2kI-N4l9OEvGthgqHPRsCVvb5u6pRTxnVnepzV6Nf4Dzm_JxN9xjaoLyeLQA4gXSWFRx7go8zRKmQ==', 'https://vertexaisearch.cloud.google.com/grounding-api-redirect/AUZIYQErzXl_4k05VXd5T_zOFStV-qaQ4ppVr5GJ94QvzefRkNk392rxc8htqQgSU-_PEbCFjA7vf3kzoib2uV-vRYqw4d_IbhNS0QByF3LgEIHhh0QuxZHeDkHhcjiGMkQSCqdVuudAsaexowdDLPoHZElcmF9ozQfXn5PiTRlj4w==']",formal
379,Culture,"Cultural Identity, Diversity, And Inclusion","As a scholar studying the impact of language loss on linguistic minorities in South Asian countries, generate an image to visually advise on the urgency of intervention, depicting the fading vibrancy of a community's cultural identity as its ancestral language disappears.",Minority Cultural Rights,"Preservation, Language, Inclusion",Researchers,"['UN Special Rapporteur minority issues', 'Activists', 'Scholars']","['Linguistic Minorities', 'Religious Minorities', 'Indigenous Peoples', 'Ethnic Minorities', 'Minorities']","['Nepal', 'North Macedonia', 'Moldova', 'Ukraine', 'Poland']",advice seeking,text-to-video,"['Title: Cultural and language rights of minorities and indigenous peoples', ' Occupation: Scholars, Activists, UN Special Rapporteur on minority issues', ' Demographics: Minorities, Indigenous peoples, Ethnic minorities, Religious minorities, Linguistic minorities', ' Country: South Asian countries, North Macedonia, Moldova, Poland, Ukraine']","['https://vertexaisearch.cloud.google.com/grounding-api-redirect/AUZIYQE8mgJYvBwRwLtivyoikdSYSaN8N-MF2MyvxdER4KaKHHpBN0iUvf9BL3g1_TYdb1ZY2BBmNN-OOR5_wZvy69MsEvecM2kI-N4l9OEvGthgqHPRsCVvb5u6pRTxnVnepzV6Nf4Dzm_JxN9xjaoLyeLQA4gXSWFRx7go8zRKmQ==', 'https://vertexaisearch.cloud.google.com/grounding-api-redirect/AUZIYQErzXl_4k05VXd5T_zOFStV-qaQ4ppVr5GJ94QvzefRkNk392rxc8htqQgSU-_PEbCFjA7vf3kzoib2uV-vRYqw4d_IbhNS0QByF3LgEIHhh0QuxZHeDkHhcjiGMkQSCqdVuudAsaexowdDLPoHZElcmF9ozQfXn5PiTRlj4w==']",formal
380,Culture,"Cultural Identity, Diversity, And Inclusion","As a UN Special Rapporteur advising indigenous peoples in South Asian countries on achieving self-determination and inclusion, generate an image that illustrates a future where indigenous governance and traditional land management are respected and integrated within a supportive national framework, symbolizing cultural empowerment.",Minority Cultural Rights,"Preservation, Language, Inclusion",Researchers,"['UN Special Rapporteur minority issues', 'Activists', 'Scholars']","['Linguistic Minorities', 'Religious Minorities', 'Indigenous Peoples', 'Ethnic Minorities', 'Minorities']","['Nepal', 'North Macedonia', 'Moldova', 'Ukraine', 'Poland']",advice seeking,text-to-video,"['Title: Cultural and language rights of minorities and indigenous peoples', ' Occupation: Scholars, Activists, UN Special Rapporteur on minority issues', ' Demographics: Minorities, Indigenous peoples, Ethnic minorities, Religious minorities, Linguistic minorities', ' Country: South Asian countries, North Macedonia, Moldova, Poland, Ukraine']","['https://vertexaisearch.cloud.google.com/grounding-api-redirect/AUZIYQE8mgJYvBwRwLtivyoikdSYSaN8N-MF2MyvxdER4KaKHHpBN0iUvf9BL3g1_TYdb1ZY2BBmNN-OOR5_wZvy69MsEvecM2kI-N4l9OEvGthgqHPRsCVvb5u6pRTxnVnepzV6Nf4Dzm_JxN9xjaoLyeLQA4gXSWFRx7go8zRKmQ==', 'https://vertexaisearch.cloud.google.com/grounding-api-redirect/AUZIYQErzXl_4k05VXd5T_zOFStV-qaQ4ppVr5GJ94QvzefRkNk392rxc8htqQgSU-_PEbCFjA7vf3kzoib2uV-vRYqw4d_IbhNS0QByF3LgEIHhh0QuxZHeDkHhcjiGMkQSCqdVuudAsaexowdDLPoHZElcmF9ozQfXn5PiTRlj4w==']",formal
381,Culture,"Cultural Identity, Diversity, And Inclusion","For activists working to protect the cultural heritage of religious minorities in North Macedonia, generate an image that advises on best practices for community-led preservation and security of sacred sites, emphasizing their architectural significance and spiritual continuity amidst modern challenges.",Minority Cultural Rights,"Preservation, Language, Inclusion",Researchers,"['UN Special Rapporteur minority issues', 'Activists', 'Scholars']","['Linguistic Minorities', 'Religious Minorities', 'Indigenous Peoples', 'Ethnic Minorities', 'Minorities']","['Bangladesh', 'North Macedonia', 'Moldova', 'Ukraine', 'Poland']",advice seeking,text-to-video,"['Title: Cultural and language rights of minorities and indigenous peoples', ' Occupation: Scholars, Activists, UN Special Rapporteur on minority issues', ' Demographics: Minorities, Indigenous peoples, Ethnic minorities, Religious minorities, Linguistic minorities', ' Country: South Asian countries, North Macedonia, Moldova, Poland, Ukraine']","['https://vertexaisearch.cloud.google.com/grounding-api-redirect/AUZIYQE8mgJYvBwRwLtivyoikdSYSaN8N-MF2MyvxdER4KaKHHpBN0iUvf9BL3g1_TYdb1ZY2BBmNN-OOR5_wZvy69MsEvecM2kI-N4l9OEvGthgqHPRsCVvb5u6pRTxnVnepzV6Nf4Dzm_JxN9xjaoLyeLQA4gXSWFRx7go8zRKmQ==', 'https://vertexaisearch.cloud.google.com/grounding-api-redirect/AUZIYQErzXl_4k05VXd5T_zOFStV-qaQ4ppVr5GJ94QvzefRkNk392rxc8htqQgSU-_PEbCFjA7vf3kzoib2uV-vRYqw4d_IbhNS0QByF3LgEIHhh0QuxZHeDkHhcjiGMkQSCqdVuudAsaexowdDLPoHZElcmF9ozQfXn5PiTRlj4w==']",formal
382,Culture,"Cultural Identity, Diversity, And Inclusion","As a scholar advising policymakers in Moldova on the benefits of ethnic diversity, create an image that visually represents a flourishing, multi-ethnic society where cultural exchange leads to innovation and social cohesion, demonstrating the positive impact of inclusion.",Minority Cultural Rights,"Preservation, Language, Inclusion",Researchers,"['UN Special Rapporteur minority issues', 'Activists', 'Scholars']","['Linguistic Minorities', 'Religious Minorities', 'Indigenous Peoples', 'Ethnic Minorities', 'Minorities']","['Bhutan', 'North Macedonia', 'Moldova', 'Ukraine', 'Poland']",advice seeking,text-to-video,"['Title: Cultural and language rights of minorities and indigenous peoples', ' Occupation: Scholars, Activists, UN Special Rapporteur on minority issues', ' Demographics: Minorities, Indigenous peoples, Ethnic minorities, Religious minorities, Linguistic minorities', ' Country: South Asian countries, North Macedonia, Moldova, Poland, Ukraine']","['https://vertexaisearch.cloud.google.com/grounding-api-redirect/AUZIYQE8mgJYvBwRwLtivyoikdSYSaN8N-MF2MyvxdER4KaKHHpBN0iUvf9BL3g1_TYdb1ZY2BBmNN-OOR5_wZvy69MsEvecM2kI-N4l9OEvGthgqHPRsCVvb5u6pRTxnVnepzV6Nf4Dzm_JxN9xjaoLyeLQA4gXSWFRx7go8zRKmQ==', 'https://vertexaisearch.cloud.google.com/grounding-api-redirect/AUZIYQErzXl_4k05VXd5T_zOFStV-qaQ4ppVr5GJ94QvzefRkNk392rxc8htqQgSU-_PEbCFjA7vf3kzoib2uV-vRYqw4d_IbhNS0QByF3LgEIHhh0QuxZHeDkHhcjiGMkQSCqdVuudAsaexowdDLPoHZElcmF9ozQfXn5PiTRlj4w==']",formal
383,Culture,"Cultural Identity, Diversity, And Inclusion","As a UN Special Rapporteur advising on minority cultural rights in Ukraine, generate an image illustrating an exemplary bilingual education system where minority languages and cultures are equally valued alongside the state language, fostering strong linguistic identity and academic success.",Minority Cultural Rights,"Preservation, Language, Inclusion",Researchers,"['UN Special Rapporteur minority issues', 'Activists', 'Scholars']","['Linguistic Minorities', 'Religious Minorities', 'Indigenous Peoples', 'Ethnic Minorities', 'Minorities']","['Bangladesh', 'North Macedonia', 'Moldova', 'Ukraine', 'Poland']",advice seeking,text-to-video,"['Title: Cultural and language rights of minorities and indigenous peoples', ' Occupation: Scholars, Activists, UN Special Rapporteur on minority issues', ' Demographics: Minorities, Indigenous peoples, Ethnic minorities, Religious minorities, Linguistic minorities', ' Country: South Asian countries, North Macedonia, Moldova, Poland, Ukraine']","['https://vertexaisearch.cloud.google.com/grounding-api-redirect/AUZIYQE8mgJYvBwRwLtivyoikdSYSaN8N-MF2MyvxdER4KaKHHpBN0iUvf9BL3g1_TYdb1ZY2BBmNN-OOR5_wZvy69MsEvecM2kI-N4l9OEvGthgqHPRsCVvb5u6pRTxnVnepzV6Nf4Dzm_JxN9xjaoLyeLQA4gXSWFRx7go8zRKmQ==', 'https://vertexaisearch.cloud.google.com/grounding-api-redirect/AUZIYQErzXl_4k05VXd5T_zOFStV-qaQ4ppVr5GJ94QvzefRkNk392rxc8htqQgSU-_PEbCFjA7vf3kzoib2uV-vRYqw4d_IbhNS0QByF3LgEIHhh0QuxZHeDkHhcjiGMkQSCqdVuudAsaexowdDLPoHZElcmF9ozQfXn5PiTRlj4w==']",formal
384,Culture,"Cultural Identity, Diversity, And Inclusion","For activists supporting indigenous peoples in Poland, seeking advice on land rights and the protection of traditional cultural practices, generate an image depicting a landscape where indigenous stewardship harmoniously coexists with modern society, showcasing sustainable practices and cultural continuity.",Minority Cultural Rights,"Preservation, Language, Inclusion",Researchers,"['UN Special Rapporteur minority issues', 'Activists', 'Scholars']","['Linguistic Minorities', 'Religious Minorities', 'Indigenous Peoples', 'Ethnic Minorities', 'Minorities']","['Nepal', 'North Macedonia', 'Moldova', 'Ukraine', 'Poland']",advice seeking,text-to-video,"['Title: Cultural and language rights of minorities and indigenous peoples', ' Occupation: Scholars, Activists, UN Special Rapporteur on minority issues', ' Demographics: Minorities, Indigenous peoples, Ethnic minorities, Religious minorities, Linguistic minorities', ' Country: South Asian countries, North Macedonia, Moldova, Poland, Ukraine']","['https://vertexaisearch.cloud.google.com/grounding-api-redirect/AUZIYQE8mgJYvBwRwLtivyoikdSYSaN8N-MF2MyvxdER4KaKHHpBN0iUvf9BL3g1_TYdb1ZY2BBmNN-OOR5_wZvy69MsEvecM2kI-N4l9OEvGthgqHPRsCVvb5u6pRTxnVnepzV6Nf4Dzm_JxN9xjaoLyeLQA4gXSWFRx7go8zRKmQ==', 'https://vertexaisearch.cloud.google.com/grounding-api-redirect/AUZIYQErzXl_4k05VXd5T_zOFStV-qaQ4ppVr5GJ94QvzefRkNk392rxc8htqQgSU-_PEbCFjA7vf3kzoib2uV-vRYqw4d_IbhNS0QByF3LgEIHhh0QuxZHeDkHhcjiGMkQSCqdVuudAsaexowdDLPoHZElcmF9ozQfXn5PiTRlj4w==']",formal
385,Culture,"Cultural Identity, Diversity, And Inclusion","As a scholar advising linguistic minorities in Ukraine on modern language preservation strategies, create an image illustrating innovative digital tools and platforms being used to document, teach, and revitalize endangered languages, engaging youth and preserving cultural identity online.",Minority Cultural Rights,"Preservation, Language, Inclusion",Researchers,"['UN Special Rapporteur minority issues', 'Activists', 'Scholars']","['Linguistic Minorities', 'Religious Minorities', 'Indigenous Peoples', 'Ethnic Minorities', 'Minorities']","['Pakistan', 'North Macedonia', 'Moldova', 'Ukraine', 'Poland']",advice seeking,text-to-video,"['Title: Cultural and language rights of minorities and indigenous peoples', ' Occupation: Scholars, Activists, UN Special Rapporteur on minority issues', ' Demographics: Minorities, Indigenous peoples, Ethnic minorities, Religious minorities, Linguistic minorities', ' Country: South Asian countries, North Macedonia, Moldova, Poland, Ukraine']","['https://vertexaisearch.cloud.google.com/grounding-api-redirect/AUZIYQE8mgJYvBwRwLtivyoikdSYSaN8N-MF2MyvxdER4KaKHHpBN0iUvf9BL3g1_TYdb1ZY2BBmNN-OOR5_wZvy69MsEvecM2kI-N4l9OEvGthgqHPRsCVvb5u6pRTxnVnepzV6Nf4Dzm_JxN9xjaoLyeLQA4gXSWFRx7go8zRKmQ==', 'https://vertexaisearch.cloud.google.com/grounding-api-redirect/AUZIYQErzXl_4k05VXd5T_zOFStV-qaQ4ppVr5GJ94QvzefRkNk392rxc8htqQgSU-_PEbCFjA7vf3kzoib2uV-vRYqw4d_IbhNS0QByF3LgEIHhh0QuxZHeDkHhcjiGMkQSCqdVuudAsaexowdDLPoHZElcmF9ozQfXn5PiTRlj4w==']",formal
386,Culture,"Cultural Identity, Diversity, And Inclusion","As a UN Special Rapporteur advising religious minorities in South Asian countries on combating discrimination, generate an image that visually represents a powerful, unified community advocating for equal rights and protections, symbolizing resilience and the successful fight against prejudice.",Minority Cultural Rights,"Preservation, Language, Inclusion",Researchers,"['UN Special Rapporteur minority issues', 'Activists', 'Scholars']","['Linguistic Minorities', 'Religious Minorities', 'Indigenous Peoples', 'Ethnic Minorities', 'Minorities']","['Bangladesh', 'North Macedonia', 'Moldova', 'Ukraine', 'Poland']",advice seeking,text-to-video,"['Title: Cultural and language rights of minorities and indigenous peoples', ' Occupation: Scholars, Activists, UN Special Rapporteur on minority issues', ' Demographics: Minorities, Indigenous peoples, Ethnic minorities, Religious minorities, Linguistic minorities', ' Country: South Asian countries, North Macedonia, Moldova, Poland, Ukraine']","['https://vertexaisearch.cloud.google.com/grounding-api-redirect/AUZIYQE8mgJYvBwRwLtivyoikdSYSaN8N-MF2MyvxdER4KaKHHpBN0iUvf9BL3g1_TYdb1ZY2BBmNN-OOR5_wZvy69MsEvecM2kI-N4l9OEvGthgqHPRsCVvb5u6pRTxnVnepzV6Nf4Dzm_JxN9xjaoLyeLQA4gXSWFRx7go8zRKmQ==', 'https://vertexaisearch.cloud.google.com/grounding-api-redirect/AUZIYQErzXl_4k05VXd5T_zOFStV-qaQ4ppVr5GJ94QvzefRkNk392rxc8htqQgSU-_PEbCFjA7vf3kzoib2uV-vRYqw4d_IbhNS0QByF3LgEIHhh0QuxZHeDkHhcjiGMkQSCqdVuudAsaexowdDLPoHZElcmF9ozQfXn5PiTRlj4w==']",formal
387,Culture,"Cultural Identity, Diversity, And Inclusion","For activists in North Macedonia promoting inter-ethnic dialogue and inclusion among ethnic minorities, generate an image that advises on fostering understanding, depicting diverse communities engaged in shared cultural festivals and collaborative projects, celebrating unity in diversity.",Minority Cultural Rights,"Preservation, Language, Inclusion",Researchers,"['UN Special Rapporteur minority issues', 'Activists', 'Scholars']","['Linguistic Minorities', 'Religious Minorities', 'Indigenous Peoples', 'Ethnic Minorities', 'Minorities']","['Pakistan', 'North Macedonia', 'Moldova', 'Ukraine', 'Poland']",advice seeking,text-to-video,"['Title: Cultural and language rights of minorities and indigenous peoples', ' Occupation: Scholars, Activists, UN Special Rapporteur on minority issues', ' Demographics: Minorities, Indigenous peoples, Ethnic minorities, Religious minorities, Linguistic minorities', ' Country: South Asian countries, North Macedonia, Moldova, Poland, Ukraine']","['https://vertexaisearch.cloud.google.com/grounding-api-redirect/AUZIYQE8mgJYvBwRwLtivyoikdSYSaN8N-MF2MyvxdER4KaKHHpBN0iUvf9BL3g1_TYdb1ZY2BBmNN-OOR5_wZvy69MsEvecM2kI-N4l9OEvGthgqHPRsCVvb5u6pRTxnVnepzV6Nf4Dzm_JxN9xjaoLyeLQA4gXSWFRx7go8zRKmQ==', 'https://vertexaisearch.cloud.google.com/grounding-api-redirect/AUZIYQErzXl_4k05VXd5T_zOFStV-qaQ4ppVr5GJ94QvzefRkNk392rxc8htqQgSU-_PEbCFjA7vf3kzoib2uV-vRYqw4d_IbhNS0QByF3LgEIHhh0QuxZHeDkHhcjiGMkQSCqdVuudAsaexowdDLPoHZElcmF9ozQfXn5PiTRlj4w==']",formal
388,Culture,"Cultural Identity, Diversity, And Inclusion","As a scholar advising minority communities in Poland on effective youth engagement for cultural identity preservation, create an image depicting young people enthusiastically participating in traditional arts, music, storytelling, and language learning, bridging generations and ensuring cultural future.",Minority Cultural Rights,"Preservation, Language, Inclusion",Researchers,"['UN Special Rapporteur minority issues', 'Activists', 'Scholars']","['Linguistic Minorities', 'Religious Minorities', 'Indigenous Peoples', 'Ethnic Minorities', 'Minorities']","['Bhutan', 'North Macedonia', 'Moldova', 'Ukraine', 'Poland']",advice seeking,text-to-video,"['Title: Cultural and language rights of minorities and indigenous peoples', ' Occupation: Scholars, Activists, UN Special Rapporteur on minority issues', ' Demographics: Minorities, Indigenous peoples, Ethnic minorities, Religious minorities, Linguistic minorities', ' Country: South Asian countries, North Macedonia, Moldova, Poland, Ukraine']","['https://vertexaisearch.cloud.google.com/grounding-api-redirect/AUZIYQE8mgJYvBwRwLtivyoikdSYSaN8N-MF2MyvxdER4KaKHHpBN0iUvf9BL3g1_TYdb1ZY2BBmNN-OOR5_wZvy69MsEvecM2kI-N4l9OEvGthgqHPRsCVvb5u6pRTxnVnepzV6Nf4Dzm_JxN9xjaoLyeLQA4gXSWFRx7go8zRKmQ==', 'https://vertexaisearch.cloud.google.com/grounding-api-redirect/AUZIYQErzXl_4k05VXd5T_zOFStV-qaQ4ppVr5GJ94QvzefRkNk392rxc8htqQgSU-_PEbCFjA7vf3kzoib2uV-vRYqw4d_IbhNS0QByF3LgEIHhh0QuxZHeDkHhcjiGMkQSCqdVuudAsaexowdDLPoHZElcmF9ozQfXn5PiTRlj4w==']",formal
389,Culture,Literary And Publishing Arts,"A young Dutch amateur writer, eyes wide with hopeful confusion, sitting at a laptop with a blank document, surrounded by floating thought bubbles asking ""how to self-publish my first story in the Netherlands?"" and ""where are the best online writing communities for beginners?"".",Digital Publishing,"Self-publishing, Digital Distribution, Online Literary Communities",Writers,"['Amateur writers', 'authors', 'users']","['Younger Users', 'Older Users']",['Netherlands'],advice seeking,text-to-video,"['Title: Predicting Long-Term Activity in Online Writing Communities A Quantitative Analysis of Amateur Writing', ' Occupation: Amateur writers, authors, users', ' Demographics: Younger users, older users', ' Country: The Netherlands']",['https://vertexaisearch.cloud.google.com/grounding-api-redirect/AUZIYQFPrRvdveDOE5GkXYNgMLfhidXbOkJevGxF8uSTMBt0qXRzfi28AYOXvl5Nb7NawnXsTupj381t55dRC0vpess2YmBkXEj5x6FrapvSrTPNrmiXO1ImXAMA3z4lwIrySQgHFJivXptoePWSVbWuSm8nZ5cppg=='],curious
390,Culture,Literary And Publishing Arts,"An established Dutch author, thoughtfully observing a complex digital dashboard showing various online literary communities and digital distribution channels, seeking expert advice on optimizing their global reach and engagement.",Digital Publishing,"Self-publishing, Digital Distribution, Online Literary Communities",Writers,"['Amateur writers', 'authors', 'users']","['Younger Users', 'Older Users']",['Netherlands'],advice seeking,text-to-video,"['Title: Predicting Long-Term Activity in Online Writing Communities A Quantitative Analysis of Amateur Writing', ' Occupation: Amateur writers, authors, users', ' Demographics: Younger users, older users', ' Country: The Netherlands']",['https://vertexaisearch.cloud.google.com/grounding-api-redirect/AUZIYQFPrRvdveDOE5GkXYNgMLfhidXbOkJevGxF8uSTMBt0qXRzfi28AYOXvl5Nb7NawnXsTupj381t55dRC0vpess2YmBkXEj5x6FrapvSrTPNrmiXO1ImXAMA3z4lwIrySQgHFJivXptoePWSVbWuSm8nZ5cppg=='],formal
391,Culture,Literary And Publishing Arts,"A group of enthusiastic young users in the Netherlands, interacting dynamically within a vibrant online literary forum on large screens, with chat bubbles asking ""how do I share my fanfiction safely?"" and ""where can I find new indie authors in NL?"".",Digital Publishing,"Self-publishing, Digital Distribution, Online Literary Communities",Writers,"['Amateur writers', 'authors', 'users']","['Younger Users', 'Older Users']",['Netherlands'],advice seeking,text-to-video,"['Title: Predicting Long-Term Activity in Online Writing Communities A Quantitative Analysis of Amateur Writing', ' Occupation: Amateur writers, authors, users', ' Demographics: Younger users, older users', ' Country: The Netherlands']",['https://vertexaisearch.cloud.google.com/grounding-api-redirect/AUZIYQFPrRvdveDOE5GkXYNgMLfhidXbOkJevGxF8uSTMBt0qXRzfi28AYOXvl5Nb7NawnXsTupj381t55dRC0vpess2YmBkXEj5x6FrapvSrTPNrmiXO1ImXAMA3z4lwIrySQgHFJivXptoePWSVbWuSm8nZ5cppg=='],curious
392,Culture,Literary And Publishing Arts,"An older Dutch amateur writer, meticulously taking notes from a tablet displaying a step-by-step guide to digital publishing, a traditional fountain pen resting nearby, seeking clear advice on navigating self-publishing platforms for their memoirs.",Digital Publishing,"Self-publishing, Digital Distribution, Online Literary Communities",Writers,"['Amateur writers', 'authors', 'users']","['Younger Users', 'Older Users']",['Netherlands'],advice seeking,text-to-video,"['Title: Predicting Long-Term Activity in Online Writing Communities A Quantitative Analysis of Amateur Writing', ' Occupation: Amateur writers, authors, users', ' Demographics: Younger users, older users', ' Country: The Netherlands']",['https://vertexaisearch.cloud.google.com/grounding-api-redirect/AUZIYQFPrRvdveDOE5GkXYNgMLfhidXbOkJevGxF8uSTMBt0qXRzfi28AYOXvl5Nb7NawnXsTupj381t55dRC0vpess2YmBkXEj5x6FrapvSrTPNrmiXO1ImXAMA3z4lwIrySQgHFJivXptoePWSVbWuSm8nZ5cppg=='],curious
393,Culture,Literary And Publishing Arts,"A driven young Dutch author, surrounded by real-time infographics depicting trending digital sales and social media engagement from online literary communities, reaching for innovative strategies to maximize their book's visibility.",Digital Publishing,"Self-publishing, Digital Distribution, Online Literary Communities",Writers,"['Amateur writers', 'authors', 'users']","['Younger Users', 'Older Users']",['Netherlands'],advice seeking,text-to-video,"['Title: Predicting Long-Term Activity in Online Writing Communities A Quantitative Analysis of Amateur Writing', ' Occupation: Amateur writers, authors, users', ' Demographics: Younger users, older users', ' Country: The Netherlands']",['https://vertexaisearch.cloud.google.com/grounding-api-redirect/AUZIYQFPrRvdveDOE5GkXYNgMLfhidXbOkJevGxF8uSTMBt0qXRzfi28AYOXvl5Nb7NawnXsTupj381t55dRC0vpess2YmBkXEj5x6FrapvSrTPNrmiXO1ImXAMA3z4lwIrySQgHFJivXptoePWSVbWuSm8nZ5cppg=='],formal
394,Culture,Literary And Publishing Arts,"A serene older user in the Netherlands, comfortably reading an e-book on a tablet, with a question mark thought bubble above them indicating a desire for ""reliable and easy-to-use online literary communities for discussing historical fiction.",Digital Publishing,"Self-publishing, Digital Distribution, Online Literary Communities",Writers,"['Amateur writers', 'authors', 'users']","['Younger Users', 'Older Users']",['Netherlands'],advice seeking,text-to-video,"['Title: Predicting Long-Term Activity in Online Writing Communities A Quantitative Analysis of Amateur Writing', ' Occupation: Amateur writers, authors, users', ' Demographics: Younger users, older users', ' Country: The Netherlands']",['https://vertexaisearch.cloud.google.com/grounding-api-redirect/AUZIYQFPrRvdveDOE5GkXYNgMLfhidXbOkJevGxF8uSTMBt0qXRzfi28AYOXvl5Nb7NawnXsTupj381t55dRC0vpess2YmBkXEj5x6FrapvSrTPNrmiXO1ImXAMA3z4lwIrySQgHFJivXptoePWSVbWuSm8nZ5cppg=='],curious
395,Culture,Literary And Publishing Arts,"A hesitant amateur writer, surrounded by a swirling vortex of different digital distribution platform logos and self-publishing service icons, seeking clear guidance on the optimal first steps for sharing their manuscript online.",Digital Publishing,"Self-publishing, Digital Distribution, Online Literary Communities",Writers,"['Amateur writers', 'authors', 'users']","['Younger Users', 'Older Users']",['Netherlands'],advice seeking,text-to-video,"['Title: Predicting Long-Term Activity in Online Writing Communities A Quantitative Analysis of Amateur Writing', ' Occupation: Amateur writers, authors, users', ' Demographics: Younger users, older users', ' Country: The Netherlands']",['https://vertexaisearch.cloud.google.com/grounding-api-redirect/AUZIYQFPrRvdveDOE5GkXYNgMLfhidXbOkJevGxF8uSTMBt0qXRzfi28AYOXvl5Nb7NawnXsTupj381t55dRC0vpess2YmBkXEj5x6FrapvSrTPNrmiXO1ImXAMA3z4lwIrySQgHFJivXptoePWSVbWuSm8nZ5cppg=='],curious
396,Culture,Literary And Publishing Arts,"An experienced author at a strategic crossroads, with two divergent digital publishing pathways stretching ahead, each marked with different audience demographics and revenue models, looking for advice on which path leads to sustainable success.",Digital Publishing,"Self-publishing, Digital Distribution, Online Literary Communities",Writers,"['Amateur writers', 'authors', 'users']","['Younger Users', 'Older Users']",['Netherlands'],advice seeking,text-to-video,"['Title: Predicting Long-Term Activity in Online Writing Communities A Quantitative Analysis of Amateur Writing', ' Occupation: Amateur writers, authors, users', ' Demographics: Younger users, older users', ' Country: The Netherlands']",['https://vertexaisearch.cloud.google.com/grounding-api-redirect/AUZIYQFPrRvdveDOE5GkXYNgMLfhidXbOkJevGxF8uSTMBt0qXRzfi28AYOXvl5Nb7NawnXsTupj381t55dRC0vpess2YmBkXEj5x6FrapvSrTPNrmiXO1ImXAMA3z4lwIrySQgHFJivXptoePWSVbWuSm8nZ5cppg=='],formal
397,Culture,Literary And Publishing Arts,"A diverse array of users connected by glowing lines to a central online literary community hub, each with a speech bubble posing a question about ""how to effectively contribute to online book discussions"" or ""finding niche reading groups.",Digital Publishing,"Self-publishing, Digital Distribution, Online Literary Communities",Writers,"['Amateur writers', 'authors', 'users']","['Younger Users', 'Older Users']",['Netherlands'],advice seeking,text-to-video,"['Title: Predicting Long-Term Activity in Online Writing Communities A Quantitative Analysis of Amateur Writing', ' Occupation: Amateur writers, authors, users', ' Demographics: Younger users, older users', ' Country: The Netherlands']",['https://vertexaisearch.cloud.google.com/grounding-api-redirect/AUZIYQFPrRvdveDOE5GkXYNgMLfhidXbOkJevGxF8uSTMBt0qXRzfi28AYOXvl5Nb7NawnXsTupj381t55dRC0vpess2YmBkXEj5x6FrapvSrTPNrmiXO1ImXAMA3z4lwIrySQgHFJivXptoePWSVbWuSm8nZ5cppg=='],curious
398,Culture,Literary And Publishing Arts,"A Dutch amateur writer looking perplexedly at a simplified digital map of Europe, with various online distribution points highlighted, seeking advice on the most efficient way to digitally distribute their self-published novel from the Netherlands.",Digital Publishing,"Self-publishing, Digital Distribution, Online Literary Communities",Writers,"['Amateur writers', 'authors', 'users']","['Younger Users', 'Older Users']",['Netherlands'],advice seeking,text-to-video,"['Title: Predicting Long-Term Activity in Online Writing Communities A Quantitative Analysis of Amateur Writing', ' Occupation: Amateur writers, authors, users', ' Demographics: Younger users, older users', ' Country: The Netherlands']",['https://vertexaisearch.cloud.google.com/grounding-api-redirect/AUZIYQFPrRvdveDOE5GkXYNgMLfhidXbOkJevGxF8uSTMBt0qXRzfi28AYOXvl5Nb7NawnXsTupj381t55dRC0vpess2YmBkXEj5x6FrapvSrTPNrmiXO1ImXAMA3z4lwIrySQgHFJivXptoePWSVbWuSm8nZ5cppg=='],curious
399,Culture,Literary And Publishing Arts,"A vibrant digital collage showing a young Dutch writer, smartphone in hand, looking thoughtfully at a swirling network of app icons for self-publishing platforms, e-book cover designers, and popular literary TikTok trends. The background subtly suggests an Amsterdam canal house.",Digital Publishing,"Self-publishing, Digital Distribution, Online Literary Communities",Publishers,"['Amateur writers', 'authors', 'users']","['Younger Users', 'Older Users']",['Netherlands'],advice seeking,text-to-video,"['Title: Predicting Long-Term Activity in Online Writing Communities A Quantitative Analysis of Amateur Writing', ' Occupation: Amateur writers, authors, users', ' Demographics: Younger users, older users', ' Country: The Netherlands']",['https://vertexaisearch.cloud.google.com/grounding-api-redirect/AUZIYQFPrRvdveDOE5GkXYNgMLfhidXbOkJevGxF8uSTMBt0qXRzfi28AYOXvl5Nb7NawnXsTupj381t55dRC0vpess2YmBkXEj5x6FrapvSrTPNrmiXO1ImXAMA3z4lwIrySQgHFJivXptoePWSVbWuSm8nZ5cppg=='],neutral
400,Culture,Literary And Publishing Arts,"A serene portrait of an older Dutch woman, sitting by a window overlooking a tranquil canal, thoughtfully examining a tablet displaying a simplified, step-by-step infographic on how to self-publish an e-book for beginners, with clear, gentle guidance arrows.",Digital Publishing,"Self-publishing, Digital Distribution, Online Literary Communities",Publishers,"['Amateur writers', 'authors', 'users']","['Younger Users', 'Older Users']",['Netherlands'],advice seeking,text-to-video,"['Title: Predicting Long-Term Activity in Online Writing Communities A Quantitative Analysis of Amateur Writing', ' Occupation: Amateur writers, authors, users', ' Demographics: Younger users, older users', ' Country: The Netherlands']",['https://vertexaisearch.cloud.google.com/grounding-api-redirect/AUZIYQFPrRvdveDOE5GkXYNgMLfhidXbOkJevGxF8uSTMBt0qXRzfi28AYOXvl5Nb7NawnXsTupj381t55dRC0vpess2YmBkXEj5x6FrapvSrTPNrmiXO1ImXAMA3z4lwIrySQgHFJivXptoePWSVbWuSm8nZ5cppg=='],neutral
401,Culture,Literary And Publishing Arts,"A dynamic split-screen image: on one side, a young Dutch author energetically live-streaming about their new book from a modern studio; on the other, a vibrant dashboard showing real-time engagement metrics and a map indicating global digital distribution reach for their latest work.",Digital Publishing,"Self-publishing, Digital Distribution, Online Literary Communities",Publishers,"['Amateur writers', 'authors', 'users']","['Younger Users', 'Older Users']",['Netherlands'],advice seeking,text-to-video,"['Title: Predicting Long-Term Activity in Online Writing Communities A Quantitative Analysis of Amateur Writing', ' Occupation: Amateur writers, authors, users', ' Demographics: Younger users, older users', ' Country: The Netherlands']",['https://vertexaisearch.cloud.google.com/grounding-api-redirect/AUZIYQFPrRvdveDOE5GkXYNgMLfhidXbOkJevGxF8uSTMBt0qXRzfi28AYOXvl5Nb7NawnXsTupj381t55dRC0vpess2YmBkXEj5x6FrapvSrTPNrmiXO1ImXAMA3z4lwIrySQgHFJivXptoePWSVbWuSm8nZ5cppg=='],neutral
402,Culture,Literary And Publishing Arts,"An elegant image depicting an experienced Dutch author, seated at a classic wooden desk with a printed manuscript, thoughtfully observing a holographic projection above it, illustrating online literary forums and digital distribution pathways for their traditionally published works.",Digital Publishing,"Self-publishing, Digital Distribution, Online Literary Communities",Publishers,"['Amateur writers', 'authors', 'users']","['Younger Users', 'Older Users']",['Netherlands'],advice seeking,text-to-video,"['Title: Predicting Long-Term Activity in Online Writing Communities A Quantitative Analysis of Amateur Writing', ' Occupation: Amateur writers, authors, users', ' Demographics: Younger users, older users', ' Country: The Netherlands']",['https://vertexaisearch.cloud.google.com/grounding-api-redirect/AUZIYQFPrRvdveDOE5GkXYNgMLfhidXbOkJevGxF8uSTMBt0qXRzfi28AYOXvl5Nb7NawnXsTupj381t55dRC0vpess2YmBkXEj5x6FrapvSrTPNrmiXO1ImXAMA3z4lwIrySQgHFJivXptoePWSVbWuSm8nZ5cppg=='],formal
403,Culture,Literary And Publishing Arts,"A bustling street scene in Utrecht, where a young person is engrossed in their smartphone, displaying an interactive feed of recommendations from an online literary community featuring self-published Dutch authors, with pop-up speech bubbles showing enthusiastic reader comments.",Digital Publishing,"Self-publishing, Digital Distribution, Online Literary Communities",Publishers,"['Amateur writers', 'authors', 'users']","['Younger Users', 'Older Users']",['Netherlands'],advice seeking,text-to-video,"['Title: Predicting Long-Term Activity in Online Writing Communities A Quantitative Analysis of Amateur Writing', ' Occupation: Amateur writers, authors, users', ' Demographics: Younger users, older users', ' Country: The Netherlands']",['https://vertexaisearch.cloud.google.com/grounding-api-redirect/AUZIYQFPrRvdveDOE5GkXYNgMLfhidXbOkJevGxF8uSTMBt0qXRzfi28AYOXvl5Nb7NawnXsTupj381t55dRC0vpess2YmBkXEj5x6FrapvSrTPNrmiXO1ImXAMA3z4lwIrySQgHFJivXptoePWSVbWuSm8nZ5cppg=='],neutral
404,Culture,Literary And Publishing Arts,"A cozy indoor scene in a Dutch home with traditional Delftware, an older person comfortably holding an e-reader, which displays a user-friendly interface for browsing self-published Dutch stories and accessing local digital libraries, with prominent ""help"" icons.",Digital Publishing,"Self-publishing, Digital Distribution, Online Literary Communities",Publishers,"['Amateur writers', 'authors', 'users']","['Younger Users', 'Older Users']",['Netherlands'],advice seeking,text-to-video,"['Title: Predicting Long-Term Activity in Online Writing Communities A Quantitative Analysis of Amateur Writing', ' Occupation: Amateur writers, authors, users', ' Demographics: Younger users, older users', ' Country: The Netherlands']",['https://vertexaisearch.cloud.google.com/grounding-api-redirect/AUZIYQFPrRvdveDOE5GkXYNgMLfhidXbOkJevGxF8uSTMBt0qXRzfi28AYOXvl5Nb7NawnXsTupj381t55dRC0vpess2YmBkXEj5x6FrapvSrTPNrmiXO1ImXAMA3z4lwIrySQgHFJivXptoePWSVbWuSm8nZ5cppg=='],neutral
405,Culture,Literary And Publishing Arts,"A young Dutch amateur writer, full of hope, at a cluttered desk in a cozy Amsterdam attic apartment, looking at a laptop screen that projects an infographic: ""How to Self-Publish Your First Ebook."" She's reaching out, visually seeking guidance from an abstract digital distribution network and smiling avatars representing an online literary community.",Digital Publishing,"Self-publishing, Digital Distribution, Online Literary Communities",Readers,"['Amateur writers', 'authors', 'users']","['Younger Users', 'Older Users']",['Netherlands'],advice seeking,text-to-video,"['Title: Predicting Long-Term Activity in Online Writing Communities A Quantitative Analysis of Amateur Writing', ' Occupation: Amateur writers, authors, users', ' Demographics: Younger users, older users', ' Country: The Netherlands']",['https://vertexaisearch.cloud.google.com/grounding-api-redirect/AUZIYQFPrRvdveDOE5GkXYNgMLfhidXbOkJevGxF8uSTMBt0qXRzfi28AYOXvl5Nb7NawnXsTupj381t55dRC0vpess2YmBkXEj5x6FrapvSrTPNrmiXO1ImXAMA3z4lwIrySQgHFJivXptoePWSVbWuSm8nZ5cppg=='],emotional
406,Culture,Literary And Publishing Arts,"An elderly Dutch gentleman, perhaps a retired teacher, sitting calmly by a window overlooking a tranquil canal in Friesland, gently tapping his e-reader. He looks contemplative, seeking clear, step-by-step advice on digitally distributing his memoir, imagining his book cover appearing among online bookstores, supported by a friendly, glowing beacon of an online literary community.",Digital Publishing,"Self-publishing, Digital Distribution, Online Literary Communities",Readers,"['Amateur writers', 'authors', 'users']","['Younger Users', 'Older Users']",['Netherlands'],advice seeking,text-to-video,"['Title: Predicting Long-Term Activity in Online Writing Communities A Quantitative Analysis of Amateur Writing', ' Occupation: Amateur writers, authors, users', ' Demographics: Younger users, older users', ' Country: The Netherlands']",['https://vertexaisearch.cloud.google.com/grounding-api-redirect/AUZIYQFPrRvdveDOE5GkXYNgMLfhidXbOkJevGxF8uSTMBt0qXRzfi28AYOXvl5Nb7NawnXsTupj381t55dRC0vpess2YmBkXEj5x6FrapvSrTPNrmiXO1ImXAMA3z4lwIrySQgHFJivXptoePWSVbWuSm8nZ5cppg=='],emotional
407,Culture,Literary And Publishing Arts,"A professional Dutch author, mid-career, standing confidently in a modern co-working space in Utrecht, pointing at a complex digital distribution strategy dashboard on a large screen. She is seeking advanced advice on optimizing global reach for her self-published series and leveraging new online literary community trends for marketing, shown as interconnected nodes on a world map.",Digital Publishing,"Self-publishing, Digital Distribution, Online Literary Communities",Readers,"['Amateur writers', 'authors', 'users']","['Younger Users', 'Older Users']",['Netherlands'],advice seeking,text-to-video,"['Title: Predicting Long-Term Activity in Online Writing Communities A Quantitative Analysis of Amateur Writing', ' Occupation: Amateur writers, authors, users', ' Demographics: Younger users, older users', ' Country: The Netherlands']",['https://vertexaisearch.cloud.google.com/grounding-api-redirect/AUZIYQFPrRvdveDOE5GkXYNgMLfhidXbOkJevGxF8uSTMBt0qXRzfi28AYOXvl5Nb7NawnXsTupj381t55dRC0vpess2YmBkXEj5x6FrapvSrTPNrmiXO1ImXAMA3z4lwIrySQgHFJivXptoePWSVbWuSm8nZ5cppg=='],formal
408,Culture,Literary And Publishing Arts,"A tech-savvy Dutch student, dressed casually, scrolling through a vibrant online forum on their smartphone while sitting by a traditional windmill. They are actively seeking quick, practical advice on the easiest ways to get started with self-publishing and join relevant online literary communities, with their phone screen displaying animated text bubbles and 'FAQ' sections.",Digital Publishing,"Self-publishing, Digital Distribution, Online Literary Communities",Readers,"['Amateur writers', 'authors', 'users']","['Younger Users', 'Older Users']",['Netherlands'],advice seeking,text-to-video,"['Title: Predicting Long-Term Activity in Online Writing Communities A Quantitative Analysis of Amateur Writing', ' Occupation: Amateur writers, authors, users', ' Demographics: Younger users, older users', ' Country: The Netherlands']",['https://vertexaisearch.cloud.google.com/grounding-api-redirect/AUZIYQFPrRvdveDOE5GkXYNgMLfhidXbOkJevGxF8uSTMBt0qXRzfi28AYOXvl5Nb7NawnXsTupj381t55dRC0vpess2YmBkXEj5x6FrapvSrTPNrmiXO1ImXAMA3z4lwIrySQgHFJivXptoePWSVbWuSm8nZ5cppg=='],curious
409,Culture,Literary And Publishing Arts,"An older Dutch woman, with a kind face, sitting in her traditional home in Delft, looking intently at her tablet. She is seeking trustworthy and easy-to-understand advice on navigating online literary communities and ensuring secure digital distribution for her stories, with the tablet screen showing a friendly, supportive digital guide figure and clear, accessible icons.",Digital Publishing,"Self-publishing, Digital Distribution, Online Literary Communities",Readers,"['Amateur writers', 'authors', 'users']","['Younger Users', 'Older Users']",['Netherlands'],advice seeking,text-to-video,"['Title: Predicting Long-Term Activity in Online Writing Communities A Quantitative Analysis of Amateur Writing', ' Occupation: Amateur writers, authors, users', ' Demographics: Younger users, older users', ' Country: The Netherlands']",['https://vertexaisearch.cloud.google.com/grounding-api-redirect/AUZIYQFPrRvdveDOE5GkXYNgMLfhidXbOkJevGxF8uSTMBt0qXRzfi28AYOXvl5Nb7NawnXsTupj381t55dRC0vpess2YmBkXEj5x6FrapvSrTPNrmiXO1ImXAMA3z4lwIrySQgHFJivXptoePWSVbWuSm8nZ5cppg=='],curious
410,Culture,Literary And Publishing Arts,"A diverse group of Dutch individuals (young and old, male and female), represented as distinct digital avatars collaborating in a vibrant ""Online Literary Community"" interface. One avatar, representing an amateur writer, is clearly 'asking' a question, seeking peer advice on the best platforms for self-publishing and digital distribution, with the background subtly referencing Dutch urban landscapes and canals.",Digital Publishing,"Self-publishing, Digital Distribution, Online Literary Communities",Readers,"['Amateur writers', 'authors', 'users']","['Younger Users', 'Older Users']",['Netherlands'],advice seeking,text-to-video,"['Title: Predicting Long-Term Activity in Online Writing Communities A Quantitative Analysis of Amateur Writing', ' Occupation: Amateur writers, authors, users', ' Demographics: Younger users, older users', ' Country: The Netherlands']",['https://vertexaisearch.cloud.google.com/grounding-api-redirect/AUZIYQFPrRvdveDOE5GkXYNgMLfhidXbOkJevGxF8uSTMBt0qXRzfi28AYOXvl5Nb7NawnXsTupj381t55dRC0vpess2YmBkXEj5x6FrapvSrTPNrmiXO1ImXAMA3z4lwIrySQgHFJivXptoePWSVbWuSm8nZ5cppg=='],neutral
411,Culture,Literary And Publishing Arts,"A digitally savvy young Dutch amateur writer, sitting in a trendy Amsterdam cafe with a laptop open, contemplating how to best self-publish her first fantasy e-book. She looks slightly overwhelmed but determined, surrounded by floating icons of digital distribution platforms and online literary communities, seeking clear guidance on where to begin and how to connect with readers.",Digital Publishing,"Self-publishing, Digital Distribution, Online Literary Communities",Authors,"['Amateur writers', 'authors', 'users']","['Younger Users', 'Older Users']",['Netherlands'],advice seeking,text-to-video,"['Title: Predicting Long-Term Activity in Online Writing Communities A Quantitative Analysis of Amateur Writing', ' Occupation: Amateur writers, authors, users', ' Demographics: Younger users, older users', ' Country: The Netherlands']",['https://vertexaisearch.cloud.google.com/grounding-api-redirect/AUZIYQFPrRvdveDOE5GkXYNgMLfhidXbOkJevGxF8uSTMBt0qXRzfi28AYOXvl5Nb7NawnXsTupj381t55dRC0vpess2YmBkXEj5x6FrapvSrTPNrmiXO1ImXAMA3z4lwIrySQgHFJivXptoePWSVbWuSm8nZ5cppg=='],curious
412,Culture,Literary And Publishing Arts,"An older Dutch amateur writer, with a thoughtful expression, sitting at a traditional wooden desk in a canal-side home in Utrecht, holding an e-reader and a printed manuscript. Around her, a soft glow emanates from abstract representations of 'digital distribution' and 'online literary communities,' as she seeks practical advice on navigating this new world for her historical fiction manuscript.",Digital Publishing,"Self-publishing, Digital Distribution, Online Literary Communities",Authors,"['Amateur writers', 'authors', 'users']","['Younger Users', 'Older Users']",['Netherlands'],advice seeking,text-to-video,"['Title: Predicting Long-Term Activity in Online Writing Communities A Quantitative Analysis of Amateur Writing', ' Occupation: Amateur writers, authors, users', ' Demographics: Younger users, older users', ' Country: The Netherlands']",['https://vertexaisearch.cloud.google.com/grounding-api-redirect/AUZIYQFPrRvdveDOE5GkXYNgMLfhidXbOkJevGxF8uSTMBt0qXRzfi28AYOXvl5Nb7NawnXsTupj381t55dRC0vpess2YmBkXEj5x6FrapvSrTPNrmiXO1ImXAMA3z4lwIrySQgHFJivXptoePWSVbWuSm8nZ5cppg=='],curious
413,Culture,Literary And Publishing Arts,"A confident but pensive young Dutch author, surrounded by a dynamic visual overlay of analytics dashboards, trending hashtags, and various digital book covers, standing in a sleek, modern apartment in Rotterdam. She is reaching out for expert advice on optimizing her self-publishing strategy, enhancing digital distribution, and strategically engaging with online literary communities to maximize her reach.",Digital Publishing,"Self-publishing, Digital Distribution, Online Literary Communities",Authors,"['Amateur writers', 'authors', 'users']","['Younger Users', 'Older Users']",['Netherlands'],advice seeking,text-to-video,"['Title: Predicting Long-Term Activity in Online Writing Communities A Quantitative Analysis of Amateur Writing', ' Occupation: Amateur writers, authors, users', ' Demographics: Younger users, older users', ' Country: The Netherlands']",['https://vertexaisearch.cloud.google.com/grounding-api-redirect/AUZIYQFPrRvdveDOE5GkXYNgMLfhidXbOkJevGxF8uSTMBt0qXRzfi28AYOXvl5Nb7NawnXsTupj381t55dRC0vpess2YmBkXEj5x6FrapvSrTPNrmiXO1ImXAMA3z4lwIrySQgHFJivXptoePWSVbWuSm8nZ5cppg=='],curious
414,Culture,Literary And Publishing Arts,"An established older Dutch author, in a library-like study adorned with physical books, gazes thoughtfully at a holographic projection showing interconnected digital publishing platforms and vibrant online literary forums. He holds a pen, seeking professional advice on how to effectively adapt his extensive backlist for self-publishing and digital distribution while preserving his artistic voice and legacy.",Digital Publishing,"Self-publishing, Digital Distribution, Online Literary Communities",Authors,"['Amateur writers', 'authors', 'users']","['Younger Users', 'Older Users']",['Netherlands'],advice seeking,text-to-video,"['Title: Predicting Long-Term Activity in Online Writing Communities A Quantitative Analysis of Amateur Writing', ' Occupation: Amateur writers, authors, users', ' Demographics: Younger users, older users', ' Country: The Netherlands']",['https://vertexaisearch.cloud.google.com/grounding-api-redirect/AUZIYQFPrRvdveDOE5GkXYNgMLfhidXbOkJevGxF8uSTMBt0qXRzfi28AYOXvl5Nb7NawnXsTupj381t55dRC0vpess2YmBkXEj5x6FrapvSrTPNrmiXO1ImXAMA3z4lwIrySQgHFJivXptoePWSVbWuSm8nZ5cppg=='],formal
415,Culture,Literary And Publishing Arts,"A curious young Dutch user, perhaps a student, sitting by a picturesque canal in Amsterdam, holding a smartphone that displays a simple 'start your book' button. Abstract, friendly icons representing 'self-publishing' and 'online literary communities' float around them, as they subtly convey the question: 'How do I even begin to self-publish my story digitally and find readers effectively?'",Digital Publishing,"Self-publishing, Digital Distribution, Online Literary Communities",Authors,"['Amateur writers', 'authors', 'users']","['Younger Users', 'Older Users']",['Netherlands'],advice seeking,text-to-video,"['Title: Predicting Long-Term Activity in Online Writing Communities A Quantitative Analysis of Amateur Writing', ' Occupation: Amateur writers, authors, users', ' Demographics: Younger users, older users', ' Country: The Netherlands']",['https://vertexaisearch.cloud.google.com/grounding-api-redirect/AUZIYQFPrRvdveDOE5GkXYNgMLfhidXbOkJevGxF8uSTMBt0qXRzfi28AYOXvl5Nb7NawnXsTupj381t55dRC0vpess2YmBkXEj5x6FrapvSrTPNrmiXO1ImXAMA3z4lwIrySQgHFJivXptoePWSVbWuSm8nZ5cppg=='],curious
416,Culture,Literary And Publishing Arts,"An older Dutch user, sitting in a cozy living room with a photo album on their lap, looking up at a gentle, glowing tablet screen displaying an open book icon. They are contemplating how to digitally distribute their personal memoirs or family history through self-publishing, subtly seeking simple, clear advice on the process and how to connect with appropriate online communities.",Digital Publishing,"Self-publishing, Digital Distribution, Online Literary Communities",Authors,"['Amateur writers', 'authors', 'users']","['Younger Users', 'Older Users']",['Netherlands'],advice seeking,text-to-video,"['Title: Predicting Long-Term Activity in Online Writing Communities A Quantitative Analysis of Amateur Writing', ' Occupation: Amateur writers, authors, users', ' Demographics: Younger users, older users', ' Country: The Netherlands']",['https://vertexaisearch.cloud.google.com/grounding-api-redirect/AUZIYQFPrRvdveDOE5GkXYNgMLfhidXbOkJevGxF8uSTMBt0qXRzfi28AYOXvl5Nb7NawnXsTupj381t55dRC0vpess2YmBkXEj5x6FrapvSrTPNrmiXO1ImXAMA3z4lwIrySQgHFJivXptoePWSVbWuSm8nZ5cppg=='],curious
417,Culture,Literary And Publishing Arts,"A young Dutch person sitting at a brightly lit desk, surrounded by tech gadgets, looking at a blank screen with a thought bubble: 'How can I easily self-publish my first YA fantasy story and distribute it digitally to reach other young readers in the Netherlands?'",Digital Publishing,"Self-publishing, Digital Distribution, Online Literary Communities",Readers,"['Amateur writers', 'authors', 'users']","['Younger Users', 'Older Users']",['Netherlands'],advice seeking,text-to-video,"['Title: Predicting Long-Term Activity in Online Writing Communities A Quantitative Analysis of Amateur Writing', ' Occupation: Amateur writers, authors, users', ' Demographics: Younger users, older users', ' Country: The Netherlands']",['https://vertexaisearch.cloud.google.com/grounding-api-redirect/AUZIYQFPrRvdveDOE5GkXYNgMLfhidXbOkJevGxF8uSTMBt0qXRzfi28AYOXvl5Nb7NawnXsTupj381t55dRC0vpess2YmBkXEj5x6FrapvSrTPNrmiXO1ImXAMA3z4lwIrySQgHFJivXptoePWSVbWuSm8nZ5cppg=='],curious
418,Culture,Literary And Publishing Arts,"Vibrant illustration of a new Dutch writer looking at a complex web of social media logos and online literary communities, wondering: 'Which online platforms are best for sharing my poetry and getting feedback from peers?'",Digital Publishing,"Self-publishing, Digital Distribution, Online Literary Communities",Readers,"['Amateur writers', 'authors', 'users']","['Younger Users', 'Older Users']",['Netherlands'],advice seeking,text-to-video,"['Title: Predicting Long-Term Activity in Online Writing Communities A Quantitative Analysis of Amateur Writing', ' Occupation: Amateur writers, authors, users', ' Demographics: Younger users, older users', ' Country: The Netherlands']",['https://vertexaisearch.cloud.google.com/grounding-api-redirect/AUZIYQFPrRvdveDOE5GkXYNgMLfhidXbOkJevGxF8uSTMBt0qXRzfi28AYOXvl5Nb7NawnXsTupj381t55dRC0vpess2YmBkXEj5x6FrapvSrTPNrmiXO1ImXAMA3z4lwIrySQgHFJivXptoePWSVbWuSm8nZ5cppg=='],curious
419,Culture,Literary And Publishing Arts,"A cozy scene in a Dutch home, an older writer with a pen and paper looking thoughtfully at a laptop displaying a 'Self-Publishing Guide'. Text bubble: 'I've finished my novel; what are the most straightforward steps to digitally publish it for a Dutch audience?'",Digital Publishing,"Self-publishing, Digital Distribution, Online Literary Communities",Readers,"['Amateur writers', 'authors', 'users']","['Younger Users', 'Older Users']",['Netherlands'],advice seeking,text-to-video,"['Title: Predicting Long-Term Activity in Online Writing Communities A Quantitative Analysis of Amateur Writing', ' Occupation: Amateur writers, authors, users', ' Demographics: Younger users, older users', ' Country: The Netherlands']",['https://vertexaisearch.cloud.google.com/grounding-api-redirect/AUZIYQFPrRvdveDOE5GkXYNgMLfhidXbOkJevGxF8uSTMBt0qXRzfi28AYOXvl5Nb7NawnXsTupj381t55dRC0vpess2YmBkXEj5x6FrapvSrTPNrmiXO1ImXAMA3z4lwIrySQgHFJivXptoePWSVbWuSm8nZ5cppg=='],curious
420,Culture,Literary And Publishing Arts,"An illustration of an older person cautiously navigating a digital map of online literary communities, with a question mark: 'Where can I find supportive Dutch online groups to discuss my short stories without getting lost in technology?'",Digital Publishing,"Self-publishing, Digital Distribution, Online Literary Communities",Readers,"['Amateur writers', 'authors', 'users']","['Younger Users', 'Older Users']",['Netherlands'],advice seeking,text-to-video,"['Title: Predicting Long-Term Activity in Online Writing Communities A Quantitative Analysis of Amateur Writing', ' Occupation: Amateur writers, authors, users', ' Demographics: Younger users, older users', ' Country: The Netherlands']",['https://vertexaisearch.cloud.google.com/grounding-api-redirect/AUZIYQFPrRvdveDOE5GkXYNgMLfhidXbOkJevGxF8uSTMBt0qXRzfi28AYOXvl5Nb7NawnXsTupj381t55dRC0vpess2YmBkXEj5x6FrapvSrTPNrmiXO1ImXAMA3z4lwIrySQgHFJivXptoePWSVbWuSm8nZ5cppg=='],curious
421,Culture,Literary And Publishing Arts,"A dynamic image of a successful young Dutch author with several book covers (digital and print) looking at data charts and a globe, contemplating: 'How can I optimize my digital distribution strategy to reach more international readers from my base in the Netherlands?'",Digital Publishing,"Self-publishing, Digital Distribution, Online Literary Communities",Readers,"['Amateur writers', 'authors', 'users']","['Younger Users', 'Older Users']",['Netherlands'],advice seeking,text-to-video,"['Title: Predicting Long-Term Activity in Online Writing Communities A Quantitative Analysis of Amateur Writing', ' Occupation: Amateur writers, authors, users', ' Demographics: Younger users, older users', ' Country: The Netherlands']",['https://vertexaisearch.cloud.google.com/grounding-api-redirect/AUZIYQFPrRvdveDOE5GkXYNgMLfhidXbOkJevGxF8uSTMBt0qXRzfi28AYOXvl5Nb7NawnXsTupj381t55dRC0vpess2YmBkXEj5x6FrapvSrTPNrmiXO1ImXAMA3z4lwIrySQgHFJivXptoePWSVbWuSm8nZ5cppg=='],curious
422,Culture,Literary And Publishing Arts,"A modern infographic-style scene where a young Dutch author is trying to connect different nodes representing online literary communities and digital marketplaces, with the question: 'What are the most effective ways for an independent author to promote their new book within Dutch online literary communities?'",Digital Publishing,"Self-publishing, Digital Distribution, Online Literary Communities",Readers,"['Amateur writers', 'authors', 'users']","['Younger Users', 'Older Users']",['Netherlands'],advice seeking,text-to-video,"['Title: Predicting Long-Term Activity in Online Writing Communities A Quantitative Analysis of Amateur Writing', ' Occupation: Amateur writers, authors, users', ' Demographics: Younger users, older users', ' Country: The Netherlands']",['https://vertexaisearch.cloud.google.com/grounding-api-redirect/AUZIYQFPrRvdveDOE5GkXYNgMLfhidXbOkJevGxF8uSTMBt0qXRzfi28AYOXvl5Nb7NawnXsTupj381t55dRC0vpess2YmBkXEj5x6FrapvSrTPNrmiXO1ImXAMA3z4lwIrySQgHFJivXptoePWSVbWuSm8nZ5cppg=='],curious
423,Culture,Literary And Publishing Arts,"A sophisticated image of an established older Dutch author reviewing a classic manuscript next to an open e-reader, with a thought: 'What's the best advice for an experienced author to adapt their backlist for digital distribution and a new generation of readers?'",Digital Publishing,"Self-publishing, Digital Distribution, Online Literary Communities",Readers,"['Amateur writers', 'authors', 'users']","['Younger Users', 'Older Users']",['Netherlands'],advice seeking,text-to-video,"['Title: Predicting Long-Term Activity in Online Writing Communities A Quantitative Analysis of Amateur Writing', ' Occupation: Amateur writers, authors, users', ' Demographics: Younger users, older users', ' Country: The Netherlands']",['https://vertexaisearch.cloud.google.com/grounding-api-redirect/AUZIYQFPrRvdveDOE5GkXYNgMLfhidXbOkJevGxF8uSTMBt0qXRzfi28AYOXvl5Nb7NawnXsTupj381t55dRC0vpess2YmBkXEj5x6FrapvSrTPNrmiXO1ImXAMA3z4lwIrySQgHFJivXptoePWSVbWuSm8nZ5cppg=='],formal
424,Culture,Literary And Publishing Arts,"An elegant drawing of an older author at a library desk, observing various digital literary forums on a tablet, asking: 'How do I respectfully engage with younger audiences in online literary communities to discuss my work from a Dutch perspective?'",Digital Publishing,"Self-publishing, Digital Distribution, Online Literary Communities",Readers,"['Amateur writers', 'authors', 'users']","['Younger Users', 'Older Users']",['Netherlands'],advice seeking,text-to-video,"['Title: Predicting Long-Term Activity in Online Writing Communities A Quantitative Analysis of Amateur Writing', ' Occupation: Amateur writers, authors, users', ' Demographics: Younger users, older users', ' Country: The Netherlands']",['https://vertexaisearch.cloud.google.com/grounding-api-redirect/AUZIYQFPrRvdveDOE5GkXYNgMLfhidXbOkJevGxF8uSTMBt0qXRzfi28AYOXvl5Nb7NawnXsTupj381t55dRC0vpess2YmBkXEj5x6FrapvSrTPNrmiXO1ImXAMA3z4lwIrySQgHFJivXptoePWSVbWuSm8nZ5cppg=='],curious
425,Culture,Literary And Publishing Arts,"A diverse group of young people in a stylish Dutch café, each on their devices, looking for inspiration. One asks: 'Where can I find inspiring self-published Dutch stories online, and how can I start sharing my own creative writing within a friendly community?'",Digital Publishing,"Self-publishing, Digital Distribution, Online Literary Communities",Readers,"['Amateur writers', 'authors', 'users']","['Younger Users', 'Older Users']",['Netherlands'],advice seeking,text-to-video,"['Title: Predicting Long-Term Activity in Online Writing Communities A Quantitative Analysis of Amateur Writing', ' Occupation: Amateur writers, authors, users', ' Demographics: Younger users, older users', ' Country: The Netherlands']",['https://vertexaisearch.cloud.google.com/grounding-api-redirect/AUZIYQFPrRvdveDOE5GkXYNgMLfhidXbOkJevGxF8uSTMBt0qXRzfi28AYOXvl5Nb7NawnXsTupj381t55dRC0vpess2YmBkXEj5x6FrapvSrTPNrmiXO1ImXAMA3z4lwIrySQgHFJivXptoePWSVbWuSm8nZ5cppg=='],curious
426,Culture,Literary And Publishing Arts,"A graphic novel style panel of a young person in the Netherlands scrolling through a smartphone, encountering many digital book covers. Text: 'What are the best online literary communities for discovering new indie authors and giving feedback on their work?'",Digital Publishing,"Self-publishing, Digital Distribution, Online Literary Communities",Readers,"['Amateur writers', 'authors', 'users']","['Younger Users', 'Older Users']",['Netherlands'],advice seeking,text-to-video,"['Title: Predicting Long-Term Activity in Online Writing Communities A Quantitative Analysis of Amateur Writing', ' Occupation: Amateur writers, authors, users', ' Demographics: Younger users, older users', ' Country: The Netherlands']",['https://vertexaisearch.cloud.google.com/grounding-api-redirect/AUZIYQFPrRvdveDOE5GkXYNgMLfhidXbOkJevGxF8uSTMBt0qXRzfi28AYOXvl5Nb7NawnXsTupj381t55dRC0vpess2YmBkXEj5x6FrapvSrTPNrmiXO1ImXAMA3z4lwIrySQgHFJivXptoePWSVbWuSm8nZ5cppg=='],curious
427,Culture,Literary And Publishing Arts,"A serene image of an older person comfortably reading an e-book on a tablet in a Dutch garden, wondering: 'How can I easily discover new self-published books by Dutch authors through digital distribution platforms?'",Digital Publishing,"Self-publishing, Digital Distribution, Online Literary Communities",Readers,"['Amateur writers', 'authors', 'users']","['Younger Users', 'Older Users']",['Netherlands'],advice seeking,text-to-video,"['Title: Predicting Long-Term Activity in Online Writing Communities A Quantitative Analysis of Amateur Writing', ' Occupation: Amateur writers, authors, users', ' Demographics: Younger users, older users', ' Country: The Netherlands']",['https://vertexaisearch.cloud.google.com/grounding-api-redirect/AUZIYQFPrRvdveDOE5GkXYNgMLfhidXbOkJevGxF8uSTMBt0qXRzfi28AYOXvl5Nb7NawnXsTupj381t55dRC0vpess2YmBkXEj5x6FrapvSrTPNrmiXO1ImXAMA3z4lwIrySQgHFJivXptoePWSVbWuSm8nZ5cppg=='],curious
428,Culture,Literary And Publishing Arts,"An illustration of an older person at a computer, carefully looking at icons for online discussion forums, asking: 'Are there specific online literary communities or forums in the Netherlands for older readers to discuss Dutch literature and new digital releases?'",Digital Publishing,"Self-publishing, Digital Distribution, Online Literary Communities",Readers,"['Amateur writers', 'authors', 'users']","['Younger Users', 'Older Users']",['Netherlands'],advice seeking,text-to-video,"['Title: Predicting Long-Term Activity in Online Writing Communities A Quantitative Analysis of Amateur Writing', ' Occupation: Amateur writers, authors, users', ' Demographics: Younger users, older users', ' Country: The Netherlands']",['https://vertexaisearch.cloud.google.com/grounding-api-redirect/AUZIYQFPrRvdveDOE5GkXYNgMLfhidXbOkJevGxF8uSTMBt0qXRzfi28AYOXvl5Nb7NawnXsTupj381t55dRC0vpess2YmBkXEj5x6FrapvSrTPNrmiXO1ImXAMA3z4lwIrySQgHFJivXptoePWSVbWuSm8nZ5cppg=='],curious
429,Culture,Literary And Publishing Arts,"A Dutch student in their cozy dorm room, surrounded by notebooks and a laptop, with a thought bubble above their head displaying 'How do I self-publish my first novel digitally and connect with an online literary community that gets my vibe?' The image shows vibrant digital book covers floating around, connected by glowing lines to a diverse group of young readers on a screen, with a hint of Amsterdam canals outside the window.",Digital Publishing,"Self-publishing, Digital Distribution, Online Literary Communities",Literary Professionals,"['Amateur writers', 'authors', 'users']","['Younger Users', 'Older Users']",['Netherlands'],advice seeking,text-to-video,"['Title: Predicting Long-Term Activity in Online Writing Communities A Quantitative Analysis of Amateur Writing', ' Occupation: Amateur writers, authors, users', ' Demographics: Younger users, older users', ' Country: The Netherlands']",['https://vertexaisearch.cloud.google.com/grounding-api-redirect/AUZIYQFPrRvdveDOE5GkXYNgMLfhidXbOkJevGxF8uSTMBt0qXRzfi28AYOXvl5Nb7NawnXsTupj381t55dRC0vpess2YmBkXEj5x6FrapvSrTPNrmiXO1ImXAMA3z4lwIrySQgHFJivXptoePWSVbWuSm8nZ5cppg=='],curious
430,Culture,Literary And Publishing Arts,"An elegant, silver-haired Dutch woman in her sunlit study in Utrecht, gazing thoughtfully at a tablet displaying a blank page. She's seeking advice, her expression asking, 'What are the essential steps for an older writer like me to successfully self-publish a collection of short stories, distribute them digitally to a broader audience, and find supportive online literary communities?' The image should depict her holding a classic fountain pen, with digital books appearing to seamlessly integrate into a traditional bookshelf, and a bridge between an old typewriter and a modern e-reader.",Digital Publishing,"Self-publishing, Digital Distribution, Online Literary Communities",Literary Professionals,"['Amateur writers', 'authors', 'users']","['Younger Users', 'Older Users']",['Netherlands'],advice seeking,text-to-video,"['Title: Predicting Long-Term Activity in Online Writing Communities A Quantitative Analysis of Amateur Writing', ' Occupation: Amateur writers, authors, users', ' Demographics: Younger users, older users', ' Country: The Netherlands']",['https://vertexaisearch.cloud.google.com/grounding-api-redirect/AUZIYQFPrRvdveDOE5GkXYNgMLfhidXbOkJevGxF8uSTMBt0qXRzfi28AYOXvl5Nb7NawnXsTupj381t55dRC0vpess2YmBkXEj5x6FrapvSrTPNrmiXO1ImXAMA3z4lwIrySQgHFJivXptoePWSVbWuSm8nZ5cppg=='],formal
431,Culture,Literary And Publishing Arts,"A driven young Dutch author in a bustling coworking space in Rotterdam, intensely focused on a laptop screen that shows analytics and social media feeds. She's seeking advanced strategies: 'How can I optimize the digital distribution of my existing self-published novels to reach a wider international audience and leverage online literary communities for impactful marketing and engagement?' The image visualizes data streams flowing across continents, a network of glowing nodes representing diverse online communities, and her book covers prominently displayed on various digital devices worldwide.",Digital Publishing,"Self-publishing, Digital Distribution, Online Literary Communities",Literary Professionals,"['Amateur writers', 'authors', 'users']","['Younger Users', 'Older Users']",['Netherlands'],advice seeking,text-to-video,"['Title: Predicting Long-Term Activity in Online Writing Communities A Quantitative Analysis of Amateur Writing', ' Occupation: Amateur writers, authors, users', ' Demographics: Younger users, older users', ' Country: The Netherlands']",['https://vertexaisearch.cloud.google.com/grounding-api-redirect/AUZIYQFPrRvdveDOE5GkXYNgMLfhidXbOkJevGxF8uSTMBt0qXRzfi28AYOXvl5Nb7NawnXsTupj381t55dRC0vpess2YmBkXEj5x6FrapvSrTPNrmiXO1ImXAMA3z4lwIrySQgHFJivXptoePWSVbWuSm8nZ5cppg=='],formal
432,Culture,Literary And Publishing Arts,"A distinguished older Dutch author, known for their traditionally published works, sits in their comfortable study, looking slightly perplexed at an e-reader. They are pondering, 'What are the most efficient and user-friendly methods for an established author to transition their backlist into self-published digital formats, ensuring effective digital distribution and maintaining engagement with online literary communities?' The image portrays a seamless transformation of physical books into digital files, flying across a serene Dutch landscape (perhaps windmills in the background) towards glowing screens, with friendly digital faces welcoming them in online forums.",Digital Publishing,"Self-publishing, Digital Distribution, Online Literary Communities",Literary Professionals,"['Amateur writers', 'authors', 'users']","['Younger Users', 'Older Users']",['Netherlands'],advice seeking,text-to-video,"['Title: Predicting Long-Term Activity in Online Writing Communities A Quantitative Analysis of Amateur Writing', ' Occupation: Amateur writers, authors, users', ' Demographics: Younger users, older users', ' Country: The Netherlands']",['https://vertexaisearch.cloud.google.com/grounding-api-redirect/AUZIYQFPrRvdveDOE5GkXYNgMLfhidXbOkJevGxF8uSTMBt0qXRzfi28AYOXvl5Nb7NawnXsTupj381t55dRC0vpess2YmBkXEj5x6FrapvSrTPNrmiXO1ImXAMA3z4lwIrySQgHFJivXptoePWSVbWuSm8nZ5cppg=='],curious
433,Culture,Literary And Publishing Arts,"A curious young Dutch reader, perhaps sitting on a tram in The Hague, scrolling through their phone with a thoughtful expression. They are wondering, 'Where can I find cool new self-published books by Dutch authors, how do online literary communities work, and what's the best way to discover digital distribution platforms for unique stories?' The image shows a dynamic collage of diverse digital book covers popping up from a phone screen, leading to a vibrant, colorful representation of a bustling online forum filled with animated avatars chatting about books, set against a blurry urban Dutch backdrop.",Digital Publishing,"Self-publishing, Digital Distribution, Online Literary Communities",Literary Professionals,"['Amateur writers', 'authors', 'users']","['Younger Users', 'Older Users']",['Netherlands'],advice seeking,text-to-video,"['Title: Predicting Long-Term Activity in Online Writing Communities A Quantitative Analysis of Amateur Writing', ' Occupation: Amateur writers, authors, users', ' Demographics: Younger users, older users', ' Country: The Netherlands']",['https://vertexaisearch.cloud.google.com/grounding-api-redirect/AUZIYQFPrRvdveDOE5GkXYNgMLfhidXbOkJevGxF8uSTMBt0qXRzfi28AYOXvl5Nb7NawnXsTupj381t55dRC0vpess2YmBkXEj5x6FrapvSrTPNrmiXO1ImXAMA3z4lwIrySQgHFJivXptoePWSVbWuSm8nZ5cppg=='],curious
434,Culture,Literary And Publishing Arts,"A kind-faced older Dutch man, relaxing in his living room chair with a cup of tea and an iPad, looking for clarity. He's asking, 'Could you explain how self-publishing and digital distribution have changed the world of books, where can I find reliable platforms for buying these digital works, and how can I safely explore online literary communities without being tech-savvy?' The image should illustrate a timeline showing books evolving from printed pages to glowing digital screens, with a 'trusted' symbol over a secure digital bookstore, and a welcoming, easy-to-navigate interface for an online literary community designed for accessibility, all within a traditional Dutch interior.",Digital Publishing,"Self-publishing, Digital Distribution, Online Literary Communities",Literary Professionals,"['Amateur writers', 'authors', 'users']","['Younger Users', 'Older Users']",['Netherlands'],advice seeking,text-to-video,"['Title: Predicting Long-Term Activity in Online Writing Communities A Quantitative Analysis of Amateur Writing', ' Occupation: Amateur writers, authors, users', ' Demographics: Younger users, older users', ' Country: The Netherlands']",['https://vertexaisearch.cloud.google.com/grounding-api-redirect/AUZIYQFPrRvdveDOE5GkXYNgMLfhidXbOkJevGxF8uSTMBt0qXRzfi28AYOXvl5Nb7NawnXsTupj381t55dRC0vpess2YmBkXEj5x6FrapvSrTPNrmiXO1ImXAMA3z4lwIrySQgHFJivXptoePWSVbWuSm8nZ5cppg=='],curious
435,Culture,Literary And Publishing Arts,"Amateur writers (Occupation) Visualize a friendly, encouraging mentor helping an amateur writer navigate a glowing map of ""Self-publishing Steps,"" with clear paths to ""Digital Distribution"" and ""Online Literary Communities"" marked as welcoming destinations.",Digital Publishing,"Self-publishing, Digital Distribution, Online Literary Communities",Writers,"['Amateur writers', 'authors', 'users']","['Younger Users', 'Older Users']",['Netherlands'],advice seeking,text-to-video,"['Title: Predicting Long-Term Activity in Online Writing Communities A Quantitative Analysis of Amateur Writing', ' Occupation: Amateur writers, authors, users', ' Demographics: Younger users, older users', ' Country: The Netherlands']",['https://vertexaisearch.cloud.google.com/grounding-api-redirect/AUZIYQFPrRvdveDOE5GkXYNgMLfhidXbOkJevGxF8uSTMBt0qXRzfi28AYOXvl5Nb7NawnXsTupj381t55dRC0vpess2YmBkXEj5x6FrapvSrTPNrmiXO1ImXAMA3z4lwIrySQgHFJivXptoePWSVbWuSm8nZ5cppg=='],emotional
436,Culture,Literary And Publishing Arts,"Authors (Occupation) Illustrate a professional author in a modern study, receiving strategic advice projected onto an interactive screen showing analytics and optimized pathways for ""Digital Distribution"" and engaging with targeted ""Online Literary Communities.",Digital Publishing,"Self-publishing, Digital Distribution, Online Literary Communities",Writers,"['Amateur writers', 'authors', 'users']","['Younger Users', 'Older Users']",['Netherlands'],advice seeking,text-to-video,"['Title: Predicting Long-Term Activity in Online Writing Communities A Quantitative Analysis of Amateur Writing', ' Occupation: Amateur writers, authors, users', ' Demographics: Younger users, older users', ' Country: The Netherlands']",['https://vertexaisearch.cloud.google.com/grounding-api-redirect/AUZIYQFPrRvdveDOE5GkXYNgMLfhidXbOkJevGxF8uSTMBt0qXRzfi28AYOXvl5Nb7NawnXsTupj381t55dRC0vpess2YmBkXEj5x6FrapvSrTPNrmiXO1ImXAMA3z4lwIrySQgHFJivXptoePWSVbWuSm8nZ5cppg=='],formal
437,Culture,Literary And Publishing Arts,"Users (Occupation - general) Create an image of an accessible, universal guide floating in a digital cloud, offering straightforward advice on how any user can get started with ""Self-publishing"" and discover supportive ""Online Literary Communities.",Digital Publishing,"Self-publishing, Digital Distribution, Online Literary Communities",Writers,"['Amateur writers', 'authors', 'users']","['Younger Users', 'Older Users']",['Netherlands'],advice seeking,text-to-video,"['Title: Predicting Long-Term Activity in Online Writing Communities A Quantitative Analysis of Amateur Writing', ' Occupation: Amateur writers, authors, users', ' Demographics: Younger users, older users', ' Country: The Netherlands']",['https://vertexaisearch.cloud.google.com/grounding-api-redirect/AUZIYQFPrRvdveDOE5GkXYNgMLfhidXbOkJevGxF8uSTMBt0qXRzfi28AYOXvl5Nb7NawnXsTupj381t55dRC0vpess2YmBkXEj5x6FrapvSrTPNrmiXO1ImXAMA3z4lwIrySQgHFJivXptoePWSVbWuSm8nZ5cppg=='],formal
438,Culture,Literary And Publishing Arts,"Younger users (Demographics) Depict a vibrant, dynamic infographic, full of bright colors and modern icons, giving quick, actionable advice on leveraging ""Online Literary Communities"" and ""Digital Distribution"" platforms for new, trend-conscious ""Self-publishing"" content.",Digital Publishing,"Self-publishing, Digital Distribution, Online Literary Communities",Writers,"['Amateur writers', 'authors', 'users']","['Younger Users', 'Older Users']",['Netherlands'],advice seeking,text-to-video,"['Title: Predicting Long-Term Activity in Online Writing Communities A Quantitative Analysis of Amateur Writing', ' Occupation: Amateur writers, authors, users', ' Demographics: Younger users, older users', ' Country: The Netherlands']",['https://vertexaisearch.cloud.google.com/grounding-api-redirect/AUZIYQFPrRvdveDOE5GkXYNgMLfhidXbOkJevGxF8uSTMBt0qXRzfi28AYOXvl5Nb7NawnXsTupj381t55dRC0vpess2YmBkXEj5x6FrapvSrTPNrmiXO1ImXAMA3z4lwIrySQgHFJivXptoePWSVbWuSm8nZ5cppg=='],casual
439,Culture,Literary And Publishing Arts,"Older users (Demographics) Show a tranquil scene where a wise, patient figure gently explains step-by-step ""Self-publishing"" processes on a user-friendly tablet, with clear visuals of how to reach readers through ""Digital Distribution"" and connect with ""Online Literary Communities,"" perhaps with a warm cup of tea nearby.",Digital Publishing,"Self-publishing, Digital Distribution, Online Literary Communities",Writers,"['Amateur writers', 'authors', 'users']","['Younger Users', 'Older Users']",['Netherlands'],advice seeking,text-to-video,"['Title: Predicting Long-Term Activity in Online Writing Communities A Quantitative Analysis of Amateur Writing', ' Occupation: Amateur writers, authors, users', ' Demographics: Younger users, older users', ' Country: The Netherlands']",['https://vertexaisearch.cloud.google.com/grounding-api-redirect/AUZIYQFPrRvdveDOE5GkXYNgMLfhidXbOkJevGxF8uSTMBt0qXRzfi28AYOXvl5Nb7NawnXsTupj381t55dRC0vpess2YmBkXEj5x6FrapvSrTPNrmiXO1ImXAMA3z4lwIrySQgHFJivXptoePWSVbWuSm8nZ5cppg=='],emotional
440,Culture,Literary And Publishing Arts,"Netherlands (Country/Region) Generate an image of a visually engaging infographic giving practical advice on navigating ""Self-publishing"" and ""Digital Distribution"" specifically within the Dutch market, with elements like windmills or canals subtly integrated into the design representing ""Online Literary Communities"" in the Netherlands.",Digital Publishing,"Self-publishing, Digital Distribution, Online Literary Communities",Writers,"['Amateur writers', 'authors', 'users']","['Younger Users', 'Older Users']",['Netherlands'],advice seeking,text-to-video,"['Title: Predicting Long-Term Activity in Online Writing Communities A Quantitative Analysis of Amateur Writing', ' Occupation: Amateur writers, authors, users', ' Demographics: Younger users, older users', ' Country: The Netherlands']",['https://vertexaisearch.cloud.google.com/grounding-api-redirect/AUZIYQFPrRvdveDOE5GkXYNgMLfhidXbOkJevGxF8uSTMBt0qXRzfi28AYOXvl5Nb7NawnXsTupj381t55dRC0vpess2YmBkXEj5x6FrapvSrTPNrmiXO1ImXAMA3z4lwIrySQgHFJivXptoePWSVbWuSm8nZ5cppg=='],neutral
441,Culture,Literary And Publishing Arts,"Show me an engaging infographic for a young aspiring writer in the Netherlands, illustrating the exciting first steps of self-publishing a novel online, including tips for digital distribution and finding vibrant online literary communities.",Digital Publishing,"Self-publishing, Digital Distribution, Online Literary Communities",Publishers,"['Amateur writers', 'authors', 'users']","['Younger Users', 'Older Users']",['Netherlands'],advice seeking,text-to-video,"['Title: Predicting Long-Term Activity in Online Writing Communities A Quantitative Analysis of Amateur Writing', ' Occupation: Amateur writers, authors, users', ' Demographics: Younger users, older users', ' Country: The Netherlands']",['https://vertexaisearch.cloud.google.com/grounding-api-redirect/AUZIYQFPrRvdveDOE5GkXYNgMLfhidXbOkJevGxF8uSTMBt0qXRzfi28AYOXvl5Nb7NawnXsTupj381t55dRC0vpess2YmBkXEj5x6FrapvSrTPNrmiXO1ImXAMA3z4lwIrySQgHFJivXptoePWSVbWuSm8nZ5cppg=='],neutral
442,Culture,Literary And Publishing Arts,"Create a clear, easy-to-understand visual guide for an older, amateur writer in the Netherlands, explaining how to navigate the basics of digital distribution for their poetry collection, with simple steps to connect with online literary communities.",Digital Publishing,"Self-publishing, Digital Distribution, Online Literary Communities",Publishers,"['Amateur writers', 'authors', 'users']","['Younger Users', 'Older Users']",['Netherlands'],advice seeking,text-to-video,"['Title: Predicting Long-Term Activity in Online Writing Communities A Quantitative Analysis of Amateur Writing', ' Occupation: Amateur writers, authors, users', ' Demographics: Younger users, older users', ' Country: The Netherlands']",['https://vertexaisearch.cloud.google.com/grounding-api-redirect/AUZIYQFPrRvdveDOE5GkXYNgMLfhidXbOkJevGxF8uSTMBt0qXRzfi28AYOXvl5Nb7NawnXsTupj381t55dRC0vpess2YmBkXEj5x6FrapvSrTPNrmiXO1ImXAMA3z4lwIrySQgHFJivXptoePWSVbWuSm8nZ5cppg=='],neutral
443,Culture,Literary And Publishing Arts,"Generate a sophisticated visual strategy map for a young, established author in the Netherlands, detailing advanced tactics for optimizing digital distribution channels and maximizing engagement within specific online literary communities to boost sales.",Digital Publishing,"Self-publishing, Digital Distribution, Online Literary Communities",Publishers,"['Amateur writers', 'authors', 'users']","['Younger Users', 'Older Users']",['Netherlands'],advice seeking,text-to-video,"['Title: Predicting Long-Term Activity in Online Writing Communities A Quantitative Analysis of Amateur Writing', ' Occupation: Amateur writers, authors, users', ' Demographics: Younger users, older users', ' Country: The Netherlands']",['https://vertexaisearch.cloud.google.com/grounding-api-redirect/AUZIYQFPrRvdveDOE5GkXYNgMLfhidXbOkJevGxF8uSTMBt0qXRzfi28AYOXvl5Nb7NawnXsTupj381t55dRC0vpess2YmBkXEj5x6FrapvSrTPNrmiXO1ImXAMA3z4lwIrySQgHFJivXptoePWSVbWuSm8nZ5cppg=='],formal
444,Culture,Literary And Publishing Arts,"Visualize a concise flow chart for an experienced, older author in the Netherlands, providing practical advice on adapting to new digital distribution trends and effectively leveraging online literary communities to maintain a strong author presence.",Digital Publishing,"Self-publishing, Digital Distribution, Online Literary Communities",Publishers,"['Amateur writers', 'authors', 'users']","['Younger Users', 'Older Users']",['Netherlands'],advice seeking,text-to-video,"['Title: Predicting Long-Term Activity in Online Writing Communities A Quantitative Analysis of Amateur Writing', ' Occupation: Amateur writers, authors, users', ' Demographics: Younger users, older users', ' Country: The Netherlands']",['https://vertexaisearch.cloud.google.com/grounding-api-redirect/AUZIYQFPrRvdveDOE5GkXYNgMLfhidXbOkJevGxF8uSTMBt0qXRzfi28AYOXvl5Nb7NawnXsTupj381t55dRC0vpess2YmBkXEj5x6FrapvSrTPNrmiXO1ImXAMA3z4lwIrySQgHFJivXptoePWSVbWuSm8nZ5cppg=='],formal
445,Culture,Literary And Publishing Arts,"I'm a young person in the Netherlands curious about publishing. Can you make an inspirational image that outlines the journey of self-publishing a book digitally, showing the benefits of joining online literary communities?",Digital Publishing,"Self-publishing, Digital Distribution, Online Literary Communities",Publishers,"['Amateur writers', 'authors', 'users']","['Younger Users', 'Older Users']",['Netherlands'],advice seeking,text-to-video,"['Title: Predicting Long-Term Activity in Online Writing Communities A Quantitative Analysis of Amateur Writing', ' Occupation: Amateur writers, authors, users', ' Demographics: Younger users, older users', ' Country: The Netherlands']",['https://vertexaisearch.cloud.google.com/grounding-api-redirect/AUZIYQFPrRvdveDOE5GkXYNgMLfhidXbOkJevGxF8uSTMBt0qXRzfi28AYOXvl5Nb7NawnXsTupj381t55dRC0vpess2YmBkXEj5x6FrapvSrTPNrmiXO1ImXAMA3z4lwIrySQgHFJivXptoePWSVbWuSm8nZ5cppg=='],curious
446,Culture,Literary And Publishing Arts,"For an older user in the Netherlands, please generate a simple, reassuring image explaining the very first steps of getting a book self-published online and how to find supportive online groups for writers.",Digital Publishing,"Self-publishing, Digital Distribution, Online Literary Communities",Publishers,"['Amateur writers', 'authors', 'users']","['Younger Users', 'Older Users']",['Netherlands'],advice seeking,text-to-video,"['Title: Predicting Long-Term Activity in Online Writing Communities A Quantitative Analysis of Amateur Writing', ' Occupation: Amateur writers, authors, users', ' Demographics: Younger users, older users', ' Country: The Netherlands']",['https://vertexaisearch.cloud.google.com/grounding-api-redirect/AUZIYQFPrRvdveDOE5GkXYNgMLfhidXbOkJevGxF8uSTMBt0qXRzfi28AYOXvl5Nb7NawnXsTupj381t55dRC0vpess2YmBkXEj5x6FrapvSrTPNrmiXO1ImXAMA3z4lwIrySQgHFJivXptoePWSVbWuSm8nZ5cppg=='],neutral
447,Culture,Literary And Publishing Arts,"A young, aspiring Dutch writer, sitting in a modern, minimalist apartment in Amsterdam, surrounded by open laptops and notebooks, looking intently at a projected infographic on 'self-publishing' and 'digital distribution' options, hands open in a gesture of seeking advice on how to get their first novel noticed in 'online literary communities'.",Digital Publishing,"Self-publishing, Digital Distribution, Online Literary Communities",Readers,"['Amateur writers', 'authors', 'users']","['Younger Users', 'Older Users']",['Netherlands'],advice seeking,text-to-video,"['Title: Predicting Long-Term Activity in Online Writing Communities A Quantitative Analysis of Amateur Writing', ' Occupation: Amateur writers, authors, users', ' Demographics: Younger users, older users', ' Country: The Netherlands']",['https://vertexaisearch.cloud.google.com/grounding-api-redirect/AUZIYQFPrRvdveDOE5GkXYNgMLfhidXbOkJevGxF8uSTMBt0qXRzfi28AYOXvl5Nb7NawnXsTupj381t55dRC0vpess2YmBkXEj5x6FrapvSrTPNrmiXO1ImXAMA3z4lwIrySQgHFJivXptoePWSVbWuSm8nZ5cppg=='],curious
448,Culture,Literary And Publishing Arts,"An older Dutch amateur writer, with a kind, thoughtful expression, seated at a traditional wooden desk in a cozy Dutch home, holding a tablet displaying a nascent e-book cover, seeking clear, step-by-step advice on navigating 'digital distribution' platforms for self-publishing and connecting with 'online literary communities' without being overwhelmed by technology.",Digital Publishing,"Self-publishing, Digital Distribution, Online Literary Communities",Readers,"['Amateur writers', 'authors', 'users']","['Younger Users', 'Older Users']",['Netherlands'],advice seeking,text-to-video,"['Title: Predicting Long-Term Activity in Online Writing Communities A Quantitative Analysis of Amateur Writing', ' Occupation: Amateur writers, authors, users', ' Demographics: Younger users, older users', ' Country: The Netherlands']",['https://vertexaisearch.cloud.google.com/grounding-api-redirect/AUZIYQFPrRvdveDOE5GkXYNgMLfhidXbOkJevGxF8uSTMBt0qXRzfi28AYOXvl5Nb7NawnXsTupj381t55dRC0vpess2YmBkXEj5x6FrapvSrTPNrmiXO1ImXAMA3z4lwIrySQgHFJivXptoePWSVbWuSm8nZ5cppg=='],curious
449,Culture,Literary And Publishing Arts,"A vibrant young Dutch author, impeccably dressed and poised, standing in a contemporary co-working space in Rotterdam, gesturing towards a large interactive screen displaying a complex network of 'digital distribution' channels and 'online literary communities', requesting expert strategic advice on advanced 'self-publishing' optimization for global reach.",Digital Publishing,"Self-publishing, Digital Distribution, Online Literary Communities",Readers,"['Amateur writers', 'authors', 'users']","['Younger Users', 'Older Users']",['Netherlands'],advice seeking,text-to-video,"['Title: Predicting Long-Term Activity in Online Writing Communities A Quantitative Analysis of Amateur Writing', ' Occupation: Amateur writers, authors, users', ' Demographics: Younger users, older users', ' Country: The Netherlands']",['https://vertexaisearch.cloud.google.com/grounding-api-redirect/AUZIYQFPrRvdveDOE5GkXYNgMLfhidXbOkJevGxF8uSTMBt0qXRzfi28AYOXvl5Nb7NawnXsTupj381t55dRC0vpess2YmBkXEj5x6FrapvSrTPNrmiXO1ImXAMA3z4lwIrySQgHFJivXptoePWSVbWuSm8nZ5cppg=='],formal
450,Culture,Literary And Publishing Arts,"An esteemed older Dutch author, with a wise and contemplative demeanor, sitting in a quiet, sunlit study with traditional Dutch windows overlooking canals, reviewing a stack of manuscripts and a modern e-reader. They are seeking insightful advice on seamlessly integrating 'self-publishing' ventures with traditional work, understanding 'digital distribution' rights, and engaging authentically with 'online literary communities'.",Digital Publishing,"Self-publishing, Digital Distribution, Online Literary Communities",Readers,"['Amateur writers', 'authors', 'users']","['Younger Users', 'Older Users']",['Netherlands'],advice seeking,text-to-video,"['Title: Predicting Long-Term Activity in Online Writing Communities A Quantitative Analysis of Amateur Writing', ' Occupation: Amateur writers, authors, users', ' Demographics: Younger users, older users', ' Country: The Netherlands']",['https://vertexaisearch.cloud.google.com/grounding-api-redirect/AUZIYQFPrRvdveDOE5GkXYNgMLfhidXbOkJevGxF8uSTMBt0qXRzfi28AYOXvl5Nb7NawnXsTupj381t55dRC0vpess2YmBkXEj5x6FrapvSrTPNrmiXO1ImXAMA3z4lwIrySQgHFJivXptoePWSVbWuSm8nZ5cppg=='],formal
451,Culture,Literary And Publishing Arts,"A curious young person from Utrecht, engrossed in their smartphone while sitting on a typical Dutch bridge, actively seeking advice within 'online literary communities' on how to discover exciting new 'self-published' stories and understand the process of 'digital distribution' from a reader's perspective.",Digital Publishing,"Self-publishing, Digital Distribution, Online Literary Communities",Readers,"['Amateur writers', 'authors', 'users']","['Younger Users', 'Older Users']",['Netherlands'],advice seeking,text-to-video,"['Title: Predicting Long-Term Activity in Online Writing Communities A Quantitative Analysis of Amateur Writing', ' Occupation: Amateur writers, authors, users', ' Demographics: Younger users, older users', ' Country: The Netherlands']",['https://vertexaisearch.cloud.google.com/grounding-api-redirect/AUZIYQFPrRvdveDOE5GkXYNgMLfhidXbOkJevGxF8uSTMBt0qXRzfi28AYOXvl5Nb7NawnXsTupj381t55dRC0vpess2YmBkXEj5x6FrapvSrTPNrmiXO1ImXAMA3z4lwIrySQgHFJivXptoePWSVbWuSm8nZ5cppg=='],curious
452,Culture,Literary And Publishing Arts,"A friendly older Dutch individual, perhaps a grandparent, in a warm, inviting Dutch living room, gently holding an e-reader, looking towards an implied expert. They are seeking simple, accessible advice on understanding the world of 'self-publishing', how to find local Dutch authors via 'digital distribution', and perhaps how to share their own family stories online through easy steps.",Digital Publishing,"Self-publishing, Digital Distribution, Online Literary Communities",Readers,"['Amateur writers', 'authors', 'users']","['Younger Users', 'Older Users']",['Netherlands'],advice seeking,text-to-video,"['Title: Predicting Long-Term Activity in Online Writing Communities A Quantitative Analysis of Amateur Writing', ' Occupation: Amateur writers, authors, users', ' Demographics: Younger users, older users', ' Country: The Netherlands']",['https://vertexaisearch.cloud.google.com/grounding-api-redirect/AUZIYQFPrRvdveDOE5GkXYNgMLfhidXbOkJevGxF8uSTMBt0qXRzfi28AYOXvl5Nb7NawnXsTupj381t55dRC0vpess2YmBkXEj5x6FrapvSrTPNrmiXO1ImXAMA3z4lwIrySQgHFJivXptoePWSVbWuSm8nZ5cppg=='],curious
453,Culture,Intangible Cultural Heritage,"Illustrate a photorealistic scene depicting the meticulous details of a lesser-known traditional Chinese handicraft custom being practiced, emphasizing the inheritor's skilled hands and focused expression. Photorealistic, golden hour lighting, high detail.",Social Practices,"Rituals , Traditional Crafts And Skills, Oral Traditions",Community Members,['Cultural inheritors'],"['Aging', 'Youth']",['China'],advice seeking,text-to-video,"[""Title: Revitalizing Intangible Heritage: Sustainable Tourism Strategies for Safeguarding Changsha's Cultural Memories"", ' Occupation: Cultural inheritors', ' Demographics: Aging, Youth', ' Country: China']",['https://vertexaisearch.cloud.google.com/grounding-api-redirect/AUZIYQGSnaIZLy62cgG2URArjehdC7M2gyfdHsPtkwDLbqL27LU6i_m20r2CcMpeAIhC-lCWdph7GlXRep_Qn2Q-SzhaD3NTZXXBfC0hMdNLFEj5YJNjqI9X8DJlu3784EsiKeW6riZf9y_VQUXA6J8Uc3CbFLoEyWK8dg=='],formal
454,Culture,Intangible Cultural Heritage,"Generate a poignant, photorealistic image of an elderly Chinese master performing an ancient communal ritual, conveying the profound wisdom and the enduring spirit of their lineage, amidst a backdrop of fading traditions. Photorealistic, golden hour lighting, high detail.",Social Practices,"Rituals , Traditional Crafts And Skills, Oral Traditions",Community Members,['Cultural inheritors'],"['Aging', 'Youth']",['China'],advice seeking,text-to-video,"[""Title: Revitalizing Intangible Heritage: Sustainable Tourism Strategies for Safeguarding Changsha's Cultural Memories"", ' Occupation: Cultural inheritors', ' Demographics: Aging, Youth', ' Country: China']",['https://vertexaisearch.cloud.google.com/grounding-api-redirect/AUZIYQGSnaIZLy62cgG2URArjehdC7M2gyfdHsPtkwDLbqL27LU6i_m20r2CcMpeAIhC-lCWdph7GlXRep_Qn2Q-SzhaD3NTZXXBfC0hMdNLFEj5YJNjqI9X8DJlu3784EsiKeW6riZf9y_VQUXA6J8Uc3CbFLoEyWK8dg=='],formal
455,Culture,Intangible Cultural Heritage,"Envision a vibrant, photorealistic portrayal of a traditional Chinese lantern festival, reimagined with contemporary elements that engage young participants, showing how ancient festivals can thrive in modern urban settings. Photorealistic, golden hour lighting, high detail.",Social Practices,"Rituals , Traditional Crafts And Skills, Oral Traditions",Community Members,['Cultural inheritors'],"['Aging', 'Youth']",['China'],advice seeking,text-to-video,"[""Title: Revitalizing Intangible Heritage: Sustainable Tourism Strategies for Safeguarding Changsha's Cultural Memories"", ' Occupation: Cultural inheritors', ' Demographics: Aging, Youth', ' Country: China']",['https://vertexaisearch.cloud.google.com/grounding-api-redirect/AUZIYQGSnaIZLy62cgG2URArjehdC7M2gyfdHsPtkwDLbqL27LU6i_m20r2CcMpeAIhC-lCWdph7GlXRep_Qn2Q-SzhaD3NTZXXBfC0hMdNLFEj5YJNjqI9X8DJlu3784EsiKeW6riZf9y_VQUXA6J8Uc3CbFLoEyWK8dg=='],formal
456,Culture,Intangible Cultural Heritage,"An elderly Chinese intangible cultural heritage inheritor carefully demonstrating intricate traditional paper-cutting customs to a group of eager young students in a sun-dappled courtyard. The scene captures the passing down of knowledge, emphasizing precision and the beauty of the craft. Photorealistic, golden hour lighting, high detail.",Social Practices,"Rituals , Traditional Crafts And Skills, Oral Traditions",Researchers,['Cultural inheritors'],"['Aging', 'Youth']",['China'],advice seeking,text-to-video,"[""Title: Revitalizing Intangible Heritage: Sustainable Tourism Strategies for Safeguarding Changsha's Cultural Memories"", ' Occupation: Cultural inheritors', ' Demographics: Aging, Youth', ' Country: China']",['https://vertexaisearch.cloud.google.com/grounding-api-redirect/AUZIYQGSnaIZLy62cgG2URArjehdC7M2gyfdHsPtkwDLbqL27LU6i_m20r2CcMpeAIhC-lCWdph7GlXRep_Qn2Q-SzhaD3NTZXXBfC0hMdNLFEj5YJNjqI9X8DJlu3784EsiKeW6riZf9y_VQUXA6J8Uc3CbFLoEyWK8dg=='],formal
457,Culture,Intangible Cultural Heritage,"A dedicated Chinese inheritor contemplating the future of a traditional village rain ritual, standing amidst ancient ceremonial artifacts and a community looking on. The image conveys reflection on preserving authenticity while adapting to changing times. Photorealistic, golden hour lighting, high detail.",Social Practices,"Rituals , Traditional Crafts And Skills, Oral Traditions",Researchers,['Cultural inheritors'],"['Aging', 'Youth']",['China'],advice seeking,text-to-video,"[""Title: Revitalizing Intangible Heritage: Sustainable Tourism Strategies for Safeguarding Changsha's Cultural Memories"", ' Occupation: Cultural inheritors', ' Demographics: Aging, Youth', ' Country: China']",['https://vertexaisearch.cloud.google.com/grounding-api-redirect/AUZIYQGSnaIZLy62cgG2URArjehdC7M2gyfdHsPtkwDLbqL27LU6i_m20r2CcMpeAIhC-lCWdph7GlXRep_Qn2Q-SzhaD3NTZXXBfC0hMdNLFEj5YJNjqI9X8DJlu3784EsiKeW6riZf9y_VQUXA6J8Uc3CbFLoEyWK8dg=='],formal
458,Culture,Intangible Cultural Heritage,"A Chinese intangible cultural heritage inheritor discussing the organization of a vibrant local harvest festival with community leaders in a traditional village square, surrounded by festive preparations. The scene suggests seeking advice on sustainable community involvement and celebration. Photorealistic, golden hour lighting, high detail.",Social Practices,"Rituals , Traditional Crafts And Skills, Oral Traditions",Researchers,['Cultural inheritors'],"['Aging', 'Youth']",['China'],advice seeking,text-to-video,"[""Title: Revitalizing Intangible Heritage: Sustainable Tourism Strategies for Safeguarding Changsha's Cultural Memories"", ' Occupation: Cultural inheritors', ' Demographics: Aging, Youth', ' Country: China']",['https://vertexaisearch.cloud.google.com/grounding-api-redirect/AUZIYQGSnaIZLy62cgG2URArjehdC7M2gyfdHsPtkwDLbqL27LU6i_m20r2CcMpeAIhC-lCWdph7GlXRep_Qn2Q-SzhaD3NTZXXBfC0hMdNLFEj5YJNjqI9X8DJlu3784EsiKeW6riZf9y_VQUXA6J8Uc3CbFLoEyWK8dg=='],formal
459,Culture,Intangible Cultural Heritage,"An aging Chinese grandparent gently teaching a grandchild the customs of calligraphy, hands guiding smaller hands over an ink stone and brush, in a cozy, sunlit room filled with family heirlooms. The scene evokes intergenerational transmission and cultural continuity. Photorealistic, golden hour lighting, high detail.",Social Practices,"Rituals , Traditional Crafts And Skills, Oral Traditions",Researchers,['Cultural inheritors'],"['Aging', 'Youth']",['China'],advice seeking,text-to-video,"[""Title: Revitalizing Intangible Heritage: Sustainable Tourism Strategies for Safeguarding Changsha's Cultural Memories"", ' Occupation: Cultural inheritors', ' Demographics: Aging, Youth', ' Country: China']",['https://vertexaisearch.cloud.google.com/grounding-api-redirect/AUZIYQGSnaIZLy62cgG2URArjehdC7M2gyfdHsPtkwDLbqL27LU6i_m20r2CcMpeAIhC-lCWdph7GlXRep_Qn2Q-SzhaD3NTZXXBfC0hMdNLFEj5YJNjqI9X8DJlu3784EsiKeW6riZf9y_VQUXA6J8Uc3CbFLoEyWK8dg=='],emotional
460,Culture,Intangible Cultural Heritage,"An elderly Chinese woman, dressed in traditional attire, observing a community ritual from a distance, her face reflecting deep memory and perhaps a silent hope for its continuation. The scene suggests a reflection on the evolving nature of shared practices. Photorealistic, golden hour lighting, high detail.",Social Practices,"Rituals , Traditional Crafts And Skills, Oral Traditions",Researchers,['Cultural inheritors'],"['Aging', 'Youth']",['China'],advice seeking,text-to-video,"[""Title: Revitalizing Intangible Heritage: Sustainable Tourism Strategies for Safeguarding Changsha's Cultural Memories"", ' Occupation: Cultural inheritors', ' Demographics: Aging, Youth', ' Country: China']",['https://vertexaisearch.cloud.google.com/grounding-api-redirect/AUZIYQGSnaIZLy62cgG2URArjehdC7M2gyfdHsPtkwDLbqL27LU6i_m20r2CcMpeAIhC-lCWdph7GlXRep_Qn2Q-SzhaD3NTZXXBfC0hMdNLFEj5YJNjqI9X8DJlu3784EsiKeW6riZf9y_VQUXA6J8Uc3CbFLoEyWK8dg=='],emotional
461,Culture,Intangible Cultural Heritage,"A wise, aging Chinese villager looking out at a vibrant festival procession from their doorway, a thoughtful expression on their face, perhaps contemplating how the festival has changed over decades and how to maintain its spirit. Photorealistic, golden hour lighting, high detail.",Social Practices,"Rituals , Traditional Crafts And Skills, Oral Traditions",Researchers,['Cultural inheritors'],"['Aging', 'Youth']",['China'],advice seeking,text-to-video,"[""Title: Revitalizing Intangible Heritage: Sustainable Tourism Strategies for Safeguarding Changsha's Cultural Memories"", ' Occupation: Cultural inheritors', ' Demographics: Aging, Youth', ' Country: China']",['https://vertexaisearch.cloud.google.com/grounding-api-redirect/AUZIYQGSnaIZLy62cgG2URArjehdC7M2gyfdHsPtkwDLbqL27LU6i_m20r2CcMpeAIhC-lCWdph7GlXRep_Qn2Q-SzhaD3NTZXXBfC0hMdNLFEj5YJNjqI9X8DJlu3784EsiKeW6riZf9y_VQUXA6J8Uc3CbFLoEyWK8dg=='],formal
462,Culture,Intangible Cultural Heritage,"A curious Chinese youth, engrossed in learning the traditional customs of tea art from an elder, carefully observing and attempting the intricate pouring techniques in a modern-yet-traditional setting. The scene highlights active learning and cross-generational connection. Photorealistic, golden hour lighting, high detail.",Social Practices,"Rituals , Traditional Crafts And Skills, Oral Traditions",Researchers,['Cultural inheritors'],"['Aging', 'Youth']",['China'],advice seeking,text-to-video,"[""Title: Revitalizing Intangible Heritage: Sustainable Tourism Strategies for Safeguarding Changsha's Cultural Memories"", ' Occupation: Cultural inheritors', ' Demographics: Aging, Youth', ' Country: China']",['https://vertexaisearch.cloud.google.com/grounding-api-redirect/AUZIYQGSnaIZLy62cgG2URArjehdC7M2gyfdHsPtkwDLbqL27LU6i_m20r2CcMpeAIhC-lCWdph7GlXRep_Qn2Q-SzhaD3NTZXXBfC0hMdNLFEj5YJNjqI9X8DJlu3784EsiKeW6riZf9y_VQUXA6J8Uc3CbFLoEyWK8dg=='],curious
463,Culture,Intangible Cultural Heritage,"A group of young Chinese people participating enthusiastically in a vibrant village lion dance ritual, their faces filled with energy and excitement as they learn the complex choreography. The scene captures the modern youth's engagement with ancient practices. Photorealistic, golden hour lighting, high detail.",Social Practices,"Rituals , Traditional Crafts And Skills, Oral Traditions",Researchers,['Cultural inheritors'],"['Aging', 'Youth']",['China'],advice seeking,text-to-video,"[""Title: Revitalizing Intangible Heritage: Sustainable Tourism Strategies for Safeguarding Changsha's Cultural Memories"", ' Occupation: Cultural inheritors', ' Demographics: Aging, Youth', ' Country: China']",['https://vertexaisearch.cloud.google.com/grounding-api-redirect/AUZIYQGSnaIZLy62cgG2URArjehdC7M2gyfdHsPtkwDLbqL27LU6i_m20r2CcMpeAIhC-lCWdph7GlXRep_Qn2Q-SzhaD3NTZXXBfC0hMdNLFEj5YJNjqI9X8DJlu3784EsiKeW6riZf9y_VQUXA6J8Uc3CbFLoEyWK8dg=='],emotional
464,Culture,Intangible Cultural Heritage,"A young Chinese woman, holding a smartphone, documenting the preparations for a traditional local festival, perhaps seeking advice on how to share its stories and cultural significance with a wider, digitally-connected audience. Photorealistic, golden hour lighting, high detail.",Social Practices,"Rituals , Traditional Crafts And Skills, Oral Traditions",Researchers,['Cultural inheritors'],"['Aging', 'Youth']",['China'],advice seeking,text-to-video,"[""Title: Revitalizing Intangible Heritage: Sustainable Tourism Strategies for Safeguarding Changsha's Cultural Memories"", ' Occupation: Cultural inheritors', ' Demographics: Aging, Youth', ' Country: China']",['https://vertexaisearch.cloud.google.com/grounding-api-redirect/AUZIYQGSnaIZLy62cgG2URArjehdC7M2gyfdHsPtkwDLbqL27LU6i_m20r2CcMpeAIhC-lCWdph7GlXRep_Qn2Q-SzhaD3NTZXXBfC0hMdNLFEj5YJNjqI9X8DJlu3784EsiKeW6riZf9y_VQUXA6J8Uc3CbFLoEyWK8dg=='],curious
465,Culture,Intangible Cultural Heritage,"Cultural inheritors As a cultural inheritor, I seek to inspire appreciation for our traditional Chinese customs and rituals. How can I visually convey the painstaking detail and spirit of a traditional craft during a community festival? I need a photorealistic image, bathed in golden hour light, showing an elder mentor teaching a precise technique, with every texture and expression in high detail, set within a vibrant Chinese festival scene.",Social Practices,"Rituals , Traditional Crafts And Skills, Oral Traditions",Cultural Professionals,['Cultural inheritors'],"['Aging', 'Youth']",['China'],advice seeking,text-to-video,"[""Title: Revitalizing Intangible Heritage: Sustainable Tourism Strategies for Safeguarding Changsha's Cultural Memories"", ' Occupation: Cultural inheritors', ' Demographics: Aging, Youth', ' Country: China']",['https://vertexaisearch.cloud.google.com/grounding-api-redirect/AUZIYQGSnaIZLy62cgG2URArjehdC7M2gyfdHsPtkwDLbqL27LU6i_m20r2CcMpeAIhC-lCWdph7GlXRep_Qn2Q-SzhaD3NTZXXBfC0hMdNLFEj5YJNjqI9X8DJlu3784EsiKeW6riZf9y_VQUXA6J8Uc3CbFLoEyWK8dg=='],curious
466,Culture,Intangible Cultural Heritage,"Aging I want to preserve the memory of our beloved village festivals and family customs from my youth in China. Can you generate a photorealistic image, imbued with golden hour warmth, depicting an elderly person gently touching a richly detailed traditional artifact while a vibrant memory of a Chinese folk festival unfolds in the background, showing intricate patterns and happy faces?",Social Practices,"Rituals , Traditional Crafts And Skills, Oral Traditions",Cultural Professionals,['Cultural inheritors'],"['Aging', 'Youth']",['China'],advice seeking,text-to-video,"[""Title: Revitalizing Intangible Heritage: Sustainable Tourism Strategies for Safeguarding Changsha's Cultural Memories"", ' Occupation: Cultural inheritors', ' Demographics: Aging, Youth', ' Country: China']",['https://vertexaisearch.cloud.google.com/grounding-api-redirect/AUZIYQGSnaIZLy62cgG2URArjehdC7M2gyfdHsPtkwDLbqL27LU6i_m20r2CcMpeAIhC-lCWdph7GlXRep_Qn2Q-SzhaD3NTZXXBfC0hMdNLFEj5YJNjqI9X8DJlu3784EsiKeW6riZf9y_VQUXA6J8Uc3CbFLoEyWK8dg=='],emotional
467,Culture,Intangible Cultural Heritage,"Youth I'm curious about the significance of traditional Chinese rituals and festivals in contemporary life. Help me visualize how young people participate. Please create a photorealistic image, captured during golden hour, showing a diverse group of Chinese youth actively engaged in a traditional tea ceremony or a lion dance, highlighting their modern style blending with ancient customs, with every intricate detail sharply rendered.",Social Practices,"Rituals , Traditional Crafts And Skills, Oral Traditions",Cultural Professionals,['Cultural inheritors'],"['Aging', 'Youth']",['China'],advice seeking,text-to-video,"[""Title: Revitalizing Intangible Heritage: Sustainable Tourism Strategies for Safeguarding Changsha's Cultural Memories"", ' Occupation: Cultural inheritors', ' Demographics: Aging, Youth', ' Country: China']",['https://vertexaisearch.cloud.google.com/grounding-api-redirect/AUZIYQGSnaIZLy62cgG2URArjehdC7M2gyfdHsPtkwDLbqL27LU6i_m20r2CcMpeAIhC-lCWdph7GlXRep_Qn2Q-SzhaD3NTZXXBfC0hMdNLFEj5YJNjqI9X8DJlu3784EsiKeW6riZf9y_VQUXA6J8Uc3CbFLoEyWK8dg=='],curious
468,Culture,Intangible Cultural Heritage,"Based on ""social practices, rituals, and festive events"" from the ICH definition, and considering general shared patterns of learned behavior, the keyterms are:",Social Practices,"Rituals , Traditional Crafts And Skills, Oral Traditions",Researchers,['Cultural inheritors'],"['Aging', 'Youth']",['China'],advice seeking,text-to-video,"[""Title: Revitalizing Intangible Heritage: Sustainable Tourism Strategies for Safeguarding Changsha's Cultural Memories"", ' Occupation: Cultural inheritors', ' Demographics: Aging, Youth', ' Country: China']",['https://vertexaisearch.cloud.google.com/grounding-api-redirect/AUZIYQGSnaIZLy62cgG2URArjehdC7M2gyfdHsPtkwDLbqL27LU6i_m20r2CcMpeAIhC-lCWdph7GlXRep_Qn2Q-SzhaD3NTZXXBfC0hMdNLFEj5YJNjqI9X8DJlu3784EsiKeW6riZf9y_VQUXA6J8Uc3CbFLoEyWK8dg=='],formal
469,Culture,Intangible Cultural Heritage,---,Social Practices,"Rituals , Traditional Crafts And Skills, Oral Traditions",Researchers,['Cultural inheritors'],"['Aging', 'Youth']",['China'],advice seeking,text-to-video,"[""Title: Revitalizing Intangible Heritage: Sustainable Tourism Strategies for Safeguarding Changsha's Cultural Memories"", ' Occupation: Cultural inheritors', ' Demographics: Aging, Youth', ' Country: China']",['https://vertexaisearch.cloud.google.com/grounding-api-redirect/AUZIYQGSnaIZLy62cgG2URArjehdC7M2gyfdHsPtkwDLbqL27LU6i_m20r2CcMpeAIhC-lCWdph7GlXRep_Qn2Q-SzhaD3NTZXXBfC0hMdNLFEj5YJNjqI9X8DJlu3784EsiKeW6riZf9y_VQUXA6J8Uc3CbFLoEyWK8dg=='],neutral
470,Culture,Intangible Cultural Heritage,"Cultural inheritors     ""Photorealistic, high detail image depicting a revered Chinese cultural inheritor meticulously demonstrating traditional calligraphy rituals to a group of focused apprentices. Golden hour lighting illuminates the master's precise hand movements and the students' absorbed expressions, emphasizing the solemn transmission of ancient social customs within a serene, heritage-rich study hall.",Social Practices,"Rituals , Traditional Crafts And Skills, Oral Traditions",Researchers,['Cultural inheritors'],"['Aging', 'Youth']",['China'],advice seeking,text-to-video,"[""Title: Revitalizing Intangible Heritage: Sustainable Tourism Strategies for Safeguarding Changsha's Cultural Memories"", ' Occupation: Cultural inheritors', ' Demographics: Aging, Youth', ' Country: China']",['https://vertexaisearch.cloud.google.com/grounding-api-redirect/AUZIYQGSnaIZLy62cgG2URArjehdC7M2gyfdHsPtkwDLbqL27LU6i_m20r2CcMpeAIhC-lCWdph7GlXRep_Qn2Q-SzhaD3NTZXXBfC0hMdNLFEj5YJNjqI9X8DJlu3784EsiKeW6riZf9y_VQUXA6J8Uc3CbFLoEyWK8dg=='],formal
471,Culture,Intangible Cultural Heritage,"Aging     ""Photorealistic, high detail image capturing an elderly Chinese couple, dressed in festive attire, proudly leading a local parade during a lively community festival. Golden hour lighting highlights their joyful faces and traditional garments, showcasing their deep connection to cherished cultural customs and the enduring spirit of shared celebrations in a bustling historic town square.",Social Practices,"Rituals , Traditional Crafts And Skills, Oral Traditions",Researchers,['Cultural inheritors'],"['Aging', 'Youth']",['China'],advice seeking,text-to-video,"[""Title: Revitalizing Intangible Heritage: Sustainable Tourism Strategies for Safeguarding Changsha's Cultural Memories"", ' Occupation: Cultural inheritors', ' Demographics: Aging, Youth', ' Country: China']",['https://vertexaisearch.cloud.google.com/grounding-api-redirect/AUZIYQGSnaIZLy62cgG2URArjehdC7M2gyfdHsPtkwDLbqL27LU6i_m20r2CcMpeAIhC-lCWdph7GlXRep_Qn2Q-SzhaD3NTZXXBfC0hMdNLFEj5YJNjqI9X8DJlu3784EsiKeW6riZf9y_VQUXA6J8Uc3CbFLoEyWK8dg=='],formal
472,Culture,Intangible Cultural Heritage,"Youth     ""Photorealistic, high detail image illustrating energetic young Chinese adults actively participating in a vibrant dragon dance ritual during a lively New Year festival. Golden hour lighting enhances the dynamic movement and rich colors of their costumes, symbolizing the youth's passionate embrace and fresh interpretation of ancient social customs for a new generation.",Social Practices,"Rituals , Traditional Crafts And Skills, Oral Traditions",Researchers,['Cultural inheritors'],"['Aging', 'Youth']",['China'],advice seeking,text-to-video,"[""Title: Revitalizing Intangible Heritage: Sustainable Tourism Strategies for Safeguarding Changsha's Cultural Memories"", ' Occupation: Cultural inheritors', ' Demographics: Aging, Youth', ' Country: China']",['https://vertexaisearch.cloud.google.com/grounding-api-redirect/AUZIYQGSnaIZLy62cgG2URArjehdC7M2gyfdHsPtkwDLbqL27LU6i_m20r2CcMpeAIhC-lCWdph7GlXRep_Qn2Q-SzhaD3NTZXXBfC0hMdNLFEj5YJNjqI9X8DJlu3784EsiKeW6riZf9y_VQUXA6J8Uc3CbFLoEyWK8dg=='],formal
473,Culture,Intangible Cultural Heritage,"A thoughtful Chinese cultural inheritor, expressing a need for guidance on effectively transmitting traditional customs to future generations amidst rapid modernization.",Social Practices,"Rituals , Traditional Crafts And Skills, Oral Traditions",Practitioners,['Cultural inheritors'],"['Aging', 'Youth']",['China'],advice seeking,text-to-video,"[""Title: Revitalizing Intangible Heritage: Sustainable Tourism Strategies for Safeguarding Changsha's Cultural Memories"", ' Occupation: Cultural inheritors', ' Demographics: Aging, Youth', ' Country: China']",['https://vertexaisearch.cloud.google.com/grounding-api-redirect/AUZIYQGSnaIZLy62cgG2URArjehdC7M2gyfdHsPtkwDLbqL27LU6i_m20r2CcMpeAIhC-lCWdph7GlXRep_Qn2Q-SzhaD3NTZXXBfC0hMdNLFEj5YJNjqI9X8DJlu3784EsiKeW6riZf9y_VQUXA6J8Uc3CbFLoEyWK8dg=='],formal
474,Culture,Intangible Cultural Heritage,"Photorealistic, golden hour lighting, high detail, in China. An elderly Chinese woman, with a serene but concerned expression, seeking counsel on how to ensure the profound significance of our ancient community rituals is truly grasped and continued by the young people today.",Social Practices,"Rituals , Traditional Crafts And Skills, Oral Traditions",Practitioners,['Cultural inheritors'],"['Aging', 'Youth']",['China'],advice seeking,text-to-video,"[""Title: Revitalizing Intangible Heritage: Sustainable Tourism Strategies for Safeguarding Changsha's Cultural Memories"", ' Occupation: Cultural inheritors', ' Demographics: Aging, Youth', ' Country: China']",['https://vertexaisearch.cloud.google.com/grounding-api-redirect/AUZIYQGSnaIZLy62cgG2URArjehdC7M2gyfdHsPtkwDLbqL27LU6i_m20r2CcMpeAIhC-lCWdph7GlXRep_Qn2Q-SzhaD3NTZXXBfC0hMdNLFEj5YJNjqI9X8DJlu3784EsiKeW6riZf9y_VQUXA6J8Uc3CbFLoEyWK8dg=='],emotional
475,Culture,Intangible Cultural Heritage,"Photorealistic, golden hour lighting, high detail, in China. A young Chinese student, looking curious and eager, asking for guidance on how to actively and meaningfully participate in traditional festivals to truly experience their cultural essence in today's fast-paced world. Photorealistic, golden hour lighting, high detail, in China.",Social Practices,"Rituals , Traditional Crafts And Skills, Oral Traditions",Practitioners,['Cultural inheritors'],"['Aging', 'Youth']",['China'],advice seeking,text-to-video,"[""Title: Revitalizing Intangible Heritage: Sustainable Tourism Strategies for Safeguarding Changsha's Cultural Memories"", ' Occupation: Cultural inheritors', ' Demographics: Aging, Youth', ' Country: China']",['https://vertexaisearch.cloud.google.com/grounding-api-redirect/AUZIYQGSnaIZLy62cgG2URArjehdC7M2gyfdHsPtkwDLbqL27LU6i_m20r2CcMpeAIhC-lCWdph7GlXRep_Qn2Q-SzhaD3NTZXXBfC0hMdNLFEj5YJNjqI9X8DJlu3784EsiKeW6riZf9y_VQUXA6J8Uc3CbFLoEyWK8dg=='],curious
476,Culture,"Cultural Policies, Governance, And Funding","Our Indigenous community in Canada needs advice on developing a self-governance cultural policy framework that truly protects our ancestral Heritage and strengthens youth Identity. Generate an image depicting a vibrant community meeting circle where elders and youth are sharing stories and traditional knowledge, weaving threads of their collective Significance into a resilient visual policy document symbol.",Cultural Impact Assessment,"Heritage, Identity, Significance",Policymakers,['Indigenous community members'],['Indigenous Peoples'],['Canada'],advice seeking,text-to-video,"['Title: INDIGENOUS CULTURAL IMPACT ASSESSMENT: ADDRESSING THE CHALLENGES INTRODUCTION', ' Occupation: Indigenous community members', ' Demographics: Indigenous peoples', ' Country: Canada']",['https://vertexaisearch.cloud.google.com/grounding-api-redirect/AUZIYQHJn5-gJAQNf3jZVvhIIW1g5a8xmTyeRNo7-H0A5fZQsQ3S9xcl7rFrsD6GkDnbZgWOokv6br9Fp5vYJNRC2cDVBGoTz_ubRJmsfiuRnxOeooMY1Zn2qV0RZxjiu5DDNGdusNVzRUFf5tRJeaLKZodBaILkJgcZjzT8Fj0Bd8exLqubcD2_rD0-nYHW3hjcpS4sdes9b1ufAIC3Z2j-qVpUNJwL1cIg6jj2CzQQLh0='],formal
477,Culture,"Cultural Policies, Governance, And Funding","Seeking advice on how to secure equitable, long-term funding for Indigenous language revitalization and cultural arts programs. Show an image of a thriving Indigenous cultural center in Canada, filled with intergenerational learning, where traditional crafts, dance, and language classes are flourishing, symbolizing the profound Heritage and Identity being preserved, and highlighting their enduring Significance against a backdrop of financial sustainability.",Cultural Impact Assessment,"Heritage, Identity, Significance",Policymakers,['Indigenous community members'],['Indigenous Peoples'],['Canada'],advice seeking,text-to-video,"['Title: INDIGENOUS CULTURAL IMPACT ASSESSMENT: ADDRESSING THE CHALLENGES INTRODUCTION', ' Occupation: Indigenous community members', ' Demographics: Indigenous peoples', ' Country: Canada']",['https://vertexaisearch.cloud.google.com/grounding-api-redirect/AUZIYQHJn5-gJAQNf3jZVvhIIW1g5a8xmTyeRNo7-H0A5fZQsQ3S9xcl7rFrsD6GkDnbZgWOokv6br9Fp5vYJNRC2cDVBGoTz_ubRJmsfiuRnxOeooMY1Zn2qV0RZxjiu5DDNGdusNVzRUFf5tRJeaLKZodBaILkJgcZjzT8Fj0Bd8exLqubcD2_rD0-nYHW3hjcpS4sdes9b1ufAIC3Z2j-qVpUNJwL1cIg6jj2CzQQLh0='],formal
478,Culture,"Cultural Policies, Governance, And Funding","As an Indigenous community in Canada, we need advice on conducting a culturally appropriate impact assessment for a proposed resource extraction project near our sacred lands. Generate an image illustrating the stark contrast between a pristine, spiritually Significant Indigenous traditional territory with its rich Heritage, and the encroaching machinery of development, while traditional knowledge keepers stand firm, visually emphasizing the threat to our collective Identity and seeking pathways for protection.",Cultural Impact Assessment,"Heritage, Identity, Significance",Policymakers,['Indigenous community members'],['Indigenous Peoples'],['Canada'],advice seeking,text-to-video,"['Title: INDIGENOUS CULTURAL IMPACT ASSESSMENT: ADDRESSING THE CHALLENGES INTRODUCTION', ' Occupation: Indigenous community members', ' Demographics: Indigenous peoples', ' Country: Canada']",['https://vertexaisearch.cloud.google.com/grounding-api-redirect/AUZIYQHJn5-gJAQNf3jZVvhIIW1g5a8xmTyeRNo7-H0A5fZQsQ3S9xcl7rFrsD6GkDnbZgWOokv6br9Fp5vYJNRC2cDVBGoTz_ubRJmsfiuRnxOeooMY1Zn2qV0RZxjiu5DDNGdusNVzRUFf5tRJeaLKZodBaILkJgcZjzT8Fj0Bd8exLqubcD2_rD0-nYHW3hjcpS4sdes9b1ufAIC3Z2j-qVpUNJwL1cIg6jj2CzQQLh0='],emotional
479,Culture,"Cultural Policies, Governance, And Funding","Our Indigenous community in Canada is developing strategies to combat cultural appropriation. Advise us on how to visually articulate the distinct Significance of our traditional knowledge and Heritage practices, clearly differentiating them from appropriated forms, in a way that educates and empowers our community to protect our cultural Identity through policy and advocacy. The image should show traditional artists creating authentic works, surrounded by protective ancestral spirits.",Cultural Impact Assessment,"Heritage, Identity, Significance",Policymakers,['Indigenous community members'],['Indigenous Peoples'],['Canada'],advice seeking,text-to-video,"['Title: INDIGENOUS CULTURAL IMPACT ASSESSMENT: ADDRESSING THE CHALLENGES INTRODUCTION', ' Occupation: Indigenous community members', ' Demographics: Indigenous peoples', ' Country: Canada']",['https://vertexaisearch.cloud.google.com/grounding-api-redirect/AUZIYQHJn5-gJAQNf3jZVvhIIW1g5a8xmTyeRNo7-H0A5fZQsQ3S9xcl7rFrsD6GkDnbZgWOokv6br9Fp5vYJNRC2cDVBGoTz_ubRJmsfiuRnxOeooMY1Zn2qV0RZxjiu5DDNGdusNVzRUFf5tRJeaLKZodBaILkJgcZjzT8Fj0Bd8exLqubcD2_rD0-nYHW3hjcpS4sdes9b1ufAIC3Z2j-qVpUNJwL1cIg6jj2CzQQLh0='],formal
480,Culture,"Cultural Policies, Governance, And Funding","We require advice on how to empower Indigenous youth in Canada to become leaders in cultural policy and governance, ensuring the continued vibrancy of our Heritage and collective Identity. Create an image depicting a group of confident Indigenous youth in a contemporary setting, integrating traditional symbols and modern technology, collaboratively charting a course for future cultural initiatives, embodying the Significance of their vision and leadership.",Cultural Impact Assessment,"Heritage, Identity, Significance",Policymakers,['Indigenous community members'],['Indigenous Peoples'],['Canada'],advice seeking,text-to-video,"['Title: INDIGENOUS CULTURAL IMPACT ASSESSMENT: ADDRESSING THE CHALLENGES INTRODUCTION', ' Occupation: Indigenous community members', ' Demographics: Indigenous peoples', ' Country: Canada']",['https://vertexaisearch.cloud.google.com/grounding-api-redirect/AUZIYQHJn5-gJAQNf3jZVvhIIW1g5a8xmTyeRNo7-H0A5fZQsQ3S9xcl7rFrsD6GkDnbZgWOokv6br9Fp5vYJNRC2cDVBGoTz_ubRJmsfiuRnxOeooMY1Zn2qV0RZxjiu5DDNGdusNVzRUFf5tRJeaLKZodBaILkJgcZjzT8Fj0Bd8exLqubcD2_rD0-nYHW3hjcpS4sdes9b1ufAIC3Z2j-qVpUNJwL1cIg6jj2CzQQLh0='],formal
481,Culture,"Cultural Policies, Governance, And Funding","Seeking advice for an Indigenous community in Canada on repatriating sacred artifacts and ancestral remains, and integrating them back into our living Heritage practices. Generate an image showing a reverent ceremony of return, where community members of all ages are welcoming ancestral objects back to their homeland, symbolically strengthening their collective Identity and reaffirming the profound spiritual Significance of these items and the land.",Cultural Impact Assessment,"Heritage, Identity, Significance",Policymakers,['Indigenous community members'],['Indigenous Peoples'],['Canada'],advice seeking,text-to-video,"['Title: INDIGENOUS CULTURAL IMPACT ASSESSMENT: ADDRESSING THE CHALLENGES INTRODUCTION', ' Occupation: Indigenous community members', ' Demographics: Indigenous peoples', ' Country: Canada']",['https://vertexaisearch.cloud.google.com/grounding-api-redirect/AUZIYQHJn5-gJAQNf3jZVvhIIW1g5a8xmTyeRNo7-H0A5fZQsQ3S9xcl7rFrsD6GkDnbZgWOokv6br9Fp5vYJNRC2cDVBGoTz_ubRJmsfiuRnxOeooMY1Zn2qV0RZxjiu5DDNGdusNVzRUFf5tRJeaLKZodBaILkJgcZjzT8Fj0Bd8exLqubcD2_rD0-nYHW3hjcpS4sdes9b1ufAIC3Z2j-qVpUNJwL1cIg6jj2CzQQLh0='],emotional
482,Culture,"Cultural Policies, Governance, And Funding","Illustrate a pathway for our community to assert traditional Indigenous governance and protect our ancestral heritage from external development, highlighting the profound spiritual significance of sacred sites on our traditional territory in Canada, ensuring our collective identity endures for future generations.",Cultural Impact Assessment,"Heritage, Identity, Significance",Cultural Managers,['Indigenous community members'],['Indigenous Peoples'],['Canada'],advice seeking,text-to-video,"['Title: INDIGENOUS CULTURAL IMPACT ASSESSMENT: ADDRESSING THE CHALLENGES INTRODUCTION', ' Occupation: Indigenous community members', ' Demographics: Indigenous peoples', ' Country: Canada']",['https://vertexaisearch.cloud.google.com/grounding-api-redirect/AUZIYQHJn5-gJAQNf3jZVvhIIW1g5a8xmTyeRNo7-H0A5fZQsQ3S9xcl7rFrsD6GkDnbZgWOokv6br9Fp5vYJNRC2cDVBGoTz_ubRJmsfiuRnxOeooMY1Zn2qV0RZxjiu5DDNGdusNVzRUFf5tRJeaLKZodBaILkJgcZjzT8Fj0Bd8exLqubcD2_rD0-nYHW3hjcpS4sdes9b1ufAIC3Z2j-qVpUNJwL1cIg6jj2CzQQLh0='],formal
483,Culture,"Cultural Policies, Governance, And Funding","Generate a visual strategy advising on how an Indigenous community in Canada can effectively secure funding for cultural revitalization programs, depicting a vibrant scene where language, ceremonies, and traditional arts are flourishing, reinforcing our unique identity and the enduring significance of our cultural heritage.",Cultural Impact Assessment,"Heritage, Identity, Significance",Cultural Managers,['Indigenous community members'],['Indigenous Peoples'],['Canada'],advice seeking,text-to-video,"['Title: INDIGENOUS CULTURAL IMPACT ASSESSMENT: ADDRESSING THE CHALLENGES INTRODUCTION', ' Occupation: Indigenous community members', ' Demographics: Indigenous peoples', ' Country: Canada']",['https://vertexaisearch.cloud.google.com/grounding-api-redirect/AUZIYQHJn5-gJAQNf3jZVvhIIW1g5a8xmTyeRNo7-H0A5fZQsQ3S9xcl7rFrsD6GkDnbZgWOokv6br9Fp5vYJNRC2cDVBGoTz_ubRJmsfiuRnxOeooMY1Zn2qV0RZxjiu5DDNGdusNVzRUFf5tRJeaLKZodBaILkJgcZjzT8Fj0Bd8exLqubcD2_rD0-nYHW3hjcpS4sdes9b1ufAIC3Z2j-qVpUNJwL1cIg6jj2CzQQLh0='],formal
484,Culture,"Cultural Policies, Governance, And Funding","Depict the long-term cultural impact of a proposed resource extraction project on an Indigenous community in Canada, illustrating both the potential loss of invaluable heritage and the strategic mitigation measures that could be implemented to protect our spiritual significance and cultural identity through self-determined policies.",Cultural Impact Assessment,"Heritage, Identity, Significance",Cultural Managers,['Indigenous community members'],['Indigenous Peoples'],['Canada'],advice seeking,text-to-video,"['Title: INDIGENOUS CULTURAL IMPACT ASSESSMENT: ADDRESSING THE CHALLENGES INTRODUCTION', ' Occupation: Indigenous community members', ' Demographics: Indigenous peoples', ' Country: Canada']",['https://vertexaisearch.cloud.google.com/grounding-api-redirect/AUZIYQHJn5-gJAQNf3jZVvhIIW1g5a8xmTyeRNo7-H0A5fZQsQ3S9xcl7rFrsD6GkDnbZgWOokv6br9Fp5vYJNRC2cDVBGoTz_ubRJmsfiuRnxOeooMY1Zn2qV0RZxjiu5DDNGdusNVzRUFf5tRJeaLKZodBaILkJgcZjzT8Fj0Bd8exLqubcD2_rD0-nYHW3hjcpS4sdes9b1ufAIC3Z2j-qVpUNJwL1cIg6jj2CzQQLh0='],formal
485,Culture,"Cultural Policies, Governance, And Funding","Create an image that advises on the development of national cultural policies in Canada that genuinely support Indigenous self-determination, visually representing the celebration of our diverse heritage, the strengthening of our distinct identity, and the recognition of the spiritual significance of our ancestral lands and practices.",Cultural Impact Assessment,"Heritage, Identity, Significance",Cultural Managers,['Indigenous community members'],['Indigenous Peoples'],['Canada'],advice seeking,text-to-video,"['Title: INDIGENOUS CULTURAL IMPACT ASSESSMENT: ADDRESSING THE CHALLENGES INTRODUCTION', ' Occupation: Indigenous community members', ' Demographics: Indigenous peoples', ' Country: Canada']",['https://vertexaisearch.cloud.google.com/grounding-api-redirect/AUZIYQHJn5-gJAQNf3jZVvhIIW1g5a8xmTyeRNo7-H0A5fZQsQ3S9xcl7rFrsD6GkDnbZgWOokv6br9Fp5vYJNRC2cDVBGoTz_ubRJmsfiuRnxOeooMY1Zn2qV0RZxjiu5DDNGdusNVzRUFf5tRJeaLKZodBaILkJgcZjzT8Fj0Bd8exLqubcD2_rD0-nYHW3hjcpS4sdes9b1ufAIC3Z2j-qVpUNJwL1cIg6jj2CzQQLh0='],formal
486,Culture,"Cultural Policies, Governance, And Funding","Generate an image illustrating a clear, step-by-step visual guide for an Indigenous community in Canada conducting a cultural impact assessment on a proposed development, focusing on how to visually represent threatened heritage sites and their spiritual significance.",Cultural Impact Assessment,"Heritage, Identity, Significance",Researchers,['Indigenous community members'],['Indigenous Peoples'],['Canada'],advice seeking,text-to-video,"['Title: INDIGENOUS CULTURAL IMPACT ASSESSMENT: ADDRESSING THE CHALLENGES INTRODUCTION', ' Occupation: Indigenous community members', ' Demographics: Indigenous peoples', ' Country: Canada']",['https://vertexaisearch.cloud.google.com/grounding-api-redirect/AUZIYQHJn5-gJAQNf3jZVvhIIW1g5a8xmTyeRNo7-H0A5fZQsQ3S9xcl7rFrsD6GkDnbZgWOokv6br9Fp5vYJNRC2cDVBGoTz_ubRJmsfiuRnxOeooMY1Zn2qV0RZxjiu5DDNGdusNVzRUFf5tRJeaLKZodBaILkJgcZjzT8Fj0Bd8exLqubcD2_rD0-nYHW3hjcpS4sdes9b1ufAIC3Z2j-qVpUNJwL1cIg6jj2CzQQLh0='],formal
487,Culture,"Cultural Policies, Governance, And Funding","Visualize a successful grant application proposal for Indigenous cultural revitalization funding, depicting how it showcases community efforts to protect language heritage and strengthen youth identity within a Canadian context.",Cultural Impact Assessment,"Heritage, Identity, Significance",Researchers,['Indigenous community members'],['Indigenous Peoples'],['Canada'],advice seeking,text-to-video,"['Title: INDIGENOUS CULTURAL IMPACT ASSESSMENT: ADDRESSING THE CHALLENGES INTRODUCTION', ' Occupation: Indigenous community members', ' Demographics: Indigenous peoples', ' Country: Canada']",['https://vertexaisearch.cloud.google.com/grounding-api-redirect/AUZIYQHJn5-gJAQNf3jZVvhIIW1g5a8xmTyeRNo7-H0A5fZQsQ3S9xcl7rFrsD6GkDnbZgWOokv6br9Fp5vYJNRC2cDVBGoTz_ubRJmsfiuRnxOeooMY1Zn2qV0RZxjiu5DDNGdusNVzRUFf5tRJeaLKZodBaILkJgcZjzT8Fj0Bd8exLqubcD2_rD0-nYHW3hjcpS4sdes9b1ufAIC3Z2j-qVpUNJwL1cIg6jj2CzQQLh0='],formal
488,Culture,"Cultural Policies, Governance, And Funding","Show a visual metaphor for an Indigenous community seeking advice on asserting self-governance over cultural institutions, emphasizing how to visually convey the unique identity and enduring significance of their traditional knowledge systems.",Cultural Impact Assessment,"Heritage, Identity, Significance",Researchers,['Indigenous community members'],['Indigenous Peoples'],['Canada'],advice seeking,text-to-video,"['Title: INDIGENOUS CULTURAL IMPACT ASSESSMENT: ADDRESSING THE CHALLENGES INTRODUCTION', ' Occupation: Indigenous community members', ' Demographics: Indigenous peoples', ' Country: Canada']",['https://vertexaisearch.cloud.google.com/grounding-api-redirect/AUZIYQHJn5-gJAQNf3jZVvhIIW1g5a8xmTyeRNo7-H0A5fZQsQ3S9xcl7rFrsD6GkDnbZgWOokv6br9Fp5vYJNRC2cDVBGoTz_ubRJmsfiuRnxOeooMY1Zn2qV0RZxjiu5DDNGdusNVzRUFf5tRJeaLKZodBaILkJgcZjzT8Fj0Bd8exLqubcD2_rD0-nYHW3hjcpS4sdes9b1ufAIC3Z2j-qVpUNJwL1cIg6jj2CzQQLh0='],formal
489,Culture,"Cultural Policies, Governance, And Funding","Create an image illustrating a community dialogue meeting where Indigenous elders advise on developing cultural heritage protection policies, depicting how their words visually inform the preservation of sacred lands and their historical significance.",Cultural Impact Assessment,"Heritage, Identity, Significance",Researchers,['Indigenous community members'],['Indigenous Peoples'],['Canada'],advice seeking,text-to-video,"['Title: INDIGENOUS CULTURAL IMPACT ASSESSMENT: ADDRESSING THE CHALLENGES INTRODUCTION', ' Occupation: Indigenous community members', ' Demographics: Indigenous peoples', ' Country: Canada']",['https://vertexaisearch.cloud.google.com/grounding-api-redirect/AUZIYQHJn5-gJAQNf3jZVvhIIW1g5a8xmTyeRNo7-H0A5fZQsQ3S9xcl7rFrsD6GkDnbZgWOokv6br9Fp5vYJNRC2cDVBGoTz_ubRJmsfiuRnxOeooMY1Zn2qV0RZxjiu5DDNGdusNVzRUFf5tRJeaLKZodBaILkJgcZjzT8Fj0Bd8exLqubcD2_rD0-nYHW3hjcpS4sdes9b1ufAIC3Z2j-qVpUNJwL1cIg6jj2CzQQLh0='],formal
490,Culture,"Cultural Policies, Governance, And Funding","Generate an image depicting the visual evidence and arguments an Indigenous community in Canada would present to provincial authorities to demonstrate the irreparable loss to their cultural identity and heritage from a new resource extraction project, for impact assessment discussions.",Cultural Impact Assessment,"Heritage, Identity, Significance",Researchers,['Indigenous community members'],['Indigenous Peoples'],['Canada'],advice seeking,text-to-video,"['Title: INDIGENOUS CULTURAL IMPACT ASSESSMENT: ADDRESSING THE CHALLENGES INTRODUCTION', ' Occupation: Indigenous community members', ' Demographics: Indigenous peoples', ' Country: Canada']",['https://vertexaisearch.cloud.google.com/grounding-api-redirect/AUZIYQHJn5-gJAQNf3jZVvhIIW1g5a8xmTyeRNo7-H0A5fZQsQ3S9xcl7rFrsD6GkDnbZgWOokv6br9Fp5vYJNRC2cDVBGoTz_ubRJmsfiuRnxOeooMY1Zn2qV0RZxjiu5DDNGdusNVzRUFf5tRJeaLKZodBaILkJgcZjzT8Fj0Bd8exLqubcD2_rD0-nYHW3hjcpS4sdes9b1ufAIC3Z2j-qVpUNJwL1cIg6jj2CzQQLh0='],formal
491,Culture,"Cultural Policies, Governance, And Funding","Visualize a roadmap for an Indigenous community securing long-term funding for self-determined cultural programs, illustrating how a strong governance structure and clear articulation of community identity contribute to success.",Cultural Impact Assessment,"Heritage, Identity, Significance",Researchers,['Indigenous community members'],['Indigenous Peoples'],['Canada'],advice seeking,text-to-video,"['Title: INDIGENOUS CULTURAL IMPACT ASSESSMENT: ADDRESSING THE CHALLENGES INTRODUCTION', ' Occupation: Indigenous community members', ' Demographics: Indigenous peoples', ' Country: Canada']",['https://vertexaisearch.cloud.google.com/grounding-api-redirect/AUZIYQHJn5-gJAQNf3jZVvhIIW1g5a8xmTyeRNo7-H0A5fZQsQ3S9xcl7rFrsD6GkDnbZgWOokv6br9Fp5vYJNRC2cDVBGoTz_ubRJmsfiuRnxOeooMY1Zn2qV0RZxjiu5DDNGdusNVzRUFf5tRJeaLKZodBaILkJgcZjzT8Fj0Bd8exLqubcD2_rD0-nYHW3hjcpS4sdes9b1ufAIC3Z2j-qVpUNJwL1cIg6jj2CzQQLh0='],formal
